county,precinct,office,district,party,candidate,votes
Barbour,PRECINCT 1,BALLOTS CAST,,REP,BALLOTS CAST - REPUBLICAN PARTY,72
Barbour,PRECINCT 2,BALLOTS CAST,,REP,BALLOTS CAST - REPUBLICAN PARTY,193
Barbour,PRECINCT 3,BALLOTS CAST,,REP,BALLOTS CAST - REPUBLICAN PARTY,169
Barbour,PRECINCT 4,BALLOTS CAST,,REP,BALLOTS CAST - REPUBLICAN PARTY,209
Barbour,PRECINCT 5,BALLOTS CAST,,REP,BALLOTS CAST - REPUBLICAN PARTY,156
Barbour,PRECINCT 6,BALLOTS CAST,,REP,BALLOTS CAST - REPUBLICAN PARTY,40
Barbour,PRECINCT 7,BALLOTS CAST,,REP,BALLOTS CAST - REPUBLICAN PARTY,99
Barbour,PRECINCT 8,BALLOTS CAST,,REP,BALLOTS CAST - REPUBLICAN PARTY,174
Barbour,PRECINCT 9,BALLOTS CAST,,REP,BALLOTS CAST - REPUBLICAN PARTY,62
Barbour,PRECINCT 10,BALLOTS CAST,,REP,BALLOTS CAST - REPUBLICAN PARTY,103
Barbour,PRECINCT 11,BALLOTS CAST,,REP,BALLOTS CAST - REPUBLICAN PARTY,51
Barbour,PRECINCT 12,BALLOTS CAST,,REP,BALLOTS CAST - REPUBLICAN PARTY,127
Barbour,PRECINCT 13,BALLOTS CAST,,REP,BALLOTS CAST - REPUBLICAN PARTY,149
Barbour,PRECINCT 14,BALLOTS CAST,,REP,BALLOTS CAST - REPUBLICAN PARTY,38
Barbour,PRECINCT 15,BALLOTS CAST,,REP,BALLOTS CAST - REPUBLICAN PARTY,25
Barbour,PRECINCT 16,BALLOTS CAST,,REP,BALLOTS CAST - REPUBLICAN PARTY,34
Barbour,PRECINCT 1,BALLOTS CAST,,DEM,BALLOTS CAST - DEMOCRATIC PARTY,32
Barbour,PRECINCT 2,BALLOTS CAST,,DEM,BALLOTS CAST - DEMOCRATIC PARTY,117
Barbour,PRECINCT 3,BALLOTS CAST,,DEM,BALLOTS CAST - DEMOCRATIC PARTY,144
Barbour,PRECINCT 4,BALLOTS CAST,,DEM,BALLOTS CAST - DEMOCRATIC PARTY,112
Barbour,PRECINCT 5,BALLOTS CAST,,DEM,BALLOTS CAST - DEMOCRATIC PARTY,128
Barbour,PRECINCT 6,BALLOTS CAST,,DEM,BALLOTS CAST - DEMOCRATIC PARTY,75
Barbour,PRECINCT 7,BALLOTS CAST,,DEM,BALLOTS CAST - DEMOCRATIC PARTY,113
Barbour,PRECINCT 8,BALLOTS CAST,,DEM,BALLOTS CAST - DEMOCRATIC PARTY,122
Barbour,PRECINCT 9,BALLOTS CAST,,DEM,BALLOTS CAST - DEMOCRATIC PARTY,41
Barbour,PRECINCT 10,BALLOTS CAST,,DEM,BALLOTS CAST - DEMOCRATIC PARTY,42
Barbour,PRECINCT 11,BALLOTS CAST,,DEM,BALLOTS CAST - DEMOCRATIC PARTY,67
Barbour,PRECINCT 12,BALLOTS CAST,,DEM,BALLOTS CAST - DEMOCRATIC PARTY,92
Barbour,PRECINCT 13,BALLOTS CAST,,DEM,BALLOTS CAST - DEMOCRATIC PARTY,133
Barbour,PRECINCT 14,BALLOTS CAST,,DEM,BALLOTS CAST - DEMOCRATIC PARTY,34
Barbour,PRECINCT 15,BALLOTS CAST,,DEM,BALLOTS CAST - DEMOCRATIC PARTY,24
Barbour,PRECINCT 16,BALLOTS CAST,,DEM,BALLOTS CAST - DEMOCRATIC PARTY,26
Barbour,PRECINCT 1,BALLOTS CAST,,,BALLOTS CAST - NONPARTISAN,1
Barbour,PRECINCT 2,BALLOTS CAST,,,BALLOTS CAST - NONPARTISAN,2
Barbour,PRECINCT 3,BALLOTS CAST,,,BALLOTS CAST - NONPARTISAN,0
Barbour,PRECINCT 4,BALLOTS CAST,,,BALLOTS CAST - NONPARTISAN,1
Barbour,PRECINCT 5,BALLOTS CAST,,,BALLOTS CAST - NONPARTISAN,1
Barbour,PRECINCT 6,BALLOTS CAST,,,BALLOTS CAST - NONPARTISAN,2
Barbour,PRECINCT 7,BALLOTS CAST,,,BALLOTS CAST - NONPARTISAN,2
Barbour,PRECINCT 8,BALLOTS CAST,,,BALLOTS CAST - NONPARTISAN,1
Barbour,PRECINCT 9,BALLOTS CAST,,,BALLOTS CAST - NONPARTISAN,0
Barbour,PRECINCT 10,BALLOTS CAST,,,BALLOTS CAST - NONPARTISAN,0
Barbour,PRECINCT 11,BALLOTS CAST,,,BALLOTS CAST - NONPARTISAN,3
Barbour,PRECINCT 12,BALLOTS CAST,,,BALLOTS CAST - NONPARTISAN,0
Barbour,PRECINCT 13,BALLOTS CAST,,,BALLOTS CAST - NONPARTISAN,1
Barbour,PRECINCT 14,BALLOTS CAST,,,BALLOTS CAST - NONPARTISAN,0
Barbour,PRECINCT 15,BALLOTS CAST,,,BALLOTS CAST - NONPARTISAN,2
Barbour,PRECINCT 16,BALLOTS CAST,,,BALLOTS CAST - NONPARTISAN,0
Barbour,PRECINCT 1,BALLOTS CAST,,,BALLOTS CAST - BLANK,1
Barbour,PRECINCT 2,BALLOTS CAST,,,BALLOTS CAST - BLANK,0
Barbour,PRECINCT 3,BALLOTS CAST,,,BALLOTS CAST - BLANK,1
Barbour,PRECINCT 4,BALLOTS CAST,,,BALLOTS CAST - BLANK,1
Barbour,PRECINCT 5,BALLOTS CAST,,,BALLOTS CAST - BLANK,0
Barbour,PRECINCT 6,BALLOTS CAST,,,BALLOTS CAST - BLANK,0
Barbour,PRECINCT 7,BALLOTS CAST,,,BALLOTS CAST - BLANK,0
Barbour,PRECINCT 8,BALLOTS CAST,,,BALLOTS CAST - BLANK,0
Barbour,PRECINCT 9,BALLOTS CAST,,,BALLOTS CAST - BLANK,0
Barbour,PRECINCT 10,BALLOTS CAST,,,BALLOTS CAST - BLANK,0
Barbour,PRECINCT 11,BALLOTS CAST,,,BALLOTS CAST - BLANK,0
Barbour,PRECINCT 12,BALLOTS CAST,,,BALLOTS CAST - BLANK,1
Barbour,PRECINCT 13,BALLOTS CAST,,,BALLOTS CAST - BLANK,0
Barbour,PRECINCT 14,BALLOTS CAST,,,BALLOTS CAST - BLANK,0
Barbour,PRECINCT 15,BALLOTS CAST,,,BALLOTS CAST - BLANK,0
Barbour,PRECINCT 16,BALLOTS CAST,,,BALLOTS CAST - BLANK,0
Barbour,PRECINCT 1,U.S. SENATOR,,REP,DON BLANKENSHIP,13
Barbour,PRECINCT 2,U.S. SENATOR,,REP,DON BLANKENSHIP,47
Barbour,PRECINCT 3,U.S. SENATOR,,REP,DON BLANKENSHIP,35
Barbour,PRECINCT 4,U.S. SENATOR,,REP,DON BLANKENSHIP,38
Barbour,PRECINCT 5,U.S. SENATOR,,REP,DON BLANKENSHIP,33
Barbour,PRECINCT 6,U.S. SENATOR,,REP,DON BLANKENSHIP,10
Barbour,PRECINCT 7,U.S. SENATOR,,REP,DON BLANKENSHIP,17
Barbour,PRECINCT 8,U.S. SENATOR,,REP,DON BLANKENSHIP,32
Barbour,PRECINCT 9,U.S. SENATOR,,REP,DON BLANKENSHIP,19
Barbour,PRECINCT 10,U.S. SENATOR,,REP,DON BLANKENSHIP,22
Barbour,PRECINCT 11,U.S. SENATOR,,REP,DON BLANKENSHIP,16
Barbour,PRECINCT 12,U.S. SENATOR,,REP,DON BLANKENSHIP,33
Barbour,PRECINCT 13,U.S. SENATOR,,REP,DON BLANKENSHIP,38
Barbour,PRECINCT 14,U.S. SENATOR,,REP,DON BLANKENSHIP,4
Barbour,PRECINCT 15,U.S. SENATOR,,REP,DON BLANKENSHIP,7
Barbour,PRECINCT 16,U.S. SENATOR,,REP,DON BLANKENSHIP,8
Barbour,PRECINCT 1,U.S. SENATOR,,REP,PATRICK MORRISEY,27
Barbour,PRECINCT 2,U.S. SENATOR,,REP,PATRICK MORRISEY,66
Barbour,PRECINCT 3,U.S. SENATOR,,REP,PATRICK MORRISEY,58
Barbour,PRECINCT 4,U.S. SENATOR,,REP,PATRICK MORRISEY,88
Barbour,PRECINCT 5,U.S. SENATOR,,REP,PATRICK MORRISEY,55
Barbour,PRECINCT 6,U.S. SENATOR,,REP,PATRICK MORRISEY,17
Barbour,PRECINCT 7,U.S. SENATOR,,REP,PATRICK MORRISEY,36
Barbour,PRECINCT 8,U.S. SENATOR,,REP,PATRICK MORRISEY,67
Barbour,PRECINCT 9,U.S. SENATOR,,REP,PATRICK MORRISEY,20
Barbour,PRECINCT 10,U.S. SENATOR,,REP,PATRICK MORRISEY,39
Barbour,PRECINCT 11,U.S. SENATOR,,REP,PATRICK MORRISEY,18
Barbour,PRECINCT 12,U.S. SENATOR,,REP,PATRICK MORRISEY,46
Barbour,PRECINCT 13,U.S. SENATOR,,REP,PATRICK MORRISEY,58
Barbour,PRECINCT 14,U.S. SENATOR,,REP,PATRICK MORRISEY,14
Barbour,PRECINCT 15,U.S. SENATOR,,REP,PATRICK MORRISEY,11
Barbour,PRECINCT 16,U.S. SENATOR,,REP,PATRICK MORRISEY,11
Barbour,PRECINCT 1,U.S. SENATOR,,REP,JACK NEWBROUGH,2
Barbour,PRECINCT 2,U.S. SENATOR,,REP,JACK NEWBROUGH,7
Barbour,PRECINCT 3,U.S. SENATOR,,REP,JACK NEWBROUGH,3
Barbour,PRECINCT 4,U.S. SENATOR,,REP,JACK NEWBROUGH,4
Barbour,PRECINCT 5,U.S. SENATOR,,REP,JACK NEWBROUGH,5
Barbour,PRECINCT 6,U.S. SENATOR,,REP,JACK NEWBROUGH,2
Barbour,PRECINCT 7,U.S. SENATOR,,REP,JACK NEWBROUGH,7
Barbour,PRECINCT 8,U.S. SENATOR,,REP,JACK NEWBROUGH,6
Barbour,PRECINCT 9,U.S. SENATOR,,REP,JACK NEWBROUGH,3
Barbour,PRECINCT 10,U.S. SENATOR,,REP,JACK NEWBROUGH,5
Barbour,PRECINCT 11,U.S. SENATOR,,REP,JACK NEWBROUGH,4
Barbour,PRECINCT 12,U.S. SENATOR,,REP,JACK NEWBROUGH,2
Barbour,PRECINCT 13,U.S. SENATOR,,REP,JACK NEWBROUGH,9
Barbour,PRECINCT 14,U.S. SENATOR,,REP,JACK NEWBROUGH,4
Barbour,PRECINCT 15,U.S. SENATOR,,REP,JACK NEWBROUGH,0
Barbour,PRECINCT 16,U.S. SENATOR,,REP,JACK NEWBROUGH,0
Barbour,PRECINCT 1,U.S. SENATOR,,REP,THOMAS (TOM) WILLIS,10
Barbour,PRECINCT 2,U.S. SENATOR,,REP,THOMAS (TOM) WILLIS,32
Barbour,PRECINCT 3,U.S. SENATOR,,REP,THOMAS (TOM) WILLIS,16
Barbour,PRECINCT 4,U.S. SENATOR,,REP,THOMAS (TOM) WILLIS,26
Barbour,PRECINCT 5,U.S. SENATOR,,REP,THOMAS (TOM) WILLIS,26
Barbour,PRECINCT 6,U.S. SENATOR,,REP,THOMAS (TOM) WILLIS,2
Barbour,PRECINCT 7,U.S. SENATOR,,REP,THOMAS (TOM) WILLIS,13
Barbour,PRECINCT 8,U.S. SENATOR,,REP,THOMAS (TOM) WILLIS,25
Barbour,PRECINCT 9,U.S. SENATOR,,REP,THOMAS (TOM) WILLIS,6
Barbour,PRECINCT 10,U.S. SENATOR,,REP,THOMAS (TOM) WILLIS,21
Barbour,PRECINCT 11,U.S. SENATOR,,REP,THOMAS (TOM) WILLIS,3
Barbour,PRECINCT 12,U.S. SENATOR,,REP,THOMAS (TOM) WILLIS,14
Barbour,PRECINCT 13,U.S. SENATOR,,REP,THOMAS (TOM) WILLIS,14
Barbour,PRECINCT 14,U.S. SENATOR,,REP,THOMAS (TOM) WILLIS,6
Barbour,PRECINCT 15,U.S. SENATOR,,REP,THOMAS (TOM) WILLIS,4
Barbour,PRECINCT 16,U.S. SENATOR,,REP,THOMAS (TOM) WILLIS,4
Barbour,PRECINCT 1,U.S. SENATOR,,REP,EVAN JENKINS,14
Barbour,PRECINCT 2,U.S. SENATOR,,REP,EVAN JENKINS,30
Barbour,PRECINCT 3,U.S. SENATOR,,REP,EVAN JENKINS,38
Barbour,PRECINCT 4,U.S. SENATOR,,REP,EVAN JENKINS,39
Barbour,PRECINCT 5,U.S. SENATOR,,REP,EVAN JENKINS,32
Barbour,PRECINCT 6,U.S. SENATOR,,REP,EVAN JENKINS,8
Barbour,PRECINCT 7,U.S. SENATOR,,REP,EVAN JENKINS,15
Barbour,PRECINCT 8,U.S. SENATOR,,REP,EVAN JENKINS,30
Barbour,PRECINCT 9,U.S. SENATOR,,REP,EVAN JENKINS,6
Barbour,PRECINCT 10,U.S. SENATOR,,REP,EVAN JENKINS,10
Barbour,PRECINCT 11,U.S. SENATOR,,REP,EVAN JENKINS,8
Barbour,PRECINCT 12,U.S. SENATOR,,REP,EVAN JENKINS,26
Barbour,PRECINCT 13,U.S. SENATOR,,REP,EVAN JENKINS,21
Barbour,PRECINCT 14,U.S. SENATOR,,REP,EVAN JENKINS,8
Barbour,PRECINCT 15,U.S. SENATOR,,REP,EVAN JENKINS,3
Barbour,PRECINCT 16,U.S. SENATOR,,REP,EVAN JENKINS,4
Barbour,PRECINCT 1,U.S. SENATOR,,REP,BO COPLEY,4
Barbour,PRECINCT 2,U.S. SENATOR,,REP,BO COPLEY,3
Barbour,PRECINCT 3,U.S. SENATOR,,REP,BO COPLEY,6
Barbour,PRECINCT 4,U.S. SENATOR,,REP,BO COPLEY,4
Barbour,PRECINCT 5,U.S. SENATOR,,REP,BO COPLEY,1
Barbour,PRECINCT 6,U.S. SENATOR,,REP,BO COPLEY,0
Barbour,PRECINCT 7,U.S. SENATOR,,REP,BO COPLEY,5
Barbour,PRECINCT 8,U.S. SENATOR,,REP,BO COPLEY,7
Barbour,PRECINCT 9,U.S. SENATOR,,REP,BO COPLEY,6
Barbour,PRECINCT 10,U.S. SENATOR,,REP,BO COPLEY,4
Barbour,PRECINCT 11,U.S. SENATOR,,REP,BO COPLEY,1
Barbour,PRECINCT 12,U.S. SENATOR,,REP,BO COPLEY,3
Barbour,PRECINCT 13,U.S. SENATOR,,REP,BO COPLEY,3
Barbour,PRECINCT 14,U.S. SENATOR,,REP,BO COPLEY,2
Barbour,PRECINCT 15,U.S. SENATOR,,REP,BO COPLEY,0
Barbour,PRECINCT 16,U.S. SENATOR,,REP,BO COPLEY,2
Barbour,PRECINCT 1,"U.S. HOUSE OF REPRESENTATIVES, 1st  Congressional District", 1st  Congressional District - REP,REP,DAVID B McKINLEY,64
Barbour,PRECINCT 2,"U.S. HOUSE OF REPRESENTATIVES, 1st  Congressional District", 1st  Congressional District - REP,REP,DAVID B McKINLEY,166
Barbour,PRECINCT 3,"U.S. HOUSE OF REPRESENTATIVES, 1st  Congressional District", 1st  Congressional District - REP,REP,DAVID B McKINLEY,139
Barbour,PRECINCT 4,"U.S. HOUSE OF REPRESENTATIVES, 1st  Congressional District", 1st  Congressional District - REP,REP,DAVID B McKINLEY,171
Barbour,PRECINCT 5,"U.S. HOUSE OF REPRESENTATIVES, 1st  Congressional District", 1st  Congressional District - REP,REP,DAVID B McKINLEY,130
Barbour,PRECINCT 6,"U.S. HOUSE OF REPRESENTATIVES, 1st  Congressional District", 1st  Congressional District - REP,REP,DAVID B McKINLEY,38
Barbour,PRECINCT 7,"U.S. HOUSE OF REPRESENTATIVES, 1st  Congressional District", 1st  Congressional District - REP,REP,DAVID B McKINLEY,83
Barbour,PRECINCT 8,"U.S. HOUSE OF REPRESENTATIVES, 1st  Congressional District", 1st  Congressional District - REP,REP,DAVID B McKINLEY,157
Barbour,PRECINCT 9,"U.S. HOUSE OF REPRESENTATIVES, 1st  Congressional District", 1st  Congressional District - REP,REP,DAVID B McKINLEY,51
Barbour,PRECINCT 10,"U.S. HOUSE OF REPRESENTATIVES, 1st  Congressional District", 1st  Congressional District - REP,REP,DAVID B McKINLEY,92
Barbour,PRECINCT 11,"U.S. HOUSE OF REPRESENTATIVES, 1st  Congressional District", 1st  Congressional District - REP,REP,DAVID B McKINLEY,42
Barbour,PRECINCT 12,"U.S. HOUSE OF REPRESENTATIVES, 1st  Congressional District", 1st  Congressional District - REP,REP,DAVID B McKINLEY,111
Barbour,PRECINCT 13,"U.S. HOUSE OF REPRESENTATIVES, 1st  Congressional District", 1st  Congressional District - REP,REP,DAVID B McKINLEY,128
Barbour,PRECINCT 14,"U.S. HOUSE OF REPRESENTATIVES, 1st  Congressional District", 1st  Congressional District - REP,REP,DAVID B McKINLEY,31
Barbour,PRECINCT 15,"U.S. HOUSE OF REPRESENTATIVES, 1st  Congressional District", 1st  Congressional District - REP,REP,DAVID B McKINLEY,22
Barbour,PRECINCT 16,"U.S. HOUSE OF REPRESENTATIVES, 1st  Congressional District", 1st  Congressional District - REP,REP,DAVID B McKINLEY,29
Barbour,PRECINCT 1,"STATE SENATOR, 14th District", 14th District - REP,REP,DAVE SYPOLT,63
Barbour,PRECINCT 2,"STATE SENATOR, 14th District", 14th District - REP,REP,DAVE SYPOLT,157
Barbour,PRECINCT 3,"STATE SENATOR, 14th District", 14th District - REP,REP,DAVE SYPOLT,131
Barbour,PRECINCT 4,"STATE SENATOR, 14th District", 14th District - REP,REP,DAVE SYPOLT,160
Barbour,PRECINCT 5,"STATE SENATOR, 14th District", 14th District - REP,REP,DAVE SYPOLT,118
Barbour,PRECINCT 6,"STATE SENATOR, 14th District", 14th District - REP,REP,DAVE SYPOLT,35
Barbour,PRECINCT 7,"STATE SENATOR, 14th District", 14th District - REP,REP,DAVE SYPOLT,77
Barbour,PRECINCT 8,"STATE SENATOR, 14th District", 14th District - REP,REP,DAVE SYPOLT,137
Barbour,PRECINCT 9,"STATE SENATOR, 14th District", 14th District - REP,REP,DAVE SYPOLT,46
Barbour,PRECINCT 10,"STATE SENATOR, 14th District", 14th District - REP,REP,DAVE SYPOLT,79
Barbour,PRECINCT 11,"STATE SENATOR, 14th District", 14th District - REP,REP,DAVE SYPOLT,41
Barbour,PRECINCT 12,"STATE SENATOR, 14th District", 14th District - REP,REP,DAVE SYPOLT,103
Barbour,PRECINCT 13,"STATE SENATOR, 14th District", 14th District - REP,REP,DAVE SYPOLT,124
Barbour,PRECINCT 14,"STATE SENATOR, 14th District", 14th District - REP,REP,DAVE SYPOLT,28
Barbour,PRECINCT 15,"STATE SENATOR, 14th District", 14th District - REP,REP,DAVE SYPOLT,21
Barbour,PRECINCT 16,"STATE SENATOR, 14th District", 14th District - REP,REP,DAVE SYPOLT,26
Barbour,PRECINCT 1,"HOUSE OF DELEGATES, 47th District", 47th District - REP,REP,LONNIE L. MOORE SR.,22
Barbour,PRECINCT 2,"HOUSE OF DELEGATES, 47th District", 47th District - REP,REP,LONNIE L. MOORE SR.,44
Barbour,PRECINCT 3,"HOUSE OF DELEGATES, 47th District", 47th District - REP,REP,LONNIE L. MOORE SR.,36
Barbour,PRECINCT 4,"HOUSE OF DELEGATES, 47th District", 47th District - REP,REP,LONNIE L. MOORE SR.,52
Barbour,PRECINCT 5,"HOUSE OF DELEGATES, 47th District", 47th District - REP,REP,LONNIE L. MOORE SR.,33
Barbour,PRECINCT 6,"HOUSE OF DELEGATES, 47th District", 47th District - REP,REP,LONNIE L. MOORE SR.,16
Barbour,PRECINCT 7,"HOUSE OF DELEGATES, 47th District", 47th District - REP,REP,LONNIE L. MOORE SR.,24
Barbour,PRECINCT 8,"HOUSE OF DELEGATES, 47th District", 47th District - REP,REP,LONNIE L. MOORE SR.,40
Barbour,PRECINCT 9,"HOUSE OF DELEGATES, 47th District", 47th District - REP,REP,LONNIE L. MOORE SR.,17
Barbour,PRECINCT 10,"HOUSE OF DELEGATES, 47th District", 47th District - REP,REP,LONNIE L. MOORE SR.,29
Barbour,PRECINCT 11,"HOUSE OF DELEGATES, 47th District", 47th District - REP,REP,LONNIE L. MOORE SR.,8
Barbour,PRECINCT 12,"HOUSE OF DELEGATES, 47th District", 47th District - REP,REP,LONNIE L. MOORE SR.,22
Barbour,PRECINCT 13,"HOUSE OF DELEGATES, 47th District", 47th District - REP,REP,LONNIE L. MOORE SR.,49
Barbour,PRECINCT 14,"HOUSE OF DELEGATES, 47th District", 47th District - REP,REP,LONNIE L. MOORE SR.,8
Barbour,PRECINCT 15,"HOUSE OF DELEGATES, 47th District", 47th District - REP,REP,LONNIE L. MOORE SR.,6
Barbour,PRECINCT 16,"HOUSE OF DELEGATES, 47th District", 47th District - REP,REP,LONNIE L. MOORE SR.,12
Barbour,PRECINCT 1,"HOUSE OF DELEGATES, 47th District", 47th District - REP,REP,DEREK H. HART,8
Barbour,PRECINCT 2,"HOUSE OF DELEGATES, 47th District", 47th District - REP,REP,DEREK H. HART,24
Barbour,PRECINCT 3,"HOUSE OF DELEGATES, 47th District", 47th District - REP,REP,DEREK H. HART,31
Barbour,PRECINCT 4,"HOUSE OF DELEGATES, 47th District", 47th District - REP,REP,DEREK H. HART,35
Barbour,PRECINCT 5,"HOUSE OF DELEGATES, 47th District", 47th District - REP,REP,DEREK H. HART,21
Barbour,PRECINCT 6,"HOUSE OF DELEGATES, 47th District", 47th District - REP,REP,DEREK H. HART,5
Barbour,PRECINCT 7,"HOUSE OF DELEGATES, 47th District", 47th District - REP,REP,DEREK H. HART,10
Barbour,PRECINCT 8,"HOUSE OF DELEGATES, 47th District", 47th District - REP,REP,DEREK H. HART,33
Barbour,PRECINCT 9,"HOUSE OF DELEGATES, 47th District", 47th District - REP,REP,DEREK H. HART,12
Barbour,PRECINCT 10,"HOUSE OF DELEGATES, 47th District", 47th District - REP,REP,DEREK H. HART,27
Barbour,PRECINCT 11,"HOUSE OF DELEGATES, 47th District", 47th District - REP,REP,DEREK H. HART,11
Barbour,PRECINCT 12,"HOUSE OF DELEGATES, 47th District", 47th District - REP,REP,DEREK H. HART,20
Barbour,PRECINCT 13,"HOUSE OF DELEGATES, 47th District", 47th District - REP,REP,DEREK H. HART,27
Barbour,PRECINCT 14,"HOUSE OF DELEGATES, 47th District", 47th District - REP,REP,DEREK H. HART,16
Barbour,PRECINCT 15,"HOUSE OF DELEGATES, 47th District", 47th District - REP,REP,DEREK H. HART,4
Barbour,PRECINCT 16,"HOUSE OF DELEGATES, 47th District", 47th District - REP,REP,DEREK H. HART,11
Barbour,PRECINCT 1,"HOUSE OF DELEGATES, 47th District", 47th District - REP,REP,CHRIS PHILLIPS,32
Barbour,PRECINCT 2,"HOUSE OF DELEGATES, 47th District", 47th District - REP,REP,CHRIS PHILLIPS,84
Barbour,PRECINCT 3,"HOUSE OF DELEGATES, 47th District", 47th District - REP,REP,CHRIS PHILLIPS,75
Barbour,PRECINCT 4,"HOUSE OF DELEGATES, 47th District", 47th District - REP,REP,CHRIS PHILLIPS,82
Barbour,PRECINCT 5,"HOUSE OF DELEGATES, 47th District", 47th District - REP,REP,CHRIS PHILLIPS,68
Barbour,PRECINCT 6,"HOUSE OF DELEGATES, 47th District", 47th District - REP,REP,CHRIS PHILLIPS,13
Barbour,PRECINCT 7,"HOUSE OF DELEGATES, 47th District", 47th District - REP,REP,CHRIS PHILLIPS,42
Barbour,PRECINCT 8,"HOUSE OF DELEGATES, 47th District", 47th District - REP,REP,CHRIS PHILLIPS,68
Barbour,PRECINCT 9,"HOUSE OF DELEGATES, 47th District", 47th District - REP,REP,CHRIS PHILLIPS,19
Barbour,PRECINCT 10,"HOUSE OF DELEGATES, 47th District", 47th District - REP,REP,CHRIS PHILLIPS,28
Barbour,PRECINCT 11,"HOUSE OF DELEGATES, 47th District", 47th District - REP,REP,CHRIS PHILLIPS,23
Barbour,PRECINCT 12,"HOUSE OF DELEGATES, 47th District", 47th District - REP,REP,CHRIS PHILLIPS,63
Barbour,PRECINCT 13,"HOUSE OF DELEGATES, 47th District", 47th District - REP,REP,CHRIS PHILLIPS,44
Barbour,PRECINCT 14,"HOUSE OF DELEGATES, 47th District", 47th District - REP,REP,CHRIS PHILLIPS,7
Barbour,PRECINCT 15,"HOUSE OF DELEGATES, 47th District", 47th District - REP,REP,CHRIS PHILLIPS,8
Barbour,PRECINCT 16,"HOUSE OF DELEGATES, 47th District", 47th District - REP,REP,CHRIS PHILLIPS,6
Barbour,PRECINCT 1,"HOUSE OF DELEGATES, 47th District", 47th District - REP,REP,MAUREEN LASKY-SETCHELL,8
Barbour,PRECINCT 2,"HOUSE OF DELEGATES, 47th District", 47th District - REP,REP,MAUREEN LASKY-SETCHELL,36
Barbour,PRECINCT 3,"HOUSE OF DELEGATES, 47th District", 47th District - REP,REP,MAUREEN LASKY-SETCHELL,22
Barbour,PRECINCT 4,"HOUSE OF DELEGATES, 47th District", 47th District - REP,REP,MAUREEN LASKY-SETCHELL,33
Barbour,PRECINCT 5,"HOUSE OF DELEGATES, 47th District", 47th District - REP,REP,MAUREEN LASKY-SETCHELL,26
Barbour,PRECINCT 6,"HOUSE OF DELEGATES, 47th District", 47th District - REP,REP,MAUREEN LASKY-SETCHELL,4
Barbour,PRECINCT 7,"HOUSE OF DELEGATES, 47th District", 47th District - REP,REP,MAUREEN LASKY-SETCHELL,15
Barbour,PRECINCT 8,"HOUSE OF DELEGATES, 47th District", 47th District - REP,REP,MAUREEN LASKY-SETCHELL,24
Barbour,PRECINCT 9,"HOUSE OF DELEGATES, 47th District", 47th District - REP,REP,MAUREEN LASKY-SETCHELL,10
Barbour,PRECINCT 10,"HOUSE OF DELEGATES, 47th District", 47th District - REP,REP,MAUREEN LASKY-SETCHELL,14
Barbour,PRECINCT 11,"HOUSE OF DELEGATES, 47th District", 47th District - REP,REP,MAUREEN LASKY-SETCHELL,5
Barbour,PRECINCT 12,"HOUSE OF DELEGATES, 47th District", 47th District - REP,REP,MAUREEN LASKY-SETCHELL,15
Barbour,PRECINCT 13,"HOUSE OF DELEGATES, 47th District", 47th District - REP,REP,MAUREEN LASKY-SETCHELL,21
Barbour,PRECINCT 14,"HOUSE OF DELEGATES, 47th District", 47th District - REP,REP,MAUREEN LASKY-SETCHELL,5
Barbour,PRECINCT 15,"HOUSE OF DELEGATES, 47th District", 47th District - REP,REP,MAUREEN LASKY-SETCHELL,6
Barbour,PRECINCT 16,"HOUSE OF DELEGATES, 47th District", 47th District - REP,REP,MAUREEN LASKY-SETCHELL,2
Barbour,PRECINCT 1,STATE EXECUTIVE COMMITTEE, 14th District - REP,REP,GLORIA P HOWELL,4
Barbour,PRECINCT 2,STATE EXECUTIVE COMMITTEE, 14th District - REP,REP,GLORIA P HOWELL,38
Barbour,PRECINCT 3,STATE EXECUTIVE COMMITTEE, 14th District - REP,REP,GLORIA P HOWELL,22
Barbour,PRECINCT 4,STATE EXECUTIVE COMMITTEE, 14th District - REP,REP,GLORIA P HOWELL,20
Barbour,PRECINCT 5,STATE EXECUTIVE COMMITTEE, 14th District - REP,REP,GLORIA P HOWELL,26
Barbour,PRECINCT 6,STATE EXECUTIVE COMMITTEE, 14th District - REP,REP,GLORIA P HOWELL,6
Barbour,PRECINCT 7,STATE EXECUTIVE COMMITTEE, 14th District - REP,REP,GLORIA P HOWELL,12
Barbour,PRECINCT 8,STATE EXECUTIVE COMMITTEE, 14th District - REP,REP,GLORIA P HOWELL,21
Barbour,PRECINCT 9,STATE EXECUTIVE COMMITTEE, 14th District - REP,REP,GLORIA P HOWELL,6
Barbour,PRECINCT 10,STATE EXECUTIVE COMMITTEE, 14th District - REP,REP,GLORIA P HOWELL,12
Barbour,PRECINCT 11,STATE EXECUTIVE COMMITTEE, 14th District - REP,REP,GLORIA P HOWELL,7
Barbour,PRECINCT 12,STATE EXECUTIVE COMMITTEE, 14th District - REP,REP,GLORIA P HOWELL,23
Barbour,PRECINCT 13,STATE EXECUTIVE COMMITTEE, 14th District - REP,REP,GLORIA P HOWELL,26
Barbour,PRECINCT 14,STATE EXECUTIVE COMMITTEE, 14th District - REP,REP,GLORIA P HOWELL,4
Barbour,PRECINCT 15,STATE EXECUTIVE COMMITTEE, 14th District - REP,REP,GLORIA P HOWELL,4
Barbour,PRECINCT 16,STATE EXECUTIVE COMMITTEE, 14th District - REP,REP,GLORIA P HOWELL,4
Barbour,PRECINCT 1,STATE EXECUTIVE COMMITTEE, 14th District - REP,REP,AMY SUMMERS,34
Barbour,PRECINCT 2,STATE EXECUTIVE COMMITTEE, 14th District - REP,REP,AMY SUMMERS,82
Barbour,PRECINCT 3,STATE EXECUTIVE COMMITTEE, 14th District - REP,REP,AMY SUMMERS,81
Barbour,PRECINCT 4,STATE EXECUTIVE COMMITTEE, 14th District - REP,REP,AMY SUMMERS,106
Barbour,PRECINCT 5,STATE EXECUTIVE COMMITTEE, 14th District - REP,REP,AMY SUMMERS,93
Barbour,PRECINCT 6,STATE EXECUTIVE COMMITTEE, 14th District - REP,REP,AMY SUMMERS,26
Barbour,PRECINCT 7,STATE EXECUTIVE COMMITTEE, 14th District - REP,REP,AMY SUMMERS,69
Barbour,PRECINCT 8,STATE EXECUTIVE COMMITTEE, 14th District - REP,REP,AMY SUMMERS,112
Barbour,PRECINCT 9,STATE EXECUTIVE COMMITTEE, 14th District - REP,REP,AMY SUMMERS,40
Barbour,PRECINCT 10,STATE EXECUTIVE COMMITTEE, 14th District - REP,REP,AMY SUMMERS,62
Barbour,PRECINCT 11,STATE EXECUTIVE COMMITTEE, 14th District - REP,REP,AMY SUMMERS,36
Barbour,PRECINCT 12,STATE EXECUTIVE COMMITTEE, 14th District - REP,REP,AMY SUMMERS,73
Barbour,PRECINCT 13,STATE EXECUTIVE COMMITTEE, 14th District - REP,REP,AMY SUMMERS,92
Barbour,PRECINCT 14,STATE EXECUTIVE COMMITTEE, 14th District - REP,REP,AMY SUMMERS,29
Barbour,PRECINCT 15,STATE EXECUTIVE COMMITTEE, 14th District - REP,REP,AMY SUMMERS,19
Barbour,PRECINCT 16,STATE EXECUTIVE COMMITTEE, 14th District - REP,REP,AMY SUMMERS,26
Barbour,PRECINCT 1,STATE EXECUTIVE COMMITTEE, 14th District - REP,REP,MARCI MILLER,15
Barbour,PRECINCT 2,STATE EXECUTIVE COMMITTEE, 14th District - REP,REP,MARCI MILLER,33
Barbour,PRECINCT 3,STATE EXECUTIVE COMMITTEE, 14th District - REP,REP,MARCI MILLER,20
Barbour,PRECINCT 4,STATE EXECUTIVE COMMITTEE, 14th District - REP,REP,MARCI MILLER,25
Barbour,PRECINCT 5,STATE EXECUTIVE COMMITTEE, 14th District - REP,REP,MARCI MILLER,13
Barbour,PRECINCT 6,STATE EXECUTIVE COMMITTEE, 14th District - REP,REP,MARCI MILLER,2
Barbour,PRECINCT 7,STATE EXECUTIVE COMMITTEE, 14th District - REP,REP,MARCI MILLER,5
Barbour,PRECINCT 8,STATE EXECUTIVE COMMITTEE, 14th District - REP,REP,MARCI MILLER,16
Barbour,PRECINCT 9,STATE EXECUTIVE COMMITTEE, 14th District - REP,REP,MARCI MILLER,3
Barbour,PRECINCT 10,STATE EXECUTIVE COMMITTEE, 14th District - REP,REP,MARCI MILLER,10
Barbour,PRECINCT 11,STATE EXECUTIVE COMMITTEE, 14th District - REP,REP,MARCI MILLER,4
Barbour,PRECINCT 12,STATE EXECUTIVE COMMITTEE, 14th District - REP,REP,MARCI MILLER,15
Barbour,PRECINCT 13,STATE EXECUTIVE COMMITTEE, 14th District - REP,REP,MARCI MILLER,12
Barbour,PRECINCT 14,STATE EXECUTIVE COMMITTEE, 14th District - REP,REP,MARCI MILLER,2
Barbour,PRECINCT 15,STATE EXECUTIVE COMMITTEE, 14th District - REP,REP,MARCI MILLER,0
Barbour,PRECINCT 16,STATE EXECUTIVE COMMITTEE, 14th District - REP,REP,MARCI MILLER,2
Barbour,PRECINCT 1,STATE EXECUTIVE COMMITTEE, 14th District - REP,REP,JOYCE MORRIS JENNINGS,30
Barbour,PRECINCT 2,STATE EXECUTIVE COMMITTEE, 14th District - REP,REP,JOYCE MORRIS JENNINGS,84
Barbour,PRECINCT 3,STATE EXECUTIVE COMMITTEE, 14th District - REP,REP,JOYCE MORRIS JENNINGS,72
Barbour,PRECINCT 4,STATE EXECUTIVE COMMITTEE, 14th District - REP,REP,JOYCE MORRIS JENNINGS,84
Barbour,PRECINCT 5,STATE EXECUTIVE COMMITTEE, 14th District - REP,REP,JOYCE MORRIS JENNINGS,75
Barbour,PRECINCT 6,STATE EXECUTIVE COMMITTEE, 14th District - REP,REP,JOYCE MORRIS JENNINGS,21
Barbour,PRECINCT 7,STATE EXECUTIVE COMMITTEE, 14th District - REP,REP,JOYCE MORRIS JENNINGS,53
Barbour,PRECINCT 8,STATE EXECUTIVE COMMITTEE, 14th District - REP,REP,JOYCE MORRIS JENNINGS,91
Barbour,PRECINCT 9,STATE EXECUTIVE COMMITTEE, 14th District - REP,REP,JOYCE MORRIS JENNINGS,29
Barbour,PRECINCT 10,STATE EXECUTIVE COMMITTEE, 14th District - REP,REP,JOYCE MORRIS JENNINGS,57
Barbour,PRECINCT 11,STATE EXECUTIVE COMMITTEE, 14th District - REP,REP,JOYCE MORRIS JENNINGS,24
Barbour,PRECINCT 12,STATE EXECUTIVE COMMITTEE, 14th District - REP,REP,JOYCE MORRIS JENNINGS,59
Barbour,PRECINCT 13,STATE EXECUTIVE COMMITTEE, 14th District - REP,REP,JOYCE MORRIS JENNINGS,55
Barbour,PRECINCT 14,STATE EXECUTIVE COMMITTEE, 14th District - REP,REP,JOYCE MORRIS JENNINGS,19
Barbour,PRECINCT 15,STATE EXECUTIVE COMMITTEE, 14th District - REP,REP,JOYCE MORRIS JENNINGS,10
Barbour,PRECINCT 16,STATE EXECUTIVE COMMITTEE, 14th District - REP,REP,JOYCE MORRIS JENNINGS,9
Barbour,PRECINCT 1,STATE EXECUTIVE COMMITTEE, 14th District - REP,REP,MAX GROVE,42
Barbour,PRECINCT 2,STATE EXECUTIVE COMMITTEE, 14th District - REP,REP,MAX GROVE,136
Barbour,PRECINCT 3,STATE EXECUTIVE COMMITTEE, 14th District - REP,REP,MAX GROVE,91
Barbour,PRECINCT 4,STATE EXECUTIVE COMMITTEE, 14th District - REP,REP,MAX GROVE,143
Barbour,PRECINCT 5,STATE EXECUTIVE COMMITTEE, 14th District - REP,REP,MAX GROVE,89
Barbour,PRECINCT 6,STATE EXECUTIVE COMMITTEE, 14th District - REP,REP,MAX GROVE,29
Barbour,PRECINCT 7,STATE EXECUTIVE COMMITTEE, 14th District - REP,REP,MAX GROVE,71
Barbour,PRECINCT 8,STATE EXECUTIVE COMMITTEE, 14th District - REP,REP,MAX GROVE,107
Barbour,PRECINCT 9,STATE EXECUTIVE COMMITTEE, 14th District - REP,REP,MAX GROVE,39
Barbour,PRECINCT 10,STATE EXECUTIVE COMMITTEE, 14th District - REP,REP,MAX GROVE,67
Barbour,PRECINCT 11,STATE EXECUTIVE COMMITTEE, 14th District - REP,REP,MAX GROVE,34
Barbour,PRECINCT 12,STATE EXECUTIVE COMMITTEE, 14th District - REP,REP,MAX GROVE,85
Barbour,PRECINCT 13,STATE EXECUTIVE COMMITTEE, 14th District - REP,REP,MAX GROVE,87
Barbour,PRECINCT 14,STATE EXECUTIVE COMMITTEE, 14th District - REP,REP,MAX GROVE,25
Barbour,PRECINCT 15,STATE EXECUTIVE COMMITTEE, 14th District - REP,REP,MAX GROVE,13
Barbour,PRECINCT 16,STATE EXECUTIVE COMMITTEE, 14th District - REP,REP,MAX GROVE,19
Barbour,PRECINCT 1,STATE EXECUTIVE COMMITTEE, 14th District - REP,REP,ERIC MURPHY,9
Barbour,PRECINCT 2,STATE EXECUTIVE COMMITTEE, 14th District - REP,REP,ERIC MURPHY,11
Barbour,PRECINCT 3,STATE EXECUTIVE COMMITTEE, 14th District - REP,REP,ERIC MURPHY,11
Barbour,PRECINCT 4,STATE EXECUTIVE COMMITTEE, 14th District - REP,REP,ERIC MURPHY,10
Barbour,PRECINCT 5,STATE EXECUTIVE COMMITTEE, 14th District - REP,REP,ERIC MURPHY,17
Barbour,PRECINCT 6,STATE EXECUTIVE COMMITTEE, 14th District - REP,REP,ERIC MURPHY,2
Barbour,PRECINCT 7,STATE EXECUTIVE COMMITTEE, 14th District - REP,REP,ERIC MURPHY,9
Barbour,PRECINCT 8,STATE EXECUTIVE COMMITTEE, 14th District - REP,REP,ERIC MURPHY,15
Barbour,PRECINCT 9,STATE EXECUTIVE COMMITTEE, 14th District - REP,REP,ERIC MURPHY,5
Barbour,PRECINCT 10,STATE EXECUTIVE COMMITTEE, 14th District - REP,REP,ERIC MURPHY,10
Barbour,PRECINCT 11,STATE EXECUTIVE COMMITTEE, 14th District - REP,REP,ERIC MURPHY,4
Barbour,PRECINCT 12,STATE EXECUTIVE COMMITTEE, 14th District - REP,REP,ERIC MURPHY,5
Barbour,PRECINCT 13,STATE EXECUTIVE COMMITTEE, 14th District - REP,REP,ERIC MURPHY,9
Barbour,PRECINCT 14,STATE EXECUTIVE COMMITTEE, 14th District - REP,REP,ERIC MURPHY,3
Barbour,PRECINCT 15,STATE EXECUTIVE COMMITTEE, 14th District - REP,REP,ERIC MURPHY,2
Barbour,PRECINCT 16,STATE EXECUTIVE COMMITTEE, 14th District - REP,REP,ERIC MURPHY,2
Barbour,PRECINCT 1,STATE EXECUTIVE COMMITTEE, 14th District - REP,REP,JAY TAYLOR,19
Barbour,PRECINCT 2,STATE EXECUTIVE COMMITTEE, 14th District - REP,REP,JAY TAYLOR,54
Barbour,PRECINCT 3,STATE EXECUTIVE COMMITTEE, 14th District - REP,REP,JAY TAYLOR,52
Barbour,PRECINCT 4,STATE EXECUTIVE COMMITTEE, 14th District - REP,REP,JAY TAYLOR,63
Barbour,PRECINCT 5,STATE EXECUTIVE COMMITTEE, 14th District - REP,REP,JAY TAYLOR,54
Barbour,PRECINCT 6,STATE EXECUTIVE COMMITTEE, 14th District - REP,REP,JAY TAYLOR,20
Barbour,PRECINCT 7,STATE EXECUTIVE COMMITTEE, 14th District - REP,REP,JAY TAYLOR,54
Barbour,PRECINCT 8,STATE EXECUTIVE COMMITTEE, 14th District - REP,REP,JAY TAYLOR,66
Barbour,PRECINCT 9,STATE EXECUTIVE COMMITTEE, 14th District - REP,REP,JAY TAYLOR,26
Barbour,PRECINCT 10,STATE EXECUTIVE COMMITTEE, 14th District - REP,REP,JAY TAYLOR,47
Barbour,PRECINCT 11,STATE EXECUTIVE COMMITTEE, 14th District - REP,REP,JAY TAYLOR,21
Barbour,PRECINCT 12,STATE EXECUTIVE COMMITTEE, 14th District - REP,REP,JAY TAYLOR,50
Barbour,PRECINCT 13,STATE EXECUTIVE COMMITTEE, 14th District - REP,REP,JAY TAYLOR,58
Barbour,PRECINCT 14,STATE EXECUTIVE COMMITTEE, 14th District - REP,REP,JAY TAYLOR,13
Barbour,PRECINCT 15,STATE EXECUTIVE COMMITTEE, 14th District - REP,REP,JAY TAYLOR,12
Barbour,PRECINCT 16,STATE EXECUTIVE COMMITTEE, 14th District - REP,REP,JAY TAYLOR,21
Barbour,PRECINCT 1,STATE EXECUTIVE COMMITTEE, 14th District - REP,REP,CASEY E. HAMILTON,9
Barbour,PRECINCT 2,STATE EXECUTIVE COMMITTEE, 14th District - REP,REP,CASEY E. HAMILTON,7
Barbour,PRECINCT 3,STATE EXECUTIVE COMMITTEE, 14th District - REP,REP,CASEY E. HAMILTON,14
Barbour,PRECINCT 4,STATE EXECUTIVE COMMITTEE, 14th District - REP,REP,CASEY E. HAMILTON,10
Barbour,PRECINCT 5,STATE EXECUTIVE COMMITTEE, 14th District - REP,REP,CASEY E. HAMILTON,8
Barbour,PRECINCT 6,STATE EXECUTIVE COMMITTEE, 14th District - REP,REP,CASEY E. HAMILTON,3
Barbour,PRECINCT 7,STATE EXECUTIVE COMMITTEE, 14th District - REP,REP,CASEY E. HAMILTON,3
Barbour,PRECINCT 8,STATE EXECUTIVE COMMITTEE, 14th District - REP,REP,CASEY E. HAMILTON,7
Barbour,PRECINCT 9,STATE EXECUTIVE COMMITTEE, 14th District - REP,REP,CASEY E. HAMILTON,4
Barbour,PRECINCT 10,STATE EXECUTIVE COMMITTEE, 14th District - REP,REP,CASEY E. HAMILTON,5
Barbour,PRECINCT 11,STATE EXECUTIVE COMMITTEE, 14th District - REP,REP,CASEY E. HAMILTON,4
Barbour,PRECINCT 12,STATE EXECUTIVE COMMITTEE, 14th District - REP,REP,CASEY E. HAMILTON,10
Barbour,PRECINCT 13,STATE EXECUTIVE COMMITTEE, 14th District - REP,REP,CASEY E. HAMILTON,5
Barbour,PRECINCT 14,STATE EXECUTIVE COMMITTEE, 14th District - REP,REP,CASEY E. HAMILTON,3
Barbour,PRECINCT 15,STATE EXECUTIVE COMMITTEE, 14th District - REP,REP,CASEY E. HAMILTON,0
Barbour,PRECINCT 16,STATE EXECUTIVE COMMITTEE, 14th District - REP,REP,CASEY E. HAMILTON,1
Barbour,PRECINCT 1,STATE EXECUTIVE COMMITTEE, 14th District - REP,REP,BRUCE A. KOLSUN,19
Barbour,PRECINCT 2,STATE EXECUTIVE COMMITTEE, 14th District - REP,REP,BRUCE A. KOLSUN,50
Barbour,PRECINCT 3,STATE EXECUTIVE COMMITTEE, 14th District - REP,REP,BRUCE A. KOLSUN,49
Barbour,PRECINCT 4,STATE EXECUTIVE COMMITTEE, 14th District - REP,REP,BRUCE A. KOLSUN,42
Barbour,PRECINCT 5,STATE EXECUTIVE COMMITTEE, 14th District - REP,REP,BRUCE A. KOLSUN,35
Barbour,PRECINCT 6,STATE EXECUTIVE COMMITTEE, 14th District - REP,REP,BRUCE A. KOLSUN,4
Barbour,PRECINCT 7,STATE EXECUTIVE COMMITTEE, 14th District - REP,REP,BRUCE A. KOLSUN,14
Barbour,PRECINCT 8,STATE EXECUTIVE COMMITTEE, 14th District - REP,REP,BRUCE A. KOLSUN,49
Barbour,PRECINCT 9,STATE EXECUTIVE COMMITTEE, 14th District - REP,REP,BRUCE A. KOLSUN,10
Barbour,PRECINCT 10,STATE EXECUTIVE COMMITTEE, 14th District - REP,REP,BRUCE A. KOLSUN,22
Barbour,PRECINCT 11,STATE EXECUTIVE COMMITTEE, 14th District - REP,REP,BRUCE A. KOLSUN,8
Barbour,PRECINCT 12,STATE EXECUTIVE COMMITTEE, 14th District - REP,REP,BRUCE A. KOLSUN,23
Barbour,PRECINCT 13,STATE EXECUTIVE COMMITTEE, 14th District - REP,REP,BRUCE A. KOLSUN,30
Barbour,PRECINCT 14,STATE EXECUTIVE COMMITTEE, 14th District - REP,REP,BRUCE A. KOLSUN,11
Barbour,PRECINCT 15,STATE EXECUTIVE COMMITTEE, 14th District - REP,REP,BRUCE A. KOLSUN,4
Barbour,PRECINCT 16,STATE EXECUTIVE COMMITTEE, 14th District - REP,REP,BRUCE A. KOLSUN,4
Barbour,PRECINCT 1,COUNTY COMMISSIONER,,,PHIL HART,11
Barbour,PRECINCT 2,COUNTY COMMISSIONER,,,PHIL HART,69
Barbour,PRECINCT 3,COUNTY COMMISSIONER,,,PHIL HART,65
Barbour,PRECINCT 4,COUNTY COMMISSIONER,,,PHIL HART,64
Barbour,PRECINCT 5,COUNTY COMMISSIONER,,,PHIL HART,31
Barbour,PRECINCT 6,COUNTY COMMISSIONER,,,PHIL HART,15
Barbour,PRECINCT 7,COUNTY COMMISSIONER,,,PHIL HART,33
Barbour,PRECINCT 8,COUNTY COMMISSIONER,,,PHIL HART,62
Barbour,PRECINCT 9,COUNTY COMMISSIONER,,,PHIL HART,15
Barbour,PRECINCT 10,COUNTY COMMISSIONER,,,PHIL HART,32
Barbour,PRECINCT 11,COUNTY COMMISSIONER,,,PHIL HART,13
Barbour,PRECINCT 12,COUNTY COMMISSIONER,,,PHIL HART,40
Barbour,PRECINCT 13,COUNTY COMMISSIONER,,,PHIL HART,51
Barbour,PRECINCT 14,COUNTY COMMISSIONER,,,PHIL HART,23
Barbour,PRECINCT 15,COUNTY COMMISSIONER,,,PHIL HART,8
Barbour,PRECINCT 16,COUNTY COMMISSIONER,,,PHIL HART,16
Barbour,PRECINCT 1,COUNTY COMMISSIONER,,,"JAMES ""JAMIE"" CARPENTER",61
Barbour,PRECINCT 2,COUNTY COMMISSIONER,,,"JAMES ""JAMIE"" CARPENTER",120
Barbour,PRECINCT 3,COUNTY COMMISSIONER,,,"JAMES ""JAMIE"" CARPENTER",102
Barbour,PRECINCT 4,COUNTY COMMISSIONER,,,"JAMES ""JAMIE"" CARPENTER",139
Barbour,PRECINCT 5,COUNTY COMMISSIONER,,,"JAMES ""JAMIE"" CARPENTER",123
Barbour,PRECINCT 6,COUNTY COMMISSIONER,,,"JAMES ""JAMIE"" CARPENTER",25
Barbour,PRECINCT 7,COUNTY COMMISSIONER,,,"JAMES ""JAMIE"" CARPENTER",65
Barbour,PRECINCT 8,COUNTY COMMISSIONER,,,"JAMES ""JAMIE"" CARPENTER",109
Barbour,PRECINCT 9,COUNTY COMMISSIONER,,,"JAMES ""JAMIE"" CARPENTER",44
Barbour,PRECINCT 10,COUNTY COMMISSIONER,,,"JAMES ""JAMIE"" CARPENTER",67
Barbour,PRECINCT 11,COUNTY COMMISSIONER,,,"JAMES ""JAMIE"" CARPENTER",34
Barbour,PRECINCT 12,COUNTY COMMISSIONER,,,"JAMES ""JAMIE"" CARPENTER",82
Barbour,PRECINCT 13,COUNTY COMMISSIONER,,,"JAMES ""JAMIE"" CARPENTER",89
Barbour,PRECINCT 14,COUNTY COMMISSIONER,,,"JAMES ""JAMIE"" CARPENTER",13
Barbour,PRECINCT 15,COUNTY COMMISSIONER,,,"JAMES ""JAMIE"" CARPENTER",17
Barbour,PRECINCT 16,COUNTY COMMISSIONER,,,"JAMES ""JAMIE"" CARPENTER",18
Barbour,PRECINCT 1,CONGRESSIONAL DISTRICT EXECUTIVE COMMITTEE FEMALE,,S  FILED,NO CANDIDATE,0
Barbour,PRECINCT 2,CONGRESSIONAL DISTRICT EXECUTIVE COMMITTEE FEMALE,,S  FILED,NO CANDIDATE,0
Barbour,PRECINCT 3,CONGRESSIONAL DISTRICT EXECUTIVE COMMITTEE FEMALE,,S  FILED,NO CANDIDATE,0
Barbour,PRECINCT 4,CONGRESSIONAL DISTRICT EXECUTIVE COMMITTEE FEMALE,,S  FILED,NO CANDIDATE,0
Barbour,PRECINCT 5,CONGRESSIONAL DISTRICT EXECUTIVE COMMITTEE FEMALE,,S  FILED,NO CANDIDATE,0
Barbour,PRECINCT 6,CONGRESSIONAL DISTRICT EXECUTIVE COMMITTEE FEMALE,,S  FILED,NO CANDIDATE,0
Barbour,PRECINCT 7,CONGRESSIONAL DISTRICT EXECUTIVE COMMITTEE FEMALE,,S  FILED,NO CANDIDATE,0
Barbour,PRECINCT 8,CONGRESSIONAL DISTRICT EXECUTIVE COMMITTEE FEMALE,,S  FILED,NO CANDIDATE,0
Barbour,PRECINCT 9,CONGRESSIONAL DISTRICT EXECUTIVE COMMITTEE FEMALE,,S  FILED,NO CANDIDATE,0
Barbour,PRECINCT 10,CONGRESSIONAL DISTRICT EXECUTIVE COMMITTEE FEMALE,,S  FILED,NO CANDIDATE,0
Barbour,PRECINCT 11,CONGRESSIONAL DISTRICT EXECUTIVE COMMITTEE FEMALE,,S  FILED,NO CANDIDATE,0
Barbour,PRECINCT 12,CONGRESSIONAL DISTRICT EXECUTIVE COMMITTEE FEMALE,,S  FILED,NO CANDIDATE,0
Barbour,PRECINCT 13,CONGRESSIONAL DISTRICT EXECUTIVE COMMITTEE FEMALE,,S  FILED,NO CANDIDATE,0
Barbour,PRECINCT 14,CONGRESSIONAL DISTRICT EXECUTIVE COMMITTEE FEMALE,,S  FILED,NO CANDIDATE,0
Barbour,PRECINCT 15,CONGRESSIONAL DISTRICT EXECUTIVE COMMITTEE FEMALE,,S  FILED,NO CANDIDATE,0
Barbour,PRECINCT 16,CONGRESSIONAL DISTRICT EXECUTIVE COMMITTEE FEMALE,,S  FILED,NO CANDIDATE,0
Barbour,PRECINCT 1,CONGRESSIONAL DISTRICT EXECUTIVE COMMITTEE MALE,,,JOHN J. HEISS,55
Barbour,PRECINCT 2,CONGRESSIONAL DISTRICT EXECUTIVE COMMITTEE MALE,,,JOHN J. HEISS,141
Barbour,PRECINCT 3,CONGRESSIONAL DISTRICT EXECUTIVE COMMITTEE MALE,,,JOHN J. HEISS,113
Barbour,PRECINCT 4,CONGRESSIONAL DISTRICT EXECUTIVE COMMITTEE MALE,,,JOHN J. HEISS,147
Barbour,PRECINCT 5,CONGRESSIONAL DISTRICT EXECUTIVE COMMITTEE MALE,,,JOHN J. HEISS,116
Barbour,PRECINCT 6,CONGRESSIONAL DISTRICT EXECUTIVE COMMITTEE MALE,,,JOHN J. HEISS,30
Barbour,PRECINCT 7,CONGRESSIONAL DISTRICT EXECUTIVE COMMITTEE MALE,,,JOHN J. HEISS,78
Barbour,PRECINCT 8,CONGRESSIONAL DISTRICT EXECUTIVE COMMITTEE MALE,,,JOHN J. HEISS,134
Barbour,PRECINCT 9,CONGRESSIONAL DISTRICT EXECUTIVE COMMITTEE MALE,,,JOHN J. HEISS,42
Barbour,PRECINCT 10,CONGRESSIONAL DISTRICT EXECUTIVE COMMITTEE MALE,,,JOHN J. HEISS,74
Barbour,PRECINCT 11,CONGRESSIONAL DISTRICT EXECUTIVE COMMITTEE MALE,,,JOHN J. HEISS,36
Barbour,PRECINCT 12,CONGRESSIONAL DISTRICT EXECUTIVE COMMITTEE MALE,,,JOHN J. HEISS,101
Barbour,PRECINCT 13,CONGRESSIONAL DISTRICT EXECUTIVE COMMITTEE MALE,,,JOHN J. HEISS,109
Barbour,PRECINCT 14,CONGRESSIONAL DISTRICT EXECUTIVE COMMITTEE MALE,,,JOHN J. HEISS,25
Barbour,PRECINCT 15,CONGRESSIONAL DISTRICT EXECUTIVE COMMITTEE MALE,,,JOHN J. HEISS,18
Barbour,PRECINCT 16,CONGRESSIONAL DISTRICT EXECUTIVE COMMITTEE MALE,,,JOHN J. HEISS,26
Barbour,PRECINCT 1,SENATORIAL DISTRICT EXECUTIVE COMMITTEE FEMALE,,S  FILED,NO CANDIDATE,0
Barbour,PRECINCT 2,SENATORIAL DISTRICT EXECUTIVE COMMITTEE FEMALE,,S  FILED,NO CANDIDATE,0
Barbour,PRECINCT 3,SENATORIAL DISTRICT EXECUTIVE COMMITTEE FEMALE,,S  FILED,NO CANDIDATE,0
Barbour,PRECINCT 4,SENATORIAL DISTRICT EXECUTIVE COMMITTEE FEMALE,,S  FILED,NO CANDIDATE,0
Barbour,PRECINCT 5,SENATORIAL DISTRICT EXECUTIVE COMMITTEE FEMALE,,S  FILED,NO CANDIDATE,0
Barbour,PRECINCT 6,SENATORIAL DISTRICT EXECUTIVE COMMITTEE FEMALE,,S  FILED,NO CANDIDATE,0
Barbour,PRECINCT 7,SENATORIAL DISTRICT EXECUTIVE COMMITTEE FEMALE,,S  FILED,NO CANDIDATE,0
Barbour,PRECINCT 8,SENATORIAL DISTRICT EXECUTIVE COMMITTEE FEMALE,,S  FILED,NO CANDIDATE,0
Barbour,PRECINCT 9,SENATORIAL DISTRICT EXECUTIVE COMMITTEE FEMALE,,S  FILED,NO CANDIDATE,0
Barbour,PRECINCT 10,SENATORIAL DISTRICT EXECUTIVE COMMITTEE FEMALE,,S  FILED,NO CANDIDATE,0
Barbour,PRECINCT 11,SENATORIAL DISTRICT EXECUTIVE COMMITTEE FEMALE,,S  FILED,NO CANDIDATE,0
Barbour,PRECINCT 12,SENATORIAL DISTRICT EXECUTIVE COMMITTEE FEMALE,,S  FILED,NO CANDIDATE,0
Barbour,PRECINCT 13,SENATORIAL DISTRICT EXECUTIVE COMMITTEE FEMALE,,S  FILED,NO CANDIDATE,0
Barbour,PRECINCT 14,SENATORIAL DISTRICT EXECUTIVE COMMITTEE FEMALE,,S  FILED,NO CANDIDATE,0
Barbour,PRECINCT 15,SENATORIAL DISTRICT EXECUTIVE COMMITTEE FEMALE,,S  FILED,NO CANDIDATE,0
Barbour,PRECINCT 16,SENATORIAL DISTRICT EXECUTIVE COMMITTEE FEMALE,,S  FILED,NO CANDIDATE,0
Barbour,PRECINCT 1,SENATORIAL DISTRICT EXECUTIVE COMMITTEE MALE,,,MAX GROVE,45
Barbour,PRECINCT 2,SENATORIAL DISTRICT EXECUTIVE COMMITTEE MALE,,,MAX GROVE,143
Barbour,PRECINCT 3,SENATORIAL DISTRICT EXECUTIVE COMMITTEE MALE,,,MAX GROVE,100
Barbour,PRECINCT 4,SENATORIAL DISTRICT EXECUTIVE COMMITTEE MALE,,,MAX GROVE,151
Barbour,PRECINCT 5,SENATORIAL DISTRICT EXECUTIVE COMMITTEE MALE,,,MAX GROVE,108
Barbour,PRECINCT 6,SENATORIAL DISTRICT EXECUTIVE COMMITTEE MALE,,,MAX GROVE,28
Barbour,PRECINCT 7,SENATORIAL DISTRICT EXECUTIVE COMMITTEE MALE,,,MAX GROVE,80
Barbour,PRECINCT 8,SENATORIAL DISTRICT EXECUTIVE COMMITTEE MALE,,,MAX GROVE,124
Barbour,PRECINCT 9,SENATORIAL DISTRICT EXECUTIVE COMMITTEE MALE,,,MAX GROVE,45
Barbour,PRECINCT 10,SENATORIAL DISTRICT EXECUTIVE COMMITTEE MALE,,,MAX GROVE,80
Barbour,PRECINCT 11,SENATORIAL DISTRICT EXECUTIVE COMMITTEE MALE,,,MAX GROVE,37
Barbour,PRECINCT 12,SENATORIAL DISTRICT EXECUTIVE COMMITTEE MALE,,,MAX GROVE,96
Barbour,PRECINCT 13,SENATORIAL DISTRICT EXECUTIVE COMMITTEE MALE,,,MAX GROVE,101
Barbour,PRECINCT 14,SENATORIAL DISTRICT EXECUTIVE COMMITTEE MALE,,,MAX GROVE,30
Barbour,PRECINCT 15,SENATORIAL DISTRICT EXECUTIVE COMMITTEE MALE,,,MAX GROVE,15
Barbour,PRECINCT 16,SENATORIAL DISTRICT EXECUTIVE COMMITTEE MALE,,,MAX GROVE,28
Barbour,PRECINCT 1,DELEGATE DISTRICT EXECUTIVE COMMITTEE FEMALE,,S  FILED,NO CANDIDATE,0
Barbour,PRECINCT 2,DELEGATE DISTRICT EXECUTIVE COMMITTEE FEMALE,,S  FILED,NO CANDIDATE,0
Barbour,PRECINCT 3,DELEGATE DISTRICT EXECUTIVE COMMITTEE FEMALE,,S  FILED,NO CANDIDATE,0
Barbour,PRECINCT 4,DELEGATE DISTRICT EXECUTIVE COMMITTEE FEMALE,,S  FILED,NO CANDIDATE,0
Barbour,PRECINCT 5,DELEGATE DISTRICT EXECUTIVE COMMITTEE FEMALE,,S  FILED,NO CANDIDATE,0
Barbour,PRECINCT 6,DELEGATE DISTRICT EXECUTIVE COMMITTEE FEMALE,,S  FILED,NO CANDIDATE,0
Barbour,PRECINCT 7,DELEGATE DISTRICT EXECUTIVE COMMITTEE FEMALE,,S  FILED,NO CANDIDATE,0
Barbour,PRECINCT 8,DELEGATE DISTRICT EXECUTIVE COMMITTEE FEMALE,,S  FILED,NO CANDIDATE,0
Barbour,PRECINCT 9,DELEGATE DISTRICT EXECUTIVE COMMITTEE FEMALE,,S  FILED,NO CANDIDATE,0
Barbour,PRECINCT 10,DELEGATE DISTRICT EXECUTIVE COMMITTEE FEMALE,,S  FILED,NO CANDIDATE,0
Barbour,PRECINCT 11,DELEGATE DISTRICT EXECUTIVE COMMITTEE FEMALE,,S  FILED,NO CANDIDATE,0
Barbour,PRECINCT 12,DELEGATE DISTRICT EXECUTIVE COMMITTEE FEMALE,,S  FILED,NO CANDIDATE,0
Barbour,PRECINCT 13,DELEGATE DISTRICT EXECUTIVE COMMITTEE FEMALE,,S  FILED,NO CANDIDATE,0
Barbour,PRECINCT 14,DELEGATE DISTRICT EXECUTIVE COMMITTEE FEMALE,,S  FILED,NO CANDIDATE,0
Barbour,PRECINCT 15,DELEGATE DISTRICT EXECUTIVE COMMITTEE FEMALE,,S  FILED,NO CANDIDATE,0
Barbour,PRECINCT 16,DELEGATE DISTRICT EXECUTIVE COMMITTEE FEMALE,,S  FILED,NO CANDIDATE,0
Barbour,PRECINCT 1,DELEGATE DISTRICT EXECUTIVE COMMITTEE MALE,,,MAX GROVE,41
Barbour,PRECINCT 2,DELEGATE DISTRICT EXECUTIVE COMMITTEE MALE,,,MAX GROVE,144
Barbour,PRECINCT 3,DELEGATE DISTRICT EXECUTIVE COMMITTEE MALE,,,MAX GROVE,97
Barbour,PRECINCT 4,DELEGATE DISTRICT EXECUTIVE COMMITTEE MALE,,,MAX GROVE,142
Barbour,PRECINCT 5,DELEGATE DISTRICT EXECUTIVE COMMITTEE MALE,,,MAX GROVE,103
Barbour,PRECINCT 6,DELEGATE DISTRICT EXECUTIVE COMMITTEE MALE,,,MAX GROVE,29
Barbour,PRECINCT 7,DELEGATE DISTRICT EXECUTIVE COMMITTEE MALE,,,MAX GROVE,69
Barbour,PRECINCT 8,DELEGATE DISTRICT EXECUTIVE COMMITTEE MALE,,,MAX GROVE,123
Barbour,PRECINCT 9,DELEGATE DISTRICT EXECUTIVE COMMITTEE MALE,,,MAX GROVE,44
Barbour,PRECINCT 10,DELEGATE DISTRICT EXECUTIVE COMMITTEE MALE,,,MAX GROVE,72
Barbour,PRECINCT 11,DELEGATE DISTRICT EXECUTIVE COMMITTEE MALE,,,MAX GROVE,34
Barbour,PRECINCT 12,DELEGATE DISTRICT EXECUTIVE COMMITTEE MALE,,,MAX GROVE,90
Barbour,PRECINCT 13,DELEGATE DISTRICT EXECUTIVE COMMITTEE MALE,,,MAX GROVE,95
Barbour,PRECINCT 14,DELEGATE DISTRICT EXECUTIVE COMMITTEE MALE,,,MAX GROVE,29
Barbour,PRECINCT 15,DELEGATE DISTRICT EXECUTIVE COMMITTEE MALE,,,MAX GROVE,16
Barbour,PRECINCT 16,DELEGATE DISTRICT EXECUTIVE COMMITTEE MALE,,,MAX GROVE,28
Barbour,PRECINCT 5,COUNTY EXECUTIVE COMMITTEE FEMALE North District,,S  FILED,NO CANDIDATE,0
Barbour,PRECINCT 7,COUNTY EXECUTIVE COMMITTEE FEMALE North District,,S  FILED,NO CANDIDATE,0
Barbour,PRECINCT 8,COUNTY EXECUTIVE COMMITTEE FEMALE North District,,S  FILED,NO CANDIDATE,0
Barbour,PRECINCT 9,COUNTY EXECUTIVE COMMITTEE FEMALE North District,,S  FILED,NO CANDIDATE,0
Barbour,PRECINCT 10,COUNTY EXECUTIVE COMMITTEE FEMALE North District,,S  FILED,NO CANDIDATE,0
Barbour,PRECINCT 1,COUNTY EXECUTIVE COMMITTEE FEMALE South District,,S  FILED,NO CANDIDATE,0
Barbour,PRECINCT 2,COUNTY EXECUTIVE COMMITTEE FEMALE South District,,S  FILED,NO CANDIDATE,0
Barbour,PRECINCT 3,COUNTY EXECUTIVE COMMITTEE FEMALE South District,,S  FILED,NO CANDIDATE,0
Barbour,PRECINCT 4,COUNTY EXECUTIVE COMMITTEE FEMALE South District,,S  FILED,NO CANDIDATE,0
Barbour,PRECINCT 6,COUNTY EXECUTIVE COMMITTEE FEMALE West District,,S  FILED,NO CANDIDATE,0
Barbour,PRECINCT 11,COUNTY EXECUTIVE COMMITTEE FEMALE West District,,S  FILED,NO CANDIDATE,0
Barbour,PRECINCT 12,COUNTY EXECUTIVE COMMITTEE FEMALE West District,,S  FILED,NO CANDIDATE,0
Barbour,PRECINCT 13,COUNTY EXECUTIVE COMMITTEE FEMALE West District,,S  FILED,NO CANDIDATE,0
Barbour,PRECINCT 14,COUNTY EXECUTIVE COMMITTEE FEMALE West District,,S  FILED,NO CANDIDATE,0
Barbour,PRECINCT 15,COUNTY EXECUTIVE COMMITTEE FEMALE West District,,S  FILED,NO CANDIDATE,0
Barbour,PRECINCT 16,COUNTY EXECUTIVE COMMITTEE FEMALE West District,,S  FILED,NO CANDIDATE,0
Barbour,PRECINCT 5,COUNTY EXECUTIVE COMMITTEE MALE North District,,S  FILED,NO CANDIDATE,0
Barbour,PRECINCT 7,COUNTY EXECUTIVE COMMITTEE MALE North District,,S  FILED,NO CANDIDATE,0
Barbour,PRECINCT 8,COUNTY EXECUTIVE COMMITTEE MALE North District,,S  FILED,NO CANDIDATE,0
Barbour,PRECINCT 9,COUNTY EXECUTIVE COMMITTEE MALE North District,,S  FILED,NO CANDIDATE,0
Barbour,PRECINCT 10,COUNTY EXECUTIVE COMMITTEE MALE North District,,S  FILED,NO CANDIDATE,0
Barbour,PRECINCT 1,COUNTY EXECUTIVE COMMITTEE MALE South District,,S  FILED,NO CANDIDATE,0
Barbour,PRECINCT 2,COUNTY EXECUTIVE COMMITTEE MALE South District,,S  FILED,NO CANDIDATE,0
Barbour,PRECINCT 3,COUNTY EXECUTIVE COMMITTEE MALE South District,,S  FILED,NO CANDIDATE,0
Barbour,PRECINCT 4,COUNTY EXECUTIVE COMMITTEE MALE South District,,S  FILED,NO CANDIDATE,0
Barbour,PRECINCT 6,COUNTY EXECUTIVE COMMITTEE MALE West District,,,CHRIS PHILLIPS,29
Barbour,PRECINCT 11,COUNTY EXECUTIVE COMMITTEE MALE West District,,,CHRIS PHILLIPS,34
Barbour,PRECINCT 12,COUNTY EXECUTIVE COMMITTEE MALE West District,,,CHRIS PHILLIPS,96
Barbour,PRECINCT 13,COUNTY EXECUTIVE COMMITTEE MALE West District,,,CHRIS PHILLIPS,107
Barbour,PRECINCT 14,COUNTY EXECUTIVE COMMITTEE MALE West District,,,CHRIS PHILLIPS,32
Barbour,PRECINCT 15,COUNTY EXECUTIVE COMMITTEE MALE West District,,,CHRIS PHILLIPS,18
Barbour,PRECINCT 16,COUNTY EXECUTIVE COMMITTEE MALE West District,,,CHRIS PHILLIPS,24
Barbour,PRECINCT 6,COUNTY EXECUTIVE COMMITTEE MALE West District,,S  FILED,NO CANDIDATE,0
Barbour,PRECINCT 11,COUNTY EXECUTIVE COMMITTEE MALE West District,,S  FILED,NO CANDIDATE,0
Barbour,PRECINCT 12,COUNTY EXECUTIVE COMMITTEE MALE West District,,S  FILED,NO CANDIDATE,0
Barbour,PRECINCT 13,COUNTY EXECUTIVE COMMITTEE MALE West District,,S  FILED,NO CANDIDATE,0
Barbour,PRECINCT 14,COUNTY EXECUTIVE COMMITTEE MALE West District,,S  FILED,NO CANDIDATE,0
Barbour,PRECINCT 15,COUNTY EXECUTIVE COMMITTEE MALE West District,,S  FILED,NO CANDIDATE,0
Barbour,PRECINCT 16,COUNTY EXECUTIVE COMMITTEE MALE West District,,S  FILED,NO CANDIDATE,0
Barbour,PRECINCT 1,U.S. SENATOR,,DEM,PAULA JEAN SWEARENGIN,10
Barbour,PRECINCT 2,U.S. SENATOR,,DEM,PAULA JEAN SWEARENGIN,33
Barbour,PRECINCT 3,U.S. SENATOR,,DEM,PAULA JEAN SWEARENGIN,45
Barbour,PRECINCT 4,U.S. SENATOR,,DEM,PAULA JEAN SWEARENGIN,29
Barbour,PRECINCT 5,U.S. SENATOR,,DEM,PAULA JEAN SWEARENGIN,46
Barbour,PRECINCT 6,U.S. SENATOR,,DEM,PAULA JEAN SWEARENGIN,22
Barbour,PRECINCT 7,U.S. SENATOR,,DEM,PAULA JEAN SWEARENGIN,36
Barbour,PRECINCT 8,U.S. SENATOR,,DEM,PAULA JEAN SWEARENGIN,21
Barbour,PRECINCT 9,U.S. SENATOR,,DEM,PAULA JEAN SWEARENGIN,14
Barbour,PRECINCT 10,U.S. SENATOR,,DEM,PAULA JEAN SWEARENGIN,12
Barbour,PRECINCT 11,U.S. SENATOR,,DEM,PAULA JEAN SWEARENGIN,19
Barbour,PRECINCT 12,U.S. SENATOR,,DEM,PAULA JEAN SWEARENGIN,29
Barbour,PRECINCT 13,U.S. SENATOR,,DEM,PAULA JEAN SWEARENGIN,39
Barbour,PRECINCT 14,U.S. SENATOR,,DEM,PAULA JEAN SWEARENGIN,10
Barbour,PRECINCT 15,U.S. SENATOR,,DEM,PAULA JEAN SWEARENGIN,9
Barbour,PRECINCT 16,U.S. SENATOR,,DEM,PAULA JEAN SWEARENGIN,5
Barbour,PRECINCT 1,U.S. SENATOR,,DEM,"JOSEPH MANCHIN, III",18
Barbour,PRECINCT 2,U.S. SENATOR,,DEM,"JOSEPH MANCHIN, III",79
Barbour,PRECINCT 3,U.S. SENATOR,,DEM,"JOSEPH MANCHIN, III",95
Barbour,PRECINCT 4,U.S. SENATOR,,DEM,"JOSEPH MANCHIN, III",77
Barbour,PRECINCT 5,U.S. SENATOR,,DEM,"JOSEPH MANCHIN, III",81
Barbour,PRECINCT 6,U.S. SENATOR,,DEM,"JOSEPH MANCHIN, III",50
Barbour,PRECINCT 7,U.S. SENATOR,,DEM,"JOSEPH MANCHIN, III",74
Barbour,PRECINCT 8,U.S. SENATOR,,DEM,"JOSEPH MANCHIN, III",95
Barbour,PRECINCT 9,U.S. SENATOR,,DEM,"JOSEPH MANCHIN, III",25
Barbour,PRECINCT 10,U.S. SENATOR,,DEM,"JOSEPH MANCHIN, III",29
Barbour,PRECINCT 11,U.S. SENATOR,,DEM,"JOSEPH MANCHIN, III",47
Barbour,PRECINCT 12,U.S. SENATOR,,DEM,"JOSEPH MANCHIN, III",61
Barbour,PRECINCT 13,U.S. SENATOR,,DEM,"JOSEPH MANCHIN, III",91
Barbour,PRECINCT 14,U.S. SENATOR,,DEM,"JOSEPH MANCHIN, III",23
Barbour,PRECINCT 15,U.S. SENATOR,,DEM,"JOSEPH MANCHIN, III",14
Barbour,PRECINCT 16,U.S. SENATOR,,DEM,"JOSEPH MANCHIN, III",20
Barbour,PRECINCT 1,"U.S. HOUSE OF REPRESENTATIVES, 1st  Congressional District", 1st  Congressional District - DEM,DEM,KENDRA FERSHEE,16
Barbour,PRECINCT 2,"U.S. HOUSE OF REPRESENTATIVES, 1st  Congressional District", 1st  Congressional District - DEM,DEM,KENDRA FERSHEE,68
Barbour,PRECINCT 3,"U.S. HOUSE OF REPRESENTATIVES, 1st  Congressional District", 1st  Congressional District - DEM,DEM,KENDRA FERSHEE,72
Barbour,PRECINCT 4,"U.S. HOUSE OF REPRESENTATIVES, 1st  Congressional District", 1st  Congressional District - DEM,DEM,KENDRA FERSHEE,48
Barbour,PRECINCT 5,"U.S. HOUSE OF REPRESENTATIVES, 1st  Congressional District", 1st  Congressional District - DEM,DEM,KENDRA FERSHEE,69
Barbour,PRECINCT 6,"U.S. HOUSE OF REPRESENTATIVES, 1st  Congressional District", 1st  Congressional District - DEM,DEM,KENDRA FERSHEE,40
Barbour,PRECINCT 7,"U.S. HOUSE OF REPRESENTATIVES, 1st  Congressional District", 1st  Congressional District - DEM,DEM,KENDRA FERSHEE,69
Barbour,PRECINCT 8,"U.S. HOUSE OF REPRESENTATIVES, 1st  Congressional District", 1st  Congressional District - DEM,DEM,KENDRA FERSHEE,56
Barbour,PRECINCT 9,"U.S. HOUSE OF REPRESENTATIVES, 1st  Congressional District", 1st  Congressional District - DEM,DEM,KENDRA FERSHEE,21
Barbour,PRECINCT 10,"U.S. HOUSE OF REPRESENTATIVES, 1st  Congressional District", 1st  Congressional District - DEM,DEM,KENDRA FERSHEE,24
Barbour,PRECINCT 11,"U.S. HOUSE OF REPRESENTATIVES, 1st  Congressional District", 1st  Congressional District - DEM,DEM,KENDRA FERSHEE,41
Barbour,PRECINCT 12,"U.S. HOUSE OF REPRESENTATIVES, 1st  Congressional District", 1st  Congressional District - DEM,DEM,KENDRA FERSHEE,39
Barbour,PRECINCT 13,"U.S. HOUSE OF REPRESENTATIVES, 1st  Congressional District", 1st  Congressional District - DEM,DEM,KENDRA FERSHEE,65
Barbour,PRECINCT 14,"U.S. HOUSE OF REPRESENTATIVES, 1st  Congressional District", 1st  Congressional District - DEM,DEM,KENDRA FERSHEE,18
Barbour,PRECINCT 15,"U.S. HOUSE OF REPRESENTATIVES, 1st  Congressional District", 1st  Congressional District - DEM,DEM,KENDRA FERSHEE,12
Barbour,PRECINCT 16,"U.S. HOUSE OF REPRESENTATIVES, 1st  Congressional District", 1st  Congressional District - DEM,DEM,KENDRA FERSHEE,9
Barbour,PRECINCT 1,"U.S. HOUSE OF REPRESENTATIVES, 1st  Congressional District", 1st  Congressional District - DEM,DEM,RALPH BAXTER,9
Barbour,PRECINCT 2,"U.S. HOUSE OF REPRESENTATIVES, 1st  Congressional District", 1st  Congressional District - DEM,DEM,RALPH BAXTER,16
Barbour,PRECINCT 3,"U.S. HOUSE OF REPRESENTATIVES, 1st  Congressional District", 1st  Congressional District - DEM,DEM,RALPH BAXTER,25
Barbour,PRECINCT 4,"U.S. HOUSE OF REPRESENTATIVES, 1st  Congressional District", 1st  Congressional District - DEM,DEM,RALPH BAXTER,11
Barbour,PRECINCT 5,"U.S. HOUSE OF REPRESENTATIVES, 1st  Congressional District", 1st  Congressional District - DEM,DEM,RALPH BAXTER,21
Barbour,PRECINCT 6,"U.S. HOUSE OF REPRESENTATIVES, 1st  Congressional District", 1st  Congressional District - DEM,DEM,RALPH BAXTER,15
Barbour,PRECINCT 7,"U.S. HOUSE OF REPRESENTATIVES, 1st  Congressional District", 1st  Congressional District - DEM,DEM,RALPH BAXTER,21
Barbour,PRECINCT 8,"U.S. HOUSE OF REPRESENTATIVES, 1st  Congressional District", 1st  Congressional District - DEM,DEM,RALPH BAXTER,17
Barbour,PRECINCT 9,"U.S. HOUSE OF REPRESENTATIVES, 1st  Congressional District", 1st  Congressional District - DEM,DEM,RALPH BAXTER,7
Barbour,PRECINCT 10,"U.S. HOUSE OF REPRESENTATIVES, 1st  Congressional District", 1st  Congressional District - DEM,DEM,RALPH BAXTER,5
Barbour,PRECINCT 11,"U.S. HOUSE OF REPRESENTATIVES, 1st  Congressional District", 1st  Congressional District - DEM,DEM,RALPH BAXTER,10
Barbour,PRECINCT 12,"U.S. HOUSE OF REPRESENTATIVES, 1st  Congressional District", 1st  Congressional District - DEM,DEM,RALPH BAXTER,22
Barbour,PRECINCT 13,"U.S. HOUSE OF REPRESENTATIVES, 1st  Congressional District", 1st  Congressional District - DEM,DEM,RALPH BAXTER,28
Barbour,PRECINCT 14,"U.S. HOUSE OF REPRESENTATIVES, 1st  Congressional District", 1st  Congressional District - DEM,DEM,RALPH BAXTER,6
Barbour,PRECINCT 15,"U.S. HOUSE OF REPRESENTATIVES, 1st  Congressional District", 1st  Congressional District - DEM,DEM,RALPH BAXTER,3
Barbour,PRECINCT 16,"U.S. HOUSE OF REPRESENTATIVES, 1st  Congressional District", 1st  Congressional District - DEM,DEM,RALPH BAXTER,9
Barbour,PRECINCT 1,"U.S. HOUSE OF REPRESENTATIVES, 1st  Congressional District", 1st  Congressional District - DEM,DEM,TOM PAYNE,2
Barbour,PRECINCT 2,"U.S. HOUSE OF REPRESENTATIVES, 1st  Congressional District", 1st  Congressional District - DEM,DEM,TOM PAYNE,29
Barbour,PRECINCT 3,"U.S. HOUSE OF REPRESENTATIVES, 1st  Congressional District", 1st  Congressional District - DEM,DEM,TOM PAYNE,35
Barbour,PRECINCT 4,"U.S. HOUSE OF REPRESENTATIVES, 1st  Congressional District", 1st  Congressional District - DEM,DEM,TOM PAYNE,37
Barbour,PRECINCT 5,"U.S. HOUSE OF REPRESENTATIVES, 1st  Congressional District", 1st  Congressional District - DEM,DEM,TOM PAYNE,24
Barbour,PRECINCT 6,"U.S. HOUSE OF REPRESENTATIVES, 1st  Congressional District", 1st  Congressional District - DEM,DEM,TOM PAYNE,9
Barbour,PRECINCT 7,"U.S. HOUSE OF REPRESENTATIVES, 1st  Congressional District", 1st  Congressional District - DEM,DEM,TOM PAYNE,11
Barbour,PRECINCT 8,"U.S. HOUSE OF REPRESENTATIVES, 1st  Congressional District", 1st  Congressional District - DEM,DEM,TOM PAYNE,36
Barbour,PRECINCT 9,"U.S. HOUSE OF REPRESENTATIVES, 1st  Congressional District", 1st  Congressional District - DEM,DEM,TOM PAYNE,8
Barbour,PRECINCT 10,"U.S. HOUSE OF REPRESENTATIVES, 1st  Congressional District", 1st  Congressional District - DEM,DEM,TOM PAYNE,9
Barbour,PRECINCT 11,"U.S. HOUSE OF REPRESENTATIVES, 1st  Congressional District", 1st  Congressional District - DEM,DEM,TOM PAYNE,10
Barbour,PRECINCT 12,"U.S. HOUSE OF REPRESENTATIVES, 1st  Congressional District", 1st  Congressional District - DEM,DEM,TOM PAYNE,25
Barbour,PRECINCT 13,"U.S. HOUSE OF REPRESENTATIVES, 1st  Congressional District", 1st  Congressional District - DEM,DEM,TOM PAYNE,19
Barbour,PRECINCT 14,"U.S. HOUSE OF REPRESENTATIVES, 1st  Congressional District", 1st  Congressional District - DEM,DEM,TOM PAYNE,8
Barbour,PRECINCT 15,"U.S. HOUSE OF REPRESENTATIVES, 1st  Congressional District", 1st  Congressional District - DEM,DEM,TOM PAYNE,6
Barbour,PRECINCT 16,"U.S. HOUSE OF REPRESENTATIVES, 1st  Congressional District", 1st  Congressional District - DEM,DEM,TOM PAYNE,8
Barbour,PRECINCT 1,"STATE SENATOR, 14th District", 14th District - DEM,DEM,STEPHANIE ZUCKER,27
Barbour,PRECINCT 2,"STATE SENATOR, 14th District", 14th District - DEM,DEM,STEPHANIE ZUCKER,100
Barbour,PRECINCT 3,"STATE SENATOR, 14th District", 14th District - DEM,DEM,STEPHANIE ZUCKER,126
Barbour,PRECINCT 4,"STATE SENATOR, 14th District", 14th District - DEM,DEM,STEPHANIE ZUCKER,80
Barbour,PRECINCT 5,"STATE SENATOR, 14th District", 14th District - DEM,DEM,STEPHANIE ZUCKER,107
Barbour,PRECINCT 6,"STATE SENATOR, 14th District", 14th District - DEM,DEM,STEPHANIE ZUCKER,59
Barbour,PRECINCT 7,"STATE SENATOR, 14th District", 14th District - DEM,DEM,STEPHANIE ZUCKER,88
Barbour,PRECINCT 8,"STATE SENATOR, 14th District", 14th District - DEM,DEM,STEPHANIE ZUCKER,101
Barbour,PRECINCT 9,"STATE SENATOR, 14th District", 14th District - DEM,DEM,STEPHANIE ZUCKER,32
Barbour,PRECINCT 10,"STATE SENATOR, 14th District", 14th District - DEM,DEM,STEPHANIE ZUCKER,34
Barbour,PRECINCT 11,"STATE SENATOR, 14th District", 14th District - DEM,DEM,STEPHANIE ZUCKER,53
Barbour,PRECINCT 12,"STATE SENATOR, 14th District", 14th District - DEM,DEM,STEPHANIE ZUCKER,65
Barbour,PRECINCT 13,"STATE SENATOR, 14th District", 14th District - DEM,DEM,STEPHANIE ZUCKER,102
Barbour,PRECINCT 14,"STATE SENATOR, 14th District", 14th District - DEM,DEM,STEPHANIE ZUCKER,30
Barbour,PRECINCT 15,"STATE SENATOR, 14th District", 14th District - DEM,DEM,STEPHANIE ZUCKER,19
Barbour,PRECINCT 16,"STATE SENATOR, 14th District", 14th District - DEM,DEM,STEPHANIE ZUCKER,23
Barbour,PRECINCT 1,"HOUSE OF DELEGATES, 47th District", 47th District - DEM,DEM,"ROBERT ""BOB"" JOHNSON",4
Barbour,PRECINCT 2,"HOUSE OF DELEGATES, 47th District", 47th District - DEM,DEM,"ROBERT ""BOB"" JOHNSON",13
Barbour,PRECINCT 3,"HOUSE OF DELEGATES, 47th District", 47th District - DEM,DEM,"ROBERT ""BOB"" JOHNSON",23
Barbour,PRECINCT 4,"HOUSE OF DELEGATES, 47th District", 47th District - DEM,DEM,"ROBERT ""BOB"" JOHNSON",20
Barbour,PRECINCT 5,"HOUSE OF DELEGATES, 47th District", 47th District - DEM,DEM,"ROBERT ""BOB"" JOHNSON",23
Barbour,PRECINCT 6,"HOUSE OF DELEGATES, 47th District", 47th District - DEM,DEM,"ROBERT ""BOB"" JOHNSON",8
Barbour,PRECINCT 7,"HOUSE OF DELEGATES, 47th District", 47th District - DEM,DEM,"ROBERT ""BOB"" JOHNSON",28
Barbour,PRECINCT 8,"HOUSE OF DELEGATES, 47th District", 47th District - DEM,DEM,"ROBERT ""BOB"" JOHNSON",30
Barbour,PRECINCT 9,"HOUSE OF DELEGATES, 47th District", 47th District - DEM,DEM,"ROBERT ""BOB"" JOHNSON",11
Barbour,PRECINCT 10,"HOUSE OF DELEGATES, 47th District", 47th District - DEM,DEM,"ROBERT ""BOB"" JOHNSON",10
Barbour,PRECINCT 11,"HOUSE OF DELEGATES, 47th District", 47th District - DEM,DEM,"ROBERT ""BOB"" JOHNSON",20
Barbour,PRECINCT 12,"HOUSE OF DELEGATES, 47th District", 47th District - DEM,DEM,"ROBERT ""BOB"" JOHNSON",45
Barbour,PRECINCT 13,"HOUSE OF DELEGATES, 47th District", 47th District - DEM,DEM,"ROBERT ""BOB"" JOHNSON",31
Barbour,PRECINCT 14,"HOUSE OF DELEGATES, 47th District", 47th District - DEM,DEM,"ROBERT ""BOB"" JOHNSON",12
Barbour,PRECINCT 15,"HOUSE OF DELEGATES, 47th District", 47th District - DEM,DEM,"ROBERT ""BOB"" JOHNSON",4
Barbour,PRECINCT 16,"HOUSE OF DELEGATES, 47th District", 47th District - DEM,DEM,"ROBERT ""BOB"" JOHNSON",3
Barbour,PRECINCT 1,"HOUSE OF DELEGATES, 47th District", 47th District - DEM,DEM,CLAYTON D. MOORE,12
Barbour,PRECINCT 2,"HOUSE OF DELEGATES, 47th District", 47th District - DEM,DEM,CLAYTON D. MOORE,39
Barbour,PRECINCT 3,"HOUSE OF DELEGATES, 47th District", 47th District - DEM,DEM,CLAYTON D. MOORE,52
Barbour,PRECINCT 4,"HOUSE OF DELEGATES, 47th District", 47th District - DEM,DEM,CLAYTON D. MOORE,37
Barbour,PRECINCT 5,"HOUSE OF DELEGATES, 47th District", 47th District - DEM,DEM,CLAYTON D. MOORE,11
Barbour,PRECINCT 6,"HOUSE OF DELEGATES, 47th District", 47th District - DEM,DEM,CLAYTON D. MOORE,8
Barbour,PRECINCT 7,"HOUSE OF DELEGATES, 47th District", 47th District - DEM,DEM,CLAYTON D. MOORE,11
Barbour,PRECINCT 8,"HOUSE OF DELEGATES, 47th District", 47th District - DEM,DEM,CLAYTON D. MOORE,7
Barbour,PRECINCT 9,"HOUSE OF DELEGATES, 47th District", 47th District - DEM,DEM,CLAYTON D. MOORE,3
Barbour,PRECINCT 10,"HOUSE OF DELEGATES, 47th District", 47th District - DEM,DEM,CLAYTON D. MOORE,6
Barbour,PRECINCT 11,"HOUSE OF DELEGATES, 47th District", 47th District - DEM,DEM,CLAYTON D. MOORE,2
Barbour,PRECINCT 12,"HOUSE OF DELEGATES, 47th District", 47th District - DEM,DEM,CLAYTON D. MOORE,7
Barbour,PRECINCT 13,"HOUSE OF DELEGATES, 47th District", 47th District - DEM,DEM,CLAYTON D. MOORE,8
Barbour,PRECINCT 14,"HOUSE OF DELEGATES, 47th District", 47th District - DEM,DEM,CLAYTON D. MOORE,1
Barbour,PRECINCT 15,"HOUSE OF DELEGATES, 47th District", 47th District - DEM,DEM,CLAYTON D. MOORE,2
Barbour,PRECINCT 16,"HOUSE OF DELEGATES, 47th District", 47th District - DEM,DEM,CLAYTON D. MOORE,1
Barbour,PRECINCT 1,"HOUSE OF DELEGATES, 47th District", 47th District - DEM,DEM,ED LARRY,14
Barbour,PRECINCT 2,"HOUSE OF DELEGATES, 47th District", 47th District - DEM,DEM,ED LARRY,60
Barbour,PRECINCT 3,"HOUSE OF DELEGATES, 47th District", 47th District - DEM,DEM,ED LARRY,62
Barbour,PRECINCT 4,"HOUSE OF DELEGATES, 47th District", 47th District - DEM,DEM,ED LARRY,53
Barbour,PRECINCT 5,"HOUSE OF DELEGATES, 47th District", 47th District - DEM,DEM,ED LARRY,90
Barbour,PRECINCT 6,"HOUSE OF DELEGATES, 47th District", 47th District - DEM,DEM,ED LARRY,56
Barbour,PRECINCT 7,"HOUSE OF DELEGATES, 47th District", 47th District - DEM,DEM,ED LARRY,72
Barbour,PRECINCT 8,"HOUSE OF DELEGATES, 47th District", 47th District - DEM,DEM,ED LARRY,81
Barbour,PRECINCT 9,"HOUSE OF DELEGATES, 47th District", 47th District - DEM,DEM,ED LARRY,26
Barbour,PRECINCT 10,"HOUSE OF DELEGATES, 47th District", 47th District - DEM,DEM,ED LARRY,25
Barbour,PRECINCT 11,"HOUSE OF DELEGATES, 47th District", 47th District - DEM,DEM,ED LARRY,45
Barbour,PRECINCT 12,"HOUSE OF DELEGATES, 47th District", 47th District - DEM,DEM,ED LARRY,37
Barbour,PRECINCT 13,"HOUSE OF DELEGATES, 47th District", 47th District - DEM,DEM,ED LARRY,93
Barbour,PRECINCT 14,"HOUSE OF DELEGATES, 47th District", 47th District - DEM,DEM,ED LARRY,19
Barbour,PRECINCT 15,"HOUSE OF DELEGATES, 47th District", 47th District - DEM,DEM,ED LARRY,18
Barbour,PRECINCT 16,"HOUSE OF DELEGATES, 47th District", 47th District - DEM,DEM,ED LARRY,22
Barbour,PRECINCT 1,STATE EXECUTIVE COMMITTEE, 14th District - DEM,DEM,JOYCE WILSON,30
Barbour,PRECINCT 2,STATE EXECUTIVE COMMITTEE, 14th District - DEM,DEM,JOYCE WILSON,102
Barbour,PRECINCT 3,STATE EXECUTIVE COMMITTEE, 14th District - DEM,DEM,JOYCE WILSON,126
Barbour,PRECINCT 4,STATE EXECUTIVE COMMITTEE, 14th District - DEM,DEM,JOYCE WILSON,95
Barbour,PRECINCT 5,STATE EXECUTIVE COMMITTEE, 14th District - DEM,DEM,JOYCE WILSON,116
Barbour,PRECINCT 6,STATE EXECUTIVE COMMITTEE, 14th District - DEM,DEM,JOYCE WILSON,71
Barbour,PRECINCT 7,STATE EXECUTIVE COMMITTEE, 14th District - DEM,DEM,JOYCE WILSON,92
Barbour,PRECINCT 8,STATE EXECUTIVE COMMITTEE, 14th District - DEM,DEM,JOYCE WILSON,108
Barbour,PRECINCT 9,STATE EXECUTIVE COMMITTEE, 14th District - DEM,DEM,JOYCE WILSON,37
Barbour,PRECINCT 10,STATE EXECUTIVE COMMITTEE, 14th District - DEM,DEM,JOYCE WILSON,37
Barbour,PRECINCT 11,STATE EXECUTIVE COMMITTEE, 14th District - DEM,DEM,JOYCE WILSON,62
Barbour,PRECINCT 12,STATE EXECUTIVE COMMITTEE, 14th District - DEM,DEM,JOYCE WILSON,79
Barbour,PRECINCT 13,STATE EXECUTIVE COMMITTEE, 14th District - DEM,DEM,JOYCE WILSON,113
Barbour,PRECINCT 14,STATE EXECUTIVE COMMITTEE, 14th District - DEM,DEM,JOYCE WILSON,28
Barbour,PRECINCT 15,STATE EXECUTIVE COMMITTEE, 14th District - DEM,DEM,JOYCE WILSON,20
Barbour,PRECINCT 16,STATE EXECUTIVE COMMITTEE, 14th District - DEM,DEM,JOYCE WILSON,25
Barbour,PRECINCT 1,STATE EXECUTIVE COMMITTEE, 14th District - DEM,DEM,RITA McCROBIE,8
Barbour,PRECINCT 2,STATE EXECUTIVE COMMITTEE, 14th District - DEM,DEM,RITA McCROBIE,44
Barbour,PRECINCT 3,STATE EXECUTIVE COMMITTEE, 14th District - DEM,DEM,RITA McCROBIE,38
Barbour,PRECINCT 4,STATE EXECUTIVE COMMITTEE, 14th District - DEM,DEM,RITA McCROBIE,24
Barbour,PRECINCT 5,STATE EXECUTIVE COMMITTEE, 14th District - DEM,DEM,RITA McCROBIE,26
Barbour,PRECINCT 6,STATE EXECUTIVE COMMITTEE, 14th District - DEM,DEM,RITA McCROBIE,23
Barbour,PRECINCT 7,STATE EXECUTIVE COMMITTEE, 14th District - DEM,DEM,RITA McCROBIE,30
Barbour,PRECINCT 8,STATE EXECUTIVE COMMITTEE, 14th District - DEM,DEM,RITA McCROBIE,46
Barbour,PRECINCT 9,STATE EXECUTIVE COMMITTEE, 14th District - DEM,DEM,RITA McCROBIE,12
Barbour,PRECINCT 10,STATE EXECUTIVE COMMITTEE, 14th District - DEM,DEM,RITA McCROBIE,15
Barbour,PRECINCT 11,STATE EXECUTIVE COMMITTEE, 14th District - DEM,DEM,RITA McCROBIE,18
Barbour,PRECINCT 12,STATE EXECUTIVE COMMITTEE, 14th District - DEM,DEM,RITA McCROBIE,24
Barbour,PRECINCT 13,STATE EXECUTIVE COMMITTEE, 14th District - DEM,DEM,RITA McCROBIE,32
Barbour,PRECINCT 14,STATE EXECUTIVE COMMITTEE, 14th District - DEM,DEM,RITA McCROBIE,9
Barbour,PRECINCT 15,STATE EXECUTIVE COMMITTEE, 14th District - DEM,DEM,RITA McCROBIE,5
Barbour,PRECINCT 16,STATE EXECUTIVE COMMITTEE, 14th District - DEM,DEM,RITA McCROBIE,7
Barbour,PRECINCT 1,STATE EXECUTIVE COMMITTEE, 14th District - DEM,DEM,CARYE L. BLANEY,11
Barbour,PRECINCT 2,STATE EXECUTIVE COMMITTEE, 14th District - DEM,DEM,CARYE L. BLANEY,18
Barbour,PRECINCT 3,STATE EXECUTIVE COMMITTEE, 14th District - DEM,DEM,CARYE L. BLANEY,34
Barbour,PRECINCT 4,STATE EXECUTIVE COMMITTEE, 14th District - DEM,DEM,CARYE L. BLANEY,20
Barbour,PRECINCT 5,STATE EXECUTIVE COMMITTEE, 14th District - DEM,DEM,CARYE L. BLANEY,26
Barbour,PRECINCT 6,STATE EXECUTIVE COMMITTEE, 14th District - DEM,DEM,CARYE L. BLANEY,16
Barbour,PRECINCT 7,STATE EXECUTIVE COMMITTEE, 14th District - DEM,DEM,CARYE L. BLANEY,27
Barbour,PRECINCT 8,STATE EXECUTIVE COMMITTEE, 14th District - DEM,DEM,CARYE L. BLANEY,26
Barbour,PRECINCT 9,STATE EXECUTIVE COMMITTEE, 14th District - DEM,DEM,CARYE L. BLANEY,14
Barbour,PRECINCT 10,STATE EXECUTIVE COMMITTEE, 14th District - DEM,DEM,CARYE L. BLANEY,11
Barbour,PRECINCT 11,STATE EXECUTIVE COMMITTEE, 14th District - DEM,DEM,CARYE L. BLANEY,14
Barbour,PRECINCT 12,STATE EXECUTIVE COMMITTEE, 14th District - DEM,DEM,CARYE L. BLANEY,23
Barbour,PRECINCT 13,STATE EXECUTIVE COMMITTEE, 14th District - DEM,DEM,CARYE L. BLANEY,28
Barbour,PRECINCT 14,STATE EXECUTIVE COMMITTEE, 14th District - DEM,DEM,CARYE L. BLANEY,10
Barbour,PRECINCT 15,STATE EXECUTIVE COMMITTEE, 14th District - DEM,DEM,CARYE L. BLANEY,5
Barbour,PRECINCT 16,STATE EXECUTIVE COMMITTEE, 14th District - DEM,DEM,CARYE L. BLANEY,6
Barbour,PRECINCT 1,STATE EXECUTIVE COMMITTEE, 14th District - DEM,DEM,ROGER D. CHAMP,8
Barbour,PRECINCT 2,STATE EXECUTIVE COMMITTEE, 14th District - DEM,DEM,ROGER D. CHAMP,19
Barbour,PRECINCT 3,STATE EXECUTIVE COMMITTEE, 14th District - DEM,DEM,ROGER D. CHAMP,24
Barbour,PRECINCT 4,STATE EXECUTIVE COMMITTEE, 14th District - DEM,DEM,ROGER D. CHAMP,14
Barbour,PRECINCT 5,STATE EXECUTIVE COMMITTEE, 14th District - DEM,DEM,ROGER D. CHAMP,20
Barbour,PRECINCT 6,STATE EXECUTIVE COMMITTEE, 14th District - DEM,DEM,ROGER D. CHAMP,9
Barbour,PRECINCT 7,STATE EXECUTIVE COMMITTEE, 14th District - DEM,DEM,ROGER D. CHAMP,25
Barbour,PRECINCT 8,STATE EXECUTIVE COMMITTEE, 14th District - DEM,DEM,ROGER D. CHAMP,14
Barbour,PRECINCT 9,STATE EXECUTIVE COMMITTEE, 14th District - DEM,DEM,ROGER D. CHAMP,2
Barbour,PRECINCT 10,STATE EXECUTIVE COMMITTEE, 14th District - DEM,DEM,ROGER D. CHAMP,6
Barbour,PRECINCT 11,STATE EXECUTIVE COMMITTEE, 14th District - DEM,DEM,ROGER D. CHAMP,5
Barbour,PRECINCT 12,STATE EXECUTIVE COMMITTEE, 14th District - DEM,DEM,ROGER D. CHAMP,10
Barbour,PRECINCT 13,STATE EXECUTIVE COMMITTEE, 14th District - DEM,DEM,ROGER D. CHAMP,21
Barbour,PRECINCT 14,STATE EXECUTIVE COMMITTEE, 14th District - DEM,DEM,ROGER D. CHAMP,8
Barbour,PRECINCT 15,STATE EXECUTIVE COMMITTEE, 14th District - DEM,DEM,ROGER D. CHAMP,1
Barbour,PRECINCT 16,STATE EXECUTIVE COMMITTEE, 14th District - DEM,DEM,ROGER D. CHAMP,1
Barbour,PRECINCT 1,STATE EXECUTIVE COMMITTEE, 14th District - DEM,DEM,RONALD L. CURRY,11
Barbour,PRECINCT 2,STATE EXECUTIVE COMMITTEE, 14th District - DEM,DEM,RONALD L. CURRY,52
Barbour,PRECINCT 3,STATE EXECUTIVE COMMITTEE, 14th District - DEM,DEM,RONALD L. CURRY,60
Barbour,PRECINCT 4,STATE EXECUTIVE COMMITTEE, 14th District - DEM,DEM,RONALD L. CURRY,38
Barbour,PRECINCT 5,STATE EXECUTIVE COMMITTEE, 14th District - DEM,DEM,RONALD L. CURRY,52
Barbour,PRECINCT 6,STATE EXECUTIVE COMMITTEE, 14th District - DEM,DEM,RONALD L. CURRY,30
Barbour,PRECINCT 7,STATE EXECUTIVE COMMITTEE, 14th District - DEM,DEM,RONALD L. CURRY,36
Barbour,PRECINCT 8,STATE EXECUTIVE COMMITTEE, 14th District - DEM,DEM,RONALD L. CURRY,59
Barbour,PRECINCT 9,STATE EXECUTIVE COMMITTEE, 14th District - DEM,DEM,RONALD L. CURRY,18
Barbour,PRECINCT 10,STATE EXECUTIVE COMMITTEE, 14th District - DEM,DEM,RONALD L. CURRY,14
Barbour,PRECINCT 11,STATE EXECUTIVE COMMITTEE, 14th District - DEM,DEM,RONALD L. CURRY,30
Barbour,PRECINCT 12,STATE EXECUTIVE COMMITTEE, 14th District - DEM,DEM,RONALD L. CURRY,41
Barbour,PRECINCT 13,STATE EXECUTIVE COMMITTEE, 14th District - DEM,DEM,RONALD L. CURRY,53
Barbour,PRECINCT 14,STATE EXECUTIVE COMMITTEE, 14th District - DEM,DEM,RONALD L. CURRY,13
Barbour,PRECINCT 15,STATE EXECUTIVE COMMITTEE, 14th District - DEM,DEM,RONALD L. CURRY,11
Barbour,PRECINCT 16,STATE EXECUTIVE COMMITTEE, 14th District - DEM,DEM,RONALD L. CURRY,16
Barbour,PRECINCT 1,STATE EXECUTIVE COMMITTEE, 14th District - DEM,DEM,NEIL HEARD,9
Barbour,PRECINCT 2,STATE EXECUTIVE COMMITTEE, 14th District - DEM,DEM,NEIL HEARD,23
Barbour,PRECINCT 3,STATE EXECUTIVE COMMITTEE, 14th District - DEM,DEM,NEIL HEARD,23
Barbour,PRECINCT 4,STATE EXECUTIVE COMMITTEE, 14th District - DEM,DEM,NEIL HEARD,22
Barbour,PRECINCT 5,STATE EXECUTIVE COMMITTEE, 14th District - DEM,DEM,NEIL HEARD,16
Barbour,PRECINCT 6,STATE EXECUTIVE COMMITTEE, 14th District - DEM,DEM,NEIL HEARD,4
Barbour,PRECINCT 7,STATE EXECUTIVE COMMITTEE, 14th District - DEM,DEM,NEIL HEARD,16
Barbour,PRECINCT 8,STATE EXECUTIVE COMMITTEE, 14th District - DEM,DEM,NEIL HEARD,14
Barbour,PRECINCT 9,STATE EXECUTIVE COMMITTEE, 14th District - DEM,DEM,NEIL HEARD,9
Barbour,PRECINCT 10,STATE EXECUTIVE COMMITTEE, 14th District - DEM,DEM,NEIL HEARD,6
Barbour,PRECINCT 11,STATE EXECUTIVE COMMITTEE, 14th District - DEM,DEM,NEIL HEARD,8
Barbour,PRECINCT 12,STATE EXECUTIVE COMMITTEE, 14th District - DEM,DEM,NEIL HEARD,16
Barbour,PRECINCT 13,STATE EXECUTIVE COMMITTEE, 14th District - DEM,DEM,NEIL HEARD,16
Barbour,PRECINCT 14,STATE EXECUTIVE COMMITTEE, 14th District - DEM,DEM,NEIL HEARD,7
Barbour,PRECINCT 15,STATE EXECUTIVE COMMITTEE, 14th District - DEM,DEM,NEIL HEARD,3
Barbour,PRECINCT 16,STATE EXECUTIVE COMMITTEE, 14th District - DEM,DEM,NEIL HEARD,1
Barbour,PRECINCT 1,STATE EXECUTIVE COMMITTEE, 14th District - DEM,DEM,NIMROD L. RILEY,6
Barbour,PRECINCT 2,STATE EXECUTIVE COMMITTEE, 14th District - DEM,DEM,NIMROD L. RILEY,20
Barbour,PRECINCT 3,STATE EXECUTIVE COMMITTEE, 14th District - DEM,DEM,NIMROD L. RILEY,40
Barbour,PRECINCT 4,STATE EXECUTIVE COMMITTEE, 14th District - DEM,DEM,NIMROD L. RILEY,18
Barbour,PRECINCT 5,STATE EXECUTIVE COMMITTEE, 14th District - DEM,DEM,NIMROD L. RILEY,20
Barbour,PRECINCT 6,STATE EXECUTIVE COMMITTEE, 14th District - DEM,DEM,NIMROD L. RILEY,17
Barbour,PRECINCT 7,STATE EXECUTIVE COMMITTEE, 14th District - DEM,DEM,NIMROD L. RILEY,23
Barbour,PRECINCT 8,STATE EXECUTIVE COMMITTEE, 14th District - DEM,DEM,NIMROD L. RILEY,28
Barbour,PRECINCT 9,STATE EXECUTIVE COMMITTEE, 14th District - DEM,DEM,NIMROD L. RILEY,5
Barbour,PRECINCT 10,STATE EXECUTIVE COMMITTEE, 14th District - DEM,DEM,NIMROD L. RILEY,15
Barbour,PRECINCT 11,STATE EXECUTIVE COMMITTEE, 14th District - DEM,DEM,NIMROD L. RILEY,7
Barbour,PRECINCT 12,STATE EXECUTIVE COMMITTEE, 14th District - DEM,DEM,NIMROD L. RILEY,10
Barbour,PRECINCT 13,STATE EXECUTIVE COMMITTEE, 14th District - DEM,DEM,NIMROD L. RILEY,13
Barbour,PRECINCT 14,STATE EXECUTIVE COMMITTEE, 14th District - DEM,DEM,NIMROD L. RILEY,7
Barbour,PRECINCT 15,STATE EXECUTIVE COMMITTEE, 14th District - DEM,DEM,NIMROD L. RILEY,6
Barbour,PRECINCT 16,STATE EXECUTIVE COMMITTEE, 14th District - DEM,DEM,NIMROD L. RILEY,1
Barbour,PRECINCT 1,STATE EXECUTIVE COMMITTEE, 14th District - DEM,DEM,"J.M. ""MIKE"" WITHERS",16
Barbour,PRECINCT 2,STATE EXECUTIVE COMMITTEE, 14th District - DEM,DEM,"J.M. ""MIKE"" WITHERS",54
Barbour,PRECINCT 3,STATE EXECUTIVE COMMITTEE, 14th District - DEM,DEM,"J.M. ""MIKE"" WITHERS",56
Barbour,PRECINCT 4,STATE EXECUTIVE COMMITTEE, 14th District - DEM,DEM,"J.M. ""MIKE"" WITHERS",48
Barbour,PRECINCT 5,STATE EXECUTIVE COMMITTEE, 14th District - DEM,DEM,"J.M. ""MIKE"" WITHERS",74
Barbour,PRECINCT 6,STATE EXECUTIVE COMMITTEE, 14th District - DEM,DEM,"J.M. ""MIKE"" WITHERS",42
Barbour,PRECINCT 7,STATE EXECUTIVE COMMITTEE, 14th District - DEM,DEM,"J.M. ""MIKE"" WITHERS",55
Barbour,PRECINCT 8,STATE EXECUTIVE COMMITTEE, 14th District - DEM,DEM,"J.M. ""MIKE"" WITHERS",72
Barbour,PRECINCT 9,STATE EXECUTIVE COMMITTEE, 14th District - DEM,DEM,"J.M. ""MIKE"" WITHERS",25
Barbour,PRECINCT 10,STATE EXECUTIVE COMMITTEE, 14th District - DEM,DEM,"J.M. ""MIKE"" WITHERS",21
Barbour,PRECINCT 11,STATE EXECUTIVE COMMITTEE, 14th District - DEM,DEM,"J.M. ""MIKE"" WITHERS",35
Barbour,PRECINCT 12,STATE EXECUTIVE COMMITTEE, 14th District - DEM,DEM,"J.M. ""MIKE"" WITHERS",51
Barbour,PRECINCT 13,STATE EXECUTIVE COMMITTEE, 14th District - DEM,DEM,"J.M. ""MIKE"" WITHERS",82
Barbour,PRECINCT 14,STATE EXECUTIVE COMMITTEE, 14th District - DEM,DEM,"J.M. ""MIKE"" WITHERS",13
Barbour,PRECINCT 15,STATE EXECUTIVE COMMITTEE, 14th District - DEM,DEM,"J.M. ""MIKE"" WITHERS",13
Barbour,PRECINCT 16,STATE EXECUTIVE COMMITTEE, 14th District - DEM,DEM,"J.M. ""MIKE"" WITHERS",21
Barbour,PRECINCT 1,COUNTY COMMISSIONER,,,STEPHEN B. CROSS,14
Barbour,PRECINCT 2,COUNTY COMMISSIONER,,,STEPHEN B. CROSS,44
Barbour,PRECINCT 3,COUNTY COMMISSIONER,,,STEPHEN B. CROSS,63
Barbour,PRECINCT 4,COUNTY COMMISSIONER,,,STEPHEN B. CROSS,50
Barbour,PRECINCT 5,COUNTY COMMISSIONER,,,STEPHEN B. CROSS,62
Barbour,PRECINCT 6,COUNTY COMMISSIONER,,,STEPHEN B. CROSS,35
Barbour,PRECINCT 7,COUNTY COMMISSIONER,,,STEPHEN B. CROSS,42
Barbour,PRECINCT 8,COUNTY COMMISSIONER,,,STEPHEN B. CROSS,52
Barbour,PRECINCT 9,COUNTY COMMISSIONER,,,STEPHEN B. CROSS,12
Barbour,PRECINCT 10,COUNTY COMMISSIONER,,,STEPHEN B. CROSS,16
Barbour,PRECINCT 11,COUNTY COMMISSIONER,,,STEPHEN B. CROSS,24
Barbour,PRECINCT 12,COUNTY COMMISSIONER,,,STEPHEN B. CROSS,43
Barbour,PRECINCT 13,COUNTY COMMISSIONER,,,STEPHEN B. CROSS,58
Barbour,PRECINCT 14,COUNTY COMMISSIONER,,,STEPHEN B. CROSS,16
Barbour,PRECINCT 15,COUNTY COMMISSIONER,,,STEPHEN B. CROSS,14
Barbour,PRECINCT 16,COUNTY COMMISSIONER,,,STEPHEN B. CROSS,7
Barbour,PRECINCT 1,COUNTY COMMISSIONER,,,CINDY HART,15
Barbour,PRECINCT 2,COUNTY COMMISSIONER,,,CINDY HART,68
Barbour,PRECINCT 3,COUNTY COMMISSIONER,,,CINDY HART,78
Barbour,PRECINCT 4,COUNTY COMMISSIONER,,,CINDY HART,57
Barbour,PRECINCT 5,COUNTY COMMISSIONER,,,CINDY HART,62
Barbour,PRECINCT 6,COUNTY COMMISSIONER,,,CINDY HART,37
Barbour,PRECINCT 7,COUNTY COMMISSIONER,,,CINDY HART,60
Barbour,PRECINCT 8,COUNTY COMMISSIONER,,,CINDY HART,62
Barbour,PRECINCT 9,COUNTY COMMISSIONER,,,CINDY HART,25
Barbour,PRECINCT 10,COUNTY COMMISSIONER,,,CINDY HART,25
Barbour,PRECINCT 11,COUNTY COMMISSIONER,,,CINDY HART,37
Barbour,PRECINCT 12,COUNTY COMMISSIONER,,,CINDY HART,44
Barbour,PRECINCT 13,COUNTY COMMISSIONER,,,CINDY HART,69
Barbour,PRECINCT 14,COUNTY COMMISSIONER,,,CINDY HART,13
Barbour,PRECINCT 15,COUNTY COMMISSIONER,,,CINDY HART,8
Barbour,PRECINCT 16,COUNTY COMMISSIONER,,,CINDY HART,18
Barbour,PRECINCT 1,CONGRESSIONAL DISTRICT EXECUTIVE COMMITTEE MALE,,S  FILED,NO CANDIDATE,0
Barbour,PRECINCT 2,CONGRESSIONAL DISTRICT EXECUTIVE COMMITTEE MALE,,S  FILED,NO CANDIDATE,0
Barbour,PRECINCT 3,CONGRESSIONAL DISTRICT EXECUTIVE COMMITTEE MALE,,S  FILED,NO CANDIDATE,0
Barbour,PRECINCT 4,CONGRESSIONAL DISTRICT EXECUTIVE COMMITTEE MALE,,S  FILED,NO CANDIDATE,0
Barbour,PRECINCT 5,CONGRESSIONAL DISTRICT EXECUTIVE COMMITTEE MALE,,S  FILED,NO CANDIDATE,0
Barbour,PRECINCT 6,CONGRESSIONAL DISTRICT EXECUTIVE COMMITTEE MALE,,S  FILED,NO CANDIDATE,0
Barbour,PRECINCT 7,CONGRESSIONAL DISTRICT EXECUTIVE COMMITTEE MALE,,S  FILED,NO CANDIDATE,0
Barbour,PRECINCT 8,CONGRESSIONAL DISTRICT EXECUTIVE COMMITTEE MALE,,S  FILED,NO CANDIDATE,0
Barbour,PRECINCT 9,CONGRESSIONAL DISTRICT EXECUTIVE COMMITTEE MALE,,S  FILED,NO CANDIDATE,0
Barbour,PRECINCT 10,CONGRESSIONAL DISTRICT EXECUTIVE COMMITTEE MALE,,S  FILED,NO CANDIDATE,0
Barbour,PRECINCT 11,CONGRESSIONAL DISTRICT EXECUTIVE COMMITTEE MALE,,S  FILED,NO CANDIDATE,0
Barbour,PRECINCT 12,CONGRESSIONAL DISTRICT EXECUTIVE COMMITTEE MALE,,S  FILED,NO CANDIDATE,0
Barbour,PRECINCT 13,CONGRESSIONAL DISTRICT EXECUTIVE COMMITTEE MALE,,S  FILED,NO CANDIDATE,0
Barbour,PRECINCT 14,CONGRESSIONAL DISTRICT EXECUTIVE COMMITTEE MALE,,S  FILED,NO CANDIDATE,0
Barbour,PRECINCT 15,CONGRESSIONAL DISTRICT EXECUTIVE COMMITTEE MALE,,S  FILED,NO CANDIDATE,0
Barbour,PRECINCT 16,CONGRESSIONAL DISTRICT EXECUTIVE COMMITTEE MALE,,S  FILED,NO CANDIDATE,0
Barbour,PRECINCT 1,SENATORIAL DISTRICT EXECUTIVE COMMITTEE MALE,,S  FILED,NO CANDIDATE,0
Barbour,PRECINCT 2,SENATORIAL DISTRICT EXECUTIVE COMMITTEE MALE,,S  FILED,NO CANDIDATE,0
Barbour,PRECINCT 3,SENATORIAL DISTRICT EXECUTIVE COMMITTEE MALE,,S  FILED,NO CANDIDATE,0
Barbour,PRECINCT 4,SENATORIAL DISTRICT EXECUTIVE COMMITTEE MALE,,S  FILED,NO CANDIDATE,0
Barbour,PRECINCT 5,SENATORIAL DISTRICT EXECUTIVE COMMITTEE MALE,,S  FILED,NO CANDIDATE,0
Barbour,PRECINCT 6,SENATORIAL DISTRICT EXECUTIVE COMMITTEE MALE,,S  FILED,NO CANDIDATE,0
Barbour,PRECINCT 7,SENATORIAL DISTRICT EXECUTIVE COMMITTEE MALE,,S  FILED,NO CANDIDATE,0
Barbour,PRECINCT 8,SENATORIAL DISTRICT EXECUTIVE COMMITTEE MALE,,S  FILED,NO CANDIDATE,0
Barbour,PRECINCT 9,SENATORIAL DISTRICT EXECUTIVE COMMITTEE MALE,,S  FILED,NO CANDIDATE,0
Barbour,PRECINCT 10,SENATORIAL DISTRICT EXECUTIVE COMMITTEE MALE,,S  FILED,NO CANDIDATE,0
Barbour,PRECINCT 11,SENATORIAL DISTRICT EXECUTIVE COMMITTEE MALE,,S  FILED,NO CANDIDATE,0
Barbour,PRECINCT 12,SENATORIAL DISTRICT EXECUTIVE COMMITTEE MALE,,S  FILED,NO CANDIDATE,0
Barbour,PRECINCT 13,SENATORIAL DISTRICT EXECUTIVE COMMITTEE MALE,,S  FILED,NO CANDIDATE,0
Barbour,PRECINCT 14,SENATORIAL DISTRICT EXECUTIVE COMMITTEE MALE,,S  FILED,NO CANDIDATE,0
Barbour,PRECINCT 15,SENATORIAL DISTRICT EXECUTIVE COMMITTEE MALE,,S  FILED,NO CANDIDATE,0
Barbour,PRECINCT 16,SENATORIAL DISTRICT EXECUTIVE COMMITTEE MALE,,S  FILED,NO CANDIDATE,0
Barbour,PRECINCT 1,DELEGATE DISTRICT EXECUTIVE COMMITTEE MALE,,S  FILED,NO CANDIDATE,0
Barbour,PRECINCT 2,DELEGATE DISTRICT EXECUTIVE COMMITTEE MALE,,S  FILED,NO CANDIDATE,0
Barbour,PRECINCT 3,DELEGATE DISTRICT EXECUTIVE COMMITTEE MALE,,S  FILED,NO CANDIDATE,0
Barbour,PRECINCT 4,DELEGATE DISTRICT EXECUTIVE COMMITTEE MALE,,S  FILED,NO CANDIDATE,0
Barbour,PRECINCT 5,DELEGATE DISTRICT EXECUTIVE COMMITTEE MALE,,S  FILED,NO CANDIDATE,0
Barbour,PRECINCT 6,DELEGATE DISTRICT EXECUTIVE COMMITTEE MALE,,S  FILED,NO CANDIDATE,0
Barbour,PRECINCT 7,DELEGATE DISTRICT EXECUTIVE COMMITTEE MALE,,S  FILED,NO CANDIDATE,0
Barbour,PRECINCT 8,DELEGATE DISTRICT EXECUTIVE COMMITTEE MALE,,S  FILED,NO CANDIDATE,0
Barbour,PRECINCT 9,DELEGATE DISTRICT EXECUTIVE COMMITTEE MALE,,S  FILED,NO CANDIDATE,0
Barbour,PRECINCT 10,DELEGATE DISTRICT EXECUTIVE COMMITTEE MALE,,S  FILED,NO CANDIDATE,0
Barbour,PRECINCT 11,DELEGATE DISTRICT EXECUTIVE COMMITTEE MALE,,S  FILED,NO CANDIDATE,0
Barbour,PRECINCT 12,DELEGATE DISTRICT EXECUTIVE COMMITTEE MALE,,S  FILED,NO CANDIDATE,0
Barbour,PRECINCT 13,DELEGATE DISTRICT EXECUTIVE COMMITTEE MALE,,S  FILED,NO CANDIDATE,0
Barbour,PRECINCT 14,DELEGATE DISTRICT EXECUTIVE COMMITTEE MALE,,S  FILED,NO CANDIDATE,0
Barbour,PRECINCT 15,DELEGATE DISTRICT EXECUTIVE COMMITTEE MALE,,S  FILED,NO CANDIDATE,0
Barbour,PRECINCT 16,DELEGATE DISTRICT EXECUTIVE COMMITTEE MALE,,S  FILED,NO CANDIDATE,0
Barbour,PRECINCT 5,COUNTY EXECUTIVE COMMITTEE FEMALE North District,,,ELOISE WRIGHT HOLLEN,69
Barbour,PRECINCT 7,COUNTY EXECUTIVE COMMITTEE FEMALE North District,,,ELOISE WRIGHT HOLLEN,66
Barbour,PRECINCT 8,COUNTY EXECUTIVE COMMITTEE FEMALE North District,,,ELOISE WRIGHT HOLLEN,71
Barbour,PRECINCT 9,COUNTY EXECUTIVE COMMITTEE FEMALE North District,,,ELOISE WRIGHT HOLLEN,20
Barbour,PRECINCT 10,COUNTY EXECUTIVE COMMITTEE FEMALE North District,,,ELOISE WRIGHT HOLLEN,24
Barbour,PRECINCT 5,COUNTY EXECUTIVE COMMITTEE FEMALE North District,,,JOYCE WILSON,98
Barbour,PRECINCT 7,COUNTY EXECUTIVE COMMITTEE FEMALE North District,,,JOYCE WILSON,77
Barbour,PRECINCT 8,COUNTY EXECUTIVE COMMITTEE FEMALE North District,,,JOYCE WILSON,95
Barbour,PRECINCT 9,COUNTY EXECUTIVE COMMITTEE FEMALE North District,,,JOYCE WILSON,32
Barbour,PRECINCT 10,COUNTY EXECUTIVE COMMITTEE FEMALE North District,,,JOYCE WILSON,31
Barbour,PRECINCT 6,COUNTY EXECUTIVE COMMITTEE FEMALE West District,,,SHARON CORLEY,67
Barbour,PRECINCT 11,COUNTY EXECUTIVE COMMITTEE FEMALE West District,,,SHARON CORLEY,41
Barbour,PRECINCT 12,COUNTY EXECUTIVE COMMITTEE FEMALE West District,,,SHARON CORLEY,59
Barbour,PRECINCT 13,COUNTY EXECUTIVE COMMITTEE FEMALE West District,,,SHARON CORLEY,94
Barbour,PRECINCT 14,COUNTY EXECUTIVE COMMITTEE FEMALE West District,,,SHARON CORLEY,22
Barbour,PRECINCT 15,COUNTY EXECUTIVE COMMITTEE FEMALE West District,,,SHARON CORLEY,17
Barbour,PRECINCT 16,COUNTY EXECUTIVE COMMITTEE FEMALE West District,,,SHARON CORLEY,19
Barbour,PRECINCT 6,COUNTY EXECUTIVE COMMITTEE FEMALE West District,,,TAMMY STEMPLE,38
Barbour,PRECINCT 11,COUNTY EXECUTIVE COMMITTEE FEMALE West District,,,TAMMY STEMPLE,35
Barbour,PRECINCT 12,COUNTY EXECUTIVE COMMITTEE FEMALE West District,,,TAMMY STEMPLE,54
Barbour,PRECINCT 13,COUNTY EXECUTIVE COMMITTEE FEMALE West District,,,TAMMY STEMPLE,69
Barbour,PRECINCT 14,COUNTY EXECUTIVE COMMITTEE FEMALE West District,,,TAMMY STEMPLE,20
Barbour,PRECINCT 15,COUNTY EXECUTIVE COMMITTEE FEMALE West District,,,TAMMY STEMPLE,12
Barbour,PRECINCT 16,COUNTY EXECUTIVE COMMITTEE FEMALE West District,,,TAMMY STEMPLE,21
Barbour,PRECINCT 5,COUNTY EXECUTIVE COMMITTEE MALE North District,,,MARK HOLLEN,102
Barbour,PRECINCT 7,COUNTY EXECUTIVE COMMITTEE MALE North District,,,MARK HOLLEN,88
Barbour,PRECINCT 8,COUNTY EXECUTIVE COMMITTEE MALE North District,,,MARK HOLLEN,106
Barbour,PRECINCT 9,COUNTY EXECUTIVE COMMITTEE MALE North District,,,MARK HOLLEN,33
Barbour,PRECINCT 10,COUNTY EXECUTIVE COMMITTEE MALE North District,,,MARK HOLLEN,30
Barbour,PRECINCT 1,COUNTY EXECUTIVE COMMITTEE MALE South District,,,"CHARLES ""CHUCK"" COLEMAN",25
Barbour,PRECINCT 2,COUNTY EXECUTIVE COMMITTEE MALE South District,,,"CHARLES ""CHUCK"" COLEMAN",90
Barbour,PRECINCT 3,COUNTY EXECUTIVE COMMITTEE MALE South District,,,"CHARLES ""CHUCK"" COLEMAN",119
Barbour,PRECINCT 4,COUNTY EXECUTIVE COMMITTEE MALE South District,,,"CHARLES ""CHUCK"" COLEMAN",76
Barbour,PRECINCT 6,COUNTY EXECUTIVE COMMITTEE MALE West District,,,LARRY A. CORLEY,70
Barbour,PRECINCT 11,COUNTY EXECUTIVE COMMITTEE MALE West District,,,LARRY A. CORLEY,49
Barbour,PRECINCT 12,COUNTY EXECUTIVE COMMITTEE MALE West District,,,LARRY A. CORLEY,69
Barbour,PRECINCT 13,COUNTY EXECUTIVE COMMITTEE MALE West District,,,LARRY A. CORLEY,107
Barbour,PRECINCT 14,COUNTY EXECUTIVE COMMITTEE MALE West District,,,LARRY A. CORLEY,29
Barbour,PRECINCT 15,COUNTY EXECUTIVE COMMITTEE MALE West District,,,LARRY A. CORLEY,19
Barbour,PRECINCT 16,COUNTY EXECUTIVE COMMITTEE MALE West District,,,LARRY A. CORLEY,24
Barbour,PRECINCT 1,NON-PARTISAN BOARD OF EDUCATION,,,JOANNE McCONNELL,42
Barbour,PRECINCT 2,NON-PARTISAN BOARD OF EDUCATION,,,JOANNE McCONNELL,123
Barbour,PRECINCT 3,NON-PARTISAN BOARD OF EDUCATION,,,JOANNE McCONNELL,123
Barbour,PRECINCT 4,NON-PARTISAN BOARD OF EDUCATION,,,JOANNE McCONNELL,132
Barbour,PRECINCT 5,NON-PARTISAN BOARD OF EDUCATION,,,JOANNE McCONNELL,161
Barbour,PRECINCT 6,NON-PARTISAN BOARD OF EDUCATION,,,JOANNE McCONNELL,65
Barbour,PRECINCT 7,NON-PARTISAN BOARD OF EDUCATION,,,JOANNE McCONNELL,123
Barbour,PRECINCT 8,NON-PARTISAN BOARD OF EDUCATION,,,JOANNE McCONNELL,160
Barbour,PRECINCT 9,NON-PARTISAN BOARD OF EDUCATION,,,JOANNE McCONNELL,43
Barbour,PRECINCT 10,NON-PARTISAN BOARD OF EDUCATION,,,JOANNE McCONNELL,83
Barbour,PRECINCT 11,NON-PARTISAN BOARD OF EDUCATION,,,JOANNE McCONNELL,79
Barbour,PRECINCT 12,NON-PARTISAN BOARD OF EDUCATION,,,JOANNE McCONNELL,127
Barbour,PRECINCT 13,NON-PARTISAN BOARD OF EDUCATION,,,JOANNE McCONNELL,157
Barbour,PRECINCT 14,NON-PARTISAN BOARD OF EDUCATION,,,JOANNE McCONNELL,49
Barbour,PRECINCT 15,NON-PARTISAN BOARD OF EDUCATION,,,JOANNE McCONNELL,31
Barbour,PRECINCT 16,NON-PARTISAN BOARD OF EDUCATION,,,JOANNE McCONNELL,36
Barbour,PRECINCT 1,NON-PARTISAN BOARD OF EDUCATION,,,DAVID EVERSON,59
Barbour,PRECINCT 2,NON-PARTISAN BOARD OF EDUCATION,,,DAVID EVERSON,176
Barbour,PRECINCT 3,NON-PARTISAN BOARD OF EDUCATION,,,DAVID EVERSON,171
Barbour,PRECINCT 4,NON-PARTISAN BOARD OF EDUCATION,,,DAVID EVERSON,160
Barbour,PRECINCT 5,NON-PARTISAN BOARD OF EDUCATION,,,DAVID EVERSON,147
Barbour,PRECINCT 6,NON-PARTISAN BOARD OF EDUCATION,,,DAVID EVERSON,46
Barbour,PRECINCT 7,NON-PARTISAN BOARD OF EDUCATION,,,DAVID EVERSON,80
Barbour,PRECINCT 8,NON-PARTISAN BOARD OF EDUCATION,,,DAVID EVERSON,148
Barbour,PRECINCT 9,NON-PARTISAN BOARD OF EDUCATION,,,DAVID EVERSON,42
Barbour,PRECINCT 10,NON-PARTISAN BOARD OF EDUCATION,,,DAVID EVERSON,51
Barbour,PRECINCT 11,NON-PARTISAN BOARD OF EDUCATION,,,DAVID EVERSON,44
Barbour,PRECINCT 12,NON-PARTISAN BOARD OF EDUCATION,,,DAVID EVERSON,86
Barbour,PRECINCT 13,NON-PARTISAN BOARD OF EDUCATION,,,DAVID EVERSON,112
Barbour,PRECINCT 14,NON-PARTISAN BOARD OF EDUCATION,,,DAVID EVERSON,31
Barbour,PRECINCT 15,NON-PARTISAN BOARD OF EDUCATION,,,DAVID EVERSON,26
Barbour,PRECINCT 16,NON-PARTISAN BOARD OF EDUCATION,,,DAVID EVERSON,26
Barbour,PRECINCT 1,NON-PARTISAN BOARD OF EDUCATION,,,MATT RYAN,62
Barbour,PRECINCT 2,NON-PARTISAN BOARD OF EDUCATION,,,MATT RYAN,158
Barbour,PRECINCT 3,NON-PARTISAN BOARD OF EDUCATION,,,MATT RYAN,150
Barbour,PRECINCT 4,NON-PARTISAN BOARD OF EDUCATION,,,MATT RYAN,147
Barbour,PRECINCT 5,NON-PARTISAN BOARD OF EDUCATION,,,MATT RYAN,111
Barbour,PRECINCT 6,NON-PARTISAN BOARD OF EDUCATION,,,MATT RYAN,48
Barbour,PRECINCT 7,NON-PARTISAN BOARD OF EDUCATION,,,MATT RYAN,78
Barbour,PRECINCT 8,NON-PARTISAN BOARD OF EDUCATION,,,MATT RYAN,122
Barbour,PRECINCT 9,NON-PARTISAN BOARD OF EDUCATION,,,MATT RYAN,45
Barbour,PRECINCT 10,NON-PARTISAN BOARD OF EDUCATION,,,MATT RYAN,79
Barbour,PRECINCT 11,NON-PARTISAN BOARD OF EDUCATION,,,MATT RYAN,43
Barbour,PRECINCT 12,NON-PARTISAN BOARD OF EDUCATION,,,MATT RYAN,88
Barbour,PRECINCT 13,NON-PARTISAN BOARD OF EDUCATION,,,MATT RYAN,97
Barbour,PRECINCT 14,NON-PARTISAN BOARD OF EDUCATION,,,MATT RYAN,28
Barbour,PRECINCT 15,NON-PARTISAN BOARD OF EDUCATION,,,MATT RYAN,19
Barbour,PRECINCT 16,NON-PARTISAN BOARD OF EDUCATION,,,MATT RYAN,21
Barbour,PRECINCT 1,NON-PARTISAN BOARD OF EDUCATION,,,RONALD PHILLIPS,52
Barbour,PRECINCT 2,NON-PARTISAN BOARD OF EDUCATION,,,RONALD PHILLIPS,162
Barbour,PRECINCT 3,NON-PARTISAN BOARD OF EDUCATION,,,RONALD PHILLIPS,178
Barbour,PRECINCT 4,NON-PARTISAN BOARD OF EDUCATION,,,RONALD PHILLIPS,189
Barbour,PRECINCT 5,NON-PARTISAN BOARD OF EDUCATION,,,RONALD PHILLIPS,186
Barbour,PRECINCT 6,NON-PARTISAN BOARD OF EDUCATION,,,RONALD PHILLIPS,79
Barbour,PRECINCT 7,NON-PARTISAN BOARD OF EDUCATION,,,RONALD PHILLIPS,147
Barbour,PRECINCT 8,NON-PARTISAN BOARD OF EDUCATION,,,RONALD PHILLIPS,205
Barbour,PRECINCT 9,NON-PARTISAN BOARD OF EDUCATION,,,RONALD PHILLIPS,73
Barbour,PRECINCT 10,NON-PARTISAN BOARD OF EDUCATION,,,RONALD PHILLIPS,100
Barbour,PRECINCT 11,NON-PARTISAN BOARD OF EDUCATION,,,RONALD PHILLIPS,93
Barbour,PRECINCT 12,NON-PARTISAN BOARD OF EDUCATION,,,RONALD PHILLIPS,131
Barbour,PRECINCT 13,NON-PARTISAN BOARD OF EDUCATION,,,RONALD PHILLIPS,212
Barbour,PRECINCT 14,NON-PARTISAN BOARD OF EDUCATION,,,RONALD PHILLIPS,46
Barbour,PRECINCT 15,NON-PARTISAN BOARD OF EDUCATION,,,RONALD PHILLIPS,33
Barbour,PRECINCT 16,NON-PARTISAN BOARD OF EDUCATION,,,RONALD PHILLIPS,40
Barbour,PRECINCT 1,CONSERVATION DISTRICT SUPERVISOR,,,"ROBERT LEE TRUE, JR",89
Barbour,PRECINCT 2,CONSERVATION DISTRICT SUPERVISOR,,,"ROBERT LEE TRUE, JR",255
Barbour,PRECINCT 3,CONSERVATION DISTRICT SUPERVISOR,,,"ROBERT LEE TRUE, JR",255
Barbour,PRECINCT 4,CONSERVATION DISTRICT SUPERVISOR,,,"ROBERT LEE TRUE, JR",255
Barbour,PRECINCT 5,CONSERVATION DISTRICT SUPERVISOR,,,"ROBERT LEE TRUE, JR",241
Barbour,PRECINCT 6,CONSERVATION DISTRICT SUPERVISOR,,,"ROBERT LEE TRUE, JR",100
Barbour,PRECINCT 7,CONSERVATION DISTRICT SUPERVISOR,,,"ROBERT LEE TRUE, JR",179
Barbour,PRECINCT 8,CONSERVATION DISTRICT SUPERVISOR,,,"ROBERT LEE TRUE, JR",266
Barbour,PRECINCT 9,CONSERVATION DISTRICT SUPERVISOR,,,"ROBERT LEE TRUE, JR",85
Barbour,PRECINCT 10,CONSERVATION DISTRICT SUPERVISOR,,,"ROBERT LEE TRUE, JR",133
Barbour,PRECINCT 11,CONSERVATION DISTRICT SUPERVISOR,,,"ROBERT LEE TRUE, JR",103
Barbour,PRECINCT 12,CONSERVATION DISTRICT SUPERVISOR,,,"ROBERT LEE TRUE, JR",170
Barbour,PRECINCT 13,CONSERVATION DISTRICT SUPERVISOR,,,"ROBERT LEE TRUE, JR",236
Barbour,PRECINCT 14,CONSERVATION DISTRICT SUPERVISOR,,,"ROBERT LEE TRUE, JR",62
Barbour,PRECINCT 15,CONSERVATION DISTRICT SUPERVISOR,,,"ROBERT LEE TRUE, JR",41
Barbour,PRECINCT 16,CONSERVATION DISTRICT SUPERVISOR,,,"ROBERT LEE TRUE, JR",53
