county,office,district,party,candidate,votes
Barbour,U.S. Senate,,REP,DON BLANKENSHIP,372
Berkeley,U.S. Senate,,REP,DON BLANKENSHIP,624
Boone,U.S. Senate,,REP,DON BLANKENSHIP,316
Braxton,U.S. Senate,,REP,DON BLANKENSHIP,171
Brooke,U.S. Senate,,REP,DON BLANKENSHIP,271
Cabell,U.S. Senate,,REP,DON BLANKENSHIP,949
Calhoun,U.S. Senate,,REP,DON BLANKENSHIP,115
Clay,U.S. Senate,,REP,DON BLANKENSHIP,152
Doddridge,U.S. Senate,,REP,DON BLANKENSHIP,267
Fayette,U.S. Senate,,REP,DON BLANKENSHIP,418
Gilmer,U.S. Senate,,REP,DON BLANKENSHIP,118
Grant,U.S. Senate,,REP,DON BLANKENSHIP,389
Greenbrier,U.S. Senate,,REP,DON BLANKENSHIP,579
Hampshire,U.S. Senate,,REP,DON BLANKENSHIP,276
Hancock,U.S. Senate,,REP,DON BLANKENSHIP,372
Hardy,U.S. Senate,,REP,DON BLANKENSHIP,143
Harrison,U.S. Senate,,REP,DON BLANKENSHIP,903
Jackson,U.S. Senate,,REP,DON BLANKENSHIP,792
Jefferson,U.S. Senate,,REP,DON BLANKENSHIP,366
Kanawha,U.S. Senate,,REP,DON BLANKENSHIP,3313
Lewis,U.S. Senate,,REP,DON BLANKENSHIP,467
Lincoln,U.S. Senate,,REP,DON BLANKENSHIP,267
Logan,U.S. Senate,,REP,DON BLANKENSHIP,412
Marion,U.S. Senate,,REP,DON BLANKENSHIP,577
Marshall,U.S. Senate,,REP,DON BLANKENSHIP,402
Mason,U.S. Senate,,REP,DON BLANKENSHIP,437
McDowell,U.S. Senate,,REP,DON BLANKENSHIP,168
Mercer,U.S. Senate,,REP,DON BLANKENSHIP,936
Mineral,U.S. Senate,,REP,DON BLANKENSHIP,298
Mingo,U.S. Senate,,REP,DON BLANKENSHIP,538
Monongalia,U.S. Senate,,REP,DON BLANKENSHIP,763
Monroe,U.S. Senate,,REP,DON BLANKENSHIP,238
Morgan,U.S. Senate,,REP,DON BLANKENSHIP,340
Nicholas,U.S. Senate,,REP,DON BLANKENSHIP,696
Ohio,U.S. Senate,,REP,DON BLANKENSHIP,501
Pendleton,U.S. Senate,,REP,DON BLANKENSHIP,96
Pleasants,U.S. Senate,,REP,DON BLANKENSHIP,144
Pocahontas,U.S. Senate,,REP,DON BLANKENSHIP,120
Preston,U.S. Senate,,REP,DON BLANKENSHIP,766
Putnam,U.S. Senate,,REP,DON BLANKENSHIP,1290
Raleigh,U.S. Senate,,REP,DON BLANKENSHIP,1420
Randolph,U.S. Senate,,REP,DON BLANKENSHIP,382
Ritchie,U.S. Senate,,REP,DON BLANKENSHIP,478
Roane,U.S. Senate,,REP,DON BLANKENSHIP,337
Summers,U.S. Senate,,REP,DON BLANKENSHIP,189
Taylor,U.S. Senate,,REP,DON BLANKENSHIP,295
Tucker,U.S. Senate,,REP,DON BLANKENSHIP,145
Tyler,U.S. Senate,,REP,DON BLANKENSHIP,257
Upshur,U.S. Senate,,REP,DON BLANKENSHIP,801
Wayne,U.S. Senate,,REP,DON BLANKENSHIP,501
Webster,U.S. Senate,,REP,DON BLANKENSHIP,119
Wetzel,U.S. Senate,,REP,DON BLANKENSHIP,172
Wirt,U.S. Senate,,REP,DON BLANKENSHIP,120
Wood,U.S. Senate,,REP,DON BLANKENSHIP,1641
Wyoming,U.S. Senate,,REP,DON BLANKENSHIP,259
Barbour,U.S. Senate,,REP,BO COPLEY,51
Berkeley,U.S. Senate,,REP,BO COPLEY,49
Boone,U.S. Senate,,REP,BO COPLEY,64
Braxton,U.S. Senate,,REP,BO COPLEY,22
Brooke,U.S. Senate,,REP,BO COPLEY,16
Cabell,U.S. Senate,,REP,BO COPLEY,141
Calhoun,U.S. Senate,,REP,BO COPLEY,10
Clay,U.S. Senate,,REP,BO COPLEY,10
Doddridge,U.S. Senate,,REP,BO COPLEY,42
Fayette,U.S. Senate,,REP,BO COPLEY,72
Gilmer,U.S. Senate,,REP,BO COPLEY,18
Grant,U.S. Senate,,REP,BO COPLEY,72
Greenbrier,U.S. Senate,,REP,BO COPLEY,98
Hampshire,U.S. Senate,,REP,BO COPLEY,27
Hancock,U.S. Senate,,REP,BO COPLEY,12
Hardy,U.S. Senate,,REP,BO COPLEY,27
Harrison,U.S. Senate,,REP,BO COPLEY,194
Jackson,U.S. Senate,,REP,BO COPLEY,110
Jefferson,U.S. Senate,,REP,BO COPLEY,36
Kanawha,U.S. Senate,,REP,BO COPLEY,477
Lewis,U.S. Senate,,REP,BO COPLEY,37
Lincoln,U.S. Senate,,REP,BO COPLEY,43
Logan,U.S. Senate,,REP,BO COPLEY,124
Marion,U.S. Senate,,REP,BO COPLEY,143
Marshall,U.S. Senate,,REP,BO COPLEY,50
Mason,U.S. Senate,,REP,BO COPLEY,74
McDowell,U.S. Senate,,REP,BO COPLEY,21
Mercer,U.S. Senate,,REP,BO COPLEY,161
Mineral,U.S. Senate,,REP,BO COPLEY,38
Mingo,U.S. Senate,,REP,BO COPLEY,282
Monongalia,U.S. Senate,,REP,BO COPLEY,101
Monroe,U.S. Senate,,REP,BO COPLEY,49
Morgan,U.S. Senate,,REP,BO COPLEY,23
Nicholas,U.S. Senate,,REP,BO COPLEY,95
Ohio,U.S. Senate,,REP,BO COPLEY,54
Pendleton,U.S. Senate,,REP,BO COPLEY,10
Pleasants,U.S. Senate,,REP,BO COPLEY,25
Pocahontas,U.S. Senate,,REP,BO COPLEY,23
Preston,U.S. Senate,,REP,BO COPLEY,115
Putnam,U.S. Senate,,REP,BO COPLEY,201
Raleigh,U.S. Senate,,REP,BO COPLEY,207
Randolph,U.S. Senate,,REP,BO COPLEY,49
Ritchie,U.S. Senate,,REP,BO COPLEY,58
Roane,U.S. Senate,,REP,BO COPLEY,55
Summers,U.S. Senate,,REP,BO COPLEY,30
Taylor,U.S. Senate,,REP,BO COPLEY,31
Tucker,U.S. Senate,,REP,BO COPLEY,20
Tyler,U.S. Senate,,REP,BO COPLEY,52
Upshur,U.S. Senate,,REP,BO COPLEY,86
Wayne,U.S. Senate,,REP,BO COPLEY,134
Webster,U.S. Senate,,REP,BO COPLEY,18
Wetzel,U.S. Senate,,REP,BO COPLEY,9
Wirt,U.S. Senate,,REP,BO COPLEY,21
Wood,U.S. Senate,,REP,BO COPLEY,205
Wyoming,U.S. Senate,,REP,BO COPLEY,56
Barbour,U.S. Senate,,REP,EVAN JENKINS,292
Berkeley,U.S. Senate,,REP,EVAN JENKINS,702
Boone,U.S. Senate,,REP,EVAN JENKINS,433
Braxton,U.S. Senate,,REP,EVAN JENKINS,169
Brooke,U.S. Senate,,REP,EVAN JENKINS,275
Cabell,U.S. Senate,,REP,EVAN JENKINS,3793
Calhoun,U.S. Senate,,REP,EVAN JENKINS,93
Clay,U.S. Senate,,REP,EVAN JENKINS,113
Doddridge,U.S. Senate,,REP,EVAN JENKINS,242
Fayette,U.S. Senate,,REP,EVAN JENKINS,920
Gilmer,U.S. Senate,,REP,EVAN JENKINS,93
Grant,U.S. Senate,,REP,EVAN JENKINS,360
Greenbrier,U.S. Senate,,REP,EVAN JENKINS,1315
Hampshire,U.S. Senate,,REP,EVAN JENKINS,255
Hancock,U.S. Senate,,REP,EVAN JENKINS,345
Hardy,U.S. Senate,,REP,EVAN JENKINS,153
Harrison,U.S. Senate,,REP,EVAN JENKINS,972
Jackson,U.S. Senate,,REP,EVAN JENKINS,866
Jefferson,U.S. Senate,,REP,EVAN JENKINS,418
Kanawha,U.S. Senate,,REP,EVAN JENKINS,4218
Lewis,U.S. Senate,,REP,EVAN JENKINS,368
Lincoln,U.S. Senate,,REP,EVAN JENKINS,406
Logan,U.S. Senate,,REP,EVAN JENKINS,572
Marion,U.S. Senate,,REP,EVAN JENKINS,775
Marshall,U.S. Senate,,REP,EVAN JENKINS,590
Mason,U.S. Senate,,REP,EVAN JENKINS,1049
McDowell,U.S. Senate,,REP,EVAN JENKINS,250
Mercer,U.S. Senate,,REP,EVAN JENKINS,2141
Mineral,U.S. Senate,,REP,EVAN JENKINS,408
Mingo,U.S. Senate,,REP,EVAN JENKINS,268
Monongalia,U.S. Senate,,REP,EVAN JENKINS,1148
Monroe,U.S. Senate,,REP,EVAN JENKINS,637
Morgan,U.S. Senate,,REP,EVAN JENKINS,253
Nicholas,U.S. Senate,,REP,EVAN JENKINS,1062
Ohio,U.S. Senate,,REP,EVAN JENKINS,949
Pendleton,U.S. Senate,,REP,EVAN JENKINS,86
Pleasants,U.S. Senate,,REP,EVAN JENKINS,166
Pocahontas,U.S. Senate,,REP,EVAN JENKINS,336
Preston,U.S. Senate,,REP,EVAN JENKINS,790
Putnam,U.S. Senate,,REP,EVAN JENKINS,1906
Raleigh,U.S. Senate,,REP,EVAN JENKINS,2669
Randolph,U.S. Senate,,REP,EVAN JENKINS,394
Ritchie,U.S. Senate,,REP,EVAN JENKINS,394
Roane,U.S. Senate,,REP,EVAN JENKINS,302
Summers,U.S. Senate,,REP,EVAN JENKINS,441
Taylor,U.S. Senate,,REP,EVAN JENKINS,294
Tucker,U.S. Senate,,REP,EVAN JENKINS,110
Tyler,U.S. Senate,,REP,EVAN JENKINS,276
Upshur,U.S. Senate,,REP,EVAN JENKINS,736
Wayne,U.S. Senate,,REP,EVAN JENKINS,1269
Webster,U.S. Senate,,REP,EVAN JENKINS,152
Wetzel,U.S. Senate,,REP,EVAN JENKINS,256
Wirt,U.S. Senate,,REP,EVAN JENKINS,156
Wood,U.S. Senate,,REP,EVAN JENKINS,1934
Wyoming,U.S. Senate,,REP,EVAN JENKINS,615
Barbour,U.S. Senate,,REP,PATRICK MORRISEY,631
Berkeley,U.S. Senate,,REP,PATRICK MORRISEY,4008
Boone,U.S. Senate,,REP,PATRICK MORRISEY,204
Braxton,U.S. Senate,,REP,PATRICK MORRISEY,265
Brooke,U.S. Senate,,REP,PATRICK MORRISEY,492
Cabell,U.S. Senate,,REP,PATRICK MORRISEY,1060
Calhoun,U.S. Senate,,REP,PATRICK MORRISEY,103
Clay,U.S. Senate,,REP,PATRICK MORRISEY,125
Doddridge,U.S. Senate,,REP,PATRICK MORRISEY,378
Fayette,U.S. Senate,,REP,PATRICK MORRISEY,413
Gilmer,U.S. Senate,,REP,PATRICK MORRISEY,159
Grant,U.S. Senate,,REP,PATRICK MORRISEY,1199
Greenbrier,U.S. Senate,,REP,PATRICK MORRISEY,869
Hampshire,U.S. Senate,,REP,PATRICK MORRISEY,1053
Hancock,U.S. Senate,,REP,PATRICK MORRISEY,652
Hardy,U.S. Senate,,REP,PATRICK MORRISEY,483
Harrison,U.S. Senate,,REP,PATRICK MORRISEY,1550
Jackson,U.S. Senate,,REP,PATRICK MORRISEY,932
Jefferson,U.S. Senate,,REP,PATRICK MORRISEY,2894
Kanawha,U.S. Senate,,REP,PATRICK MORRISEY,3702
Lewis,U.S. Senate,,REP,PATRICK MORRISEY,561
Lincoln,U.S. Senate,,REP,PATRICK MORRISEY,180
Logan,U.S. Senate,,REP,PATRICK MORRISEY,185
Marion,U.S. Senate,,REP,PATRICK MORRISEY,1374
Marshall,U.S. Senate,,REP,PATRICK MORRISEY,969
Mason,U.S. Senate,,REP,PATRICK MORRISEY,581
McDowell,U.S. Senate,,REP,PATRICK MORRISEY,95
Mercer,U.S. Senate,,REP,PATRICK MORRISEY,947
Mineral,U.S. Senate,,REP,PATRICK MORRISEY,1688
Mingo,U.S. Senate,,REP,PATRICK MORRISEY,88
Monongalia,U.S. Senate,,REP,PATRICK MORRISEY,2184
Monroe,U.S. Senate,,REP,PATRICK MORRISEY,398
Morgan,U.S. Senate,,REP,PATRICK MORRISEY,1292
Nicholas,U.S. Senate,,REP,PATRICK MORRISEY,576
Ohio,U.S. Senate,,REP,PATRICK MORRISEY,1710
Pendleton,U.S. Senate,,REP,PATRICK MORRISEY,323
Pleasants,U.S. Senate,,REP,PATRICK MORRISEY,250
Pocahontas,U.S. Senate,,REP,PATRICK MORRISEY,230
Preston,U.S. Senate,,REP,PATRICK MORRISEY,2258
Putnam,U.S. Senate,,REP,PATRICK MORRISEY,1453
Raleigh,U.S. Senate,,REP,PATRICK MORRISEY,1239
Randolph,U.S. Senate,,REP,PATRICK MORRISEY,664
Ritchie,U.S. Senate,,REP,PATRICK MORRISEY,658
Roane,U.S. Senate,,REP,PATRICK MORRISEY,291
Summers,U.S. Senate,,REP,PATRICK MORRISEY,264
Taylor,U.S. Senate,,REP,PATRICK MORRISEY,609
Tucker,U.S. Senate,,REP,PATRICK MORRISEY,277
Tyler,U.S. Senate,,REP,PATRICK MORRISEY,495
Upshur,U.S. Senate,,REP,PATRICK MORRISEY,1007
Wayne,U.S. Senate,,REP,PATRICK MORRISEY,456
Webster,U.S. Senate,,REP,PATRICK MORRISEY,60
Wetzel,U.S. Senate,,REP,PATRICK MORRISEY,310
Wirt,U.S. Senate,,REP,PATRICK MORRISEY,157
Wood,U.S. Senate,,REP,PATRICK MORRISEY,2775
Wyoming,U.S. Senate,,REP,PATRICK MORRISEY,231
Barbour,U.S. Senate,,REP,JACK NEWBROUGH,63
Berkeley,U.S. Senate,,REP,JACK NEWBROUGH,52
Boone,U.S. Senate,,REP,JACK NEWBROUGH,14
Braxton,U.S. Senate,,REP,JACK NEWBROUGH,24
Brooke,U.S. Senate,,REP,JACK NEWBROUGH,248
Cabell,U.S. Senate,,REP,JACK NEWBROUGH,60
Calhoun,U.S. Senate,,REP,JACK NEWBROUGH,7
Clay,U.S. Senate,,REP,JACK NEWBROUGH,15
Doddridge,U.S. Senate,,REP,JACK NEWBROUGH,58
Fayette,U.S. Senate,,REP,JACK NEWBROUGH,48
Gilmer,U.S. Senate,,REP,JACK NEWBROUGH,9
Grant,U.S. Senate,,REP,JACK NEWBROUGH,53
Greenbrier,U.S. Senate,,REP,JACK NEWBROUGH,33
Hampshire,U.S. Senate,,REP,JACK NEWBROUGH,20
Hancock,U.S. Senate,,REP,JACK NEWBROUGH,434
Hardy,U.S. Senate,,REP,JACK NEWBROUGH,15
Harrison,U.S. Senate,,REP,JACK NEWBROUGH,209
Jackson,U.S. Senate,,REP,JACK NEWBROUGH,47
Jefferson,U.S. Senate,,REP,JACK NEWBROUGH,32
Kanawha,U.S. Senate,,REP,JACK NEWBROUGH,210
Lewis,U.S. Senate,,REP,JACK NEWBROUGH,73
Lincoln,U.S. Senate,,REP,JACK NEWBROUGH,4
Logan,U.S. Senate,,REP,JACK NEWBROUGH,7
Marion,U.S. Senate,,REP,JACK NEWBROUGH,166
Marshall,U.S. Senate,,REP,JACK NEWBROUGH,224
Mason,U.S. Senate,,REP,JACK NEWBROUGH,50
McDowell,U.S. Senate,,REP,JACK NEWBROUGH,2
Mercer,U.S. Senate,,REP,JACK NEWBROUGH,63
Mineral,U.S. Senate,,REP,JACK NEWBROUGH,23
Mingo,U.S. Senate,,REP,JACK NEWBROUGH,2
Monongalia,U.S. Senate,,REP,JACK NEWBROUGH,175
Monroe,U.S. Senate,,REP,JACK NEWBROUGH,26
Morgan,U.S. Senate,,REP,JACK NEWBROUGH,41
Nicholas,U.S. Senate,,REP,JACK NEWBROUGH,38
Ohio,U.S. Senate,,REP,JACK NEWBROUGH,391
Pendleton,U.S. Senate,,REP,JACK NEWBROUGH,3
Pleasants,U.S. Senate,,REP,JACK NEWBROUGH,35
Pocahontas,U.S. Senate,,REP,JACK NEWBROUGH,22
Preston,U.S. Senate,,REP,JACK NEWBROUGH,142
Putnam,U.S. Senate,,REP,JACK NEWBROUGH,71
Raleigh,U.S. Senate,,REP,JACK NEWBROUGH,78
Randolph,U.S. Senate,,REP,JACK NEWBROUGH,74
Ritchie,U.S. Senate,,REP,JACK NEWBROUGH,85
Roane,U.S. Senate,,REP,JACK NEWBROUGH,27
Summers,U.S. Senate,,REP,JACK NEWBROUGH,26
Taylor,U.S. Senate,,REP,JACK NEWBROUGH,47
Tucker,U.S. Senate,,REP,JACK NEWBROUGH,13
Tyler,U.S. Senate,,REP,JACK NEWBROUGH,102
Upshur,U.S. Senate,,REP,JACK NEWBROUGH,133
Wayne,U.S. Senate,,REP,JACK NEWBROUGH,15
Webster,U.S. Senate,,REP,JACK NEWBROUGH,5
Wetzel,U.S. Senate,,REP,JACK NEWBROUGH,50
Wirt,U.S. Senate,,REP,JACK NEWBROUGH,20
Wood,U.S. Senate,,REP,JACK NEWBROUGH,222
Wyoming,U.S. Senate,,REP,JACK NEWBROUGH,9
Barbour,U.S. Senate,,REP,THOMAS (TOM) WILLIS,222
Berkeley,U.S. Senate,,REP,THOMAS (TOM) WILLIS,1937
Boone,U.S. Senate,,REP,THOMAS (TOM) WILLIS,62
Braxton,U.S. Senate,,REP,THOMAS (TOM) WILLIS,64
Brooke,U.S. Senate,,REP,THOMAS (TOM) WILLIS,54
Cabell,U.S. Senate,,REP,THOMAS (TOM) WILLIS,301
Calhoun,U.S. Senate,,REP,THOMAS (TOM) WILLIS,34
Clay,U.S. Senate,,REP,THOMAS (TOM) WILLIS,56
Doddridge,U.S. Senate,,REP,THOMAS (TOM) WILLIS,159
Fayette,U.S. Senate,,REP,THOMAS (TOM) WILLIS,242
Gilmer,U.S. Senate,,REP,THOMAS (TOM) WILLIS,32
Grant,U.S. Senate,,REP,THOMAS (TOM) WILLIS,276
Greenbrier,U.S. Senate,,REP,THOMAS (TOM) WILLIS,230
Hampshire,U.S. Senate,,REP,THOMAS (TOM) WILLIS,198
Hancock,U.S. Senate,,REP,THOMAS (TOM) WILLIS,127
Hardy,U.S. Senate,,REP,THOMAS (TOM) WILLIS,140
Harrison,U.S. Senate,,REP,THOMAS (TOM) WILLIS,507
Jackson,U.S. Senate,,REP,THOMAS (TOM) WILLIS,434
Jefferson,U.S. Senate,,REP,THOMAS (TOM) WILLIS,313
Kanawha,U.S. Senate,,REP,THOMAS (TOM) WILLIS,1383
Lewis,U.S. Senate,,REP,THOMAS (TOM) WILLIS,169
Lincoln,U.S. Senate,,REP,THOMAS (TOM) WILLIS,50
Logan,U.S. Senate,,REP,THOMAS (TOM) WILLIS,30
Marion,U.S. Senate,,REP,THOMAS (TOM) WILLIS,373
Marshall,U.S. Senate,,REP,THOMAS (TOM) WILLIS,193
Mason,U.S. Senate,,REP,THOMAS (TOM) WILLIS,141
McDowell,U.S. Senate,,REP,THOMAS (TOM) WILLIS,12
Mercer,U.S. Senate,,REP,THOMAS (TOM) WILLIS,203
Mineral,U.S. Senate,,REP,THOMAS (TOM) WILLIS,234
Mingo,U.S. Senate,,REP,THOMAS (TOM) WILLIS,6
Monongalia,U.S. Senate,,REP,THOMAS (TOM) WILLIS,408
Monroe,U.S. Senate,,REP,THOMAS (TOM) WILLIS,97
Morgan,U.S. Senate,,REP,THOMAS (TOM) WILLIS,491
Nicholas,U.S. Senate,,REP,THOMAS (TOM) WILLIS,131
Ohio,U.S. Senate,,REP,THOMAS (TOM) WILLIS,240
Pendleton,U.S. Senate,,REP,THOMAS (TOM) WILLIS,41
Pleasants,U.S. Senate,,REP,THOMAS (TOM) WILLIS,48
Pocahontas,U.S. Senate,,REP,THOMAS (TOM) WILLIS,44
Preston,U.S. Senate,,REP,THOMAS (TOM) WILLIS,472
Putnam,U.S. Senate,,REP,THOMAS (TOM) WILLIS,665
Raleigh,U.S. Senate,,REP,THOMAS (TOM) WILLIS,325
Randolph,U.S. Senate,,REP,THOMAS (TOM) WILLIS,168
Ritchie,U.S. Senate,,REP,THOMAS (TOM) WILLIS,137
Roane,U.S. Senate,,REP,THOMAS (TOM) WILLIS,141
Summers,U.S. Senate,,REP,THOMAS (TOM) WILLIS,65
Taylor,U.S. Senate,,REP,THOMAS (TOM) WILLIS,184
Tucker,U.S. Senate,,REP,THOMAS (TOM) WILLIS,77
Tyler,U.S. Senate,,REP,THOMAS (TOM) WILLIS,118
Upshur,U.S. Senate,,REP,THOMAS (TOM) WILLIS,488
Wayne,U.S. Senate,,REP,THOMAS (TOM) WILLIS,73
Webster,U.S. Senate,,REP,THOMAS (TOM) WILLIS,32
Wetzel,U.S. Senate,,REP,THOMAS (TOM) WILLIS,80
Wirt,U.S. Senate,,REP,THOMAS (TOM) WILLIS,55
Wood,U.S. Senate,,REP,THOMAS (TOM) WILLIS,731
Wyoming,U.S. Senate,,REP,THOMAS (TOM) WILLIS,47
Barbour,U.S. Senate,,DEM,"JOSEPH MANCHIN, III",879
Berkeley,U.S. Senate,,DEM,"JOSEPH MANCHIN, III",2999
Boone,U.S. Senate,,DEM,"JOSEPH MANCHIN, III",2335
Braxton,U.S. Senate,,DEM,"JOSEPH MANCHIN, III",1155
Brooke,U.S. Senate,,DEM,"JOSEPH MANCHIN, III",1767
Cabell,U.S. Senate,,DEM,"JOSEPH MANCHIN, III",5433
Calhoun,U.S. Senate,,DEM,"JOSEPH MANCHIN, III",375
Clay,U.S. Senate,,DEM,"JOSEPH MANCHIN, III",636
Doddridge,U.S. Senate,,DEM,"JOSEPH MANCHIN, III",178
Fayette,U.S. Senate,,DEM,"JOSEPH MANCHIN, III",3024
Gilmer,U.S. Senate,,DEM,"JOSEPH MANCHIN, III",682
Grant,U.S. Senate,,DEM,"JOSEPH MANCHIN, III",184
Greenbrier,U.S. Senate,,DEM,"JOSEPH MANCHIN, III",2960
Hampshire,U.S. Senate,,DEM,"JOSEPH MANCHIN, III",887
Hancock,U.S. Senate,,DEM,"JOSEPH MANCHIN, III",1861
Hardy,U.S. Senate,,DEM,"JOSEPH MANCHIN, III",1068
Harrison,U.S. Senate,,DEM,"JOSEPH MANCHIN, III",4888
Jackson,U.S. Senate,,DEM,"JOSEPH MANCHIN, III",1953
Jefferson,U.S. Senate,,DEM,"JOSEPH MANCHIN, III",2432
Kanawha,U.S. Senate,,DEM,"JOSEPH MANCHIN, III",14538
Lewis,U.S. Senate,,DEM,"JOSEPH MANCHIN, III",985
Lincoln,U.S. Senate,,DEM,"JOSEPH MANCHIN, III",1417
Logan,U.S. Senate,,DEM,"JOSEPH MANCHIN, III",2787
Marion,U.S. Senate,,DEM,"JOSEPH MANCHIN, III",4842
Marshall,U.S. Senate,,DEM,"JOSEPH MANCHIN, III",2502
Mason,U.S. Senate,,DEM,"JOSEPH MANCHIN, III",1787
McDowell,U.S. Senate,,DEM,"JOSEPH MANCHIN, III",1316
Mercer,U.S. Senate,,DEM,"JOSEPH MANCHIN, III",2766
Mineral,U.S. Senate,,DEM,"JOSEPH MANCHIN, III",1024
Mingo,U.S. Senate,,DEM,"JOSEPH MANCHIN, III",1883
Monongalia,U.S. Senate,,DEM,"JOSEPH MANCHIN, III",4430
Monroe,U.S. Senate,,DEM,"JOSEPH MANCHIN, III",1064
Morgan,U.S. Senate,,DEM,"JOSEPH MANCHIN, III",626
Nicholas,U.S. Senate,,DEM,"JOSEPH MANCHIN, III",2016
Ohio,U.S. Senate,,DEM,"JOSEPH MANCHIN, III",3095
Pendleton,U.S. Senate,,DEM,"JOSEPH MANCHIN, III",587
Pleasants,U.S. Senate,,DEM,"JOSEPH MANCHIN, III",447
Pocahontas,U.S. Senate,,DEM,"JOSEPH MANCHIN, III",602
Preston,U.S. Senate,,DEM,"JOSEPH MANCHIN, III",1570
Putnam,U.S. Senate,,DEM,"JOSEPH MANCHIN, III",2814
Raleigh,U.S. Senate,,DEM,"JOSEPH MANCHIN, III",4224
Randolph,U.S. Senate,,DEM,"JOSEPH MANCHIN, III",2592
Ritchie,U.S. Senate,,DEM,"JOSEPH MANCHIN, III",390
Roane,U.S. Senate,,DEM,"JOSEPH MANCHIN, III",838
Summers,U.S. Senate,,DEM,"JOSEPH MANCHIN, III",1443
Taylor,U.S. Senate,,DEM,"JOSEPH MANCHIN, III",1048
Tucker,U.S. Senate,,DEM,"JOSEPH MANCHIN, III",820
Tyler,U.S. Senate,,DEM,"JOSEPH MANCHIN, III",330
Upshur,U.S. Senate,,DEM,"JOSEPH MANCHIN, III",852
Wayne,U.S. Senate,,DEM,"JOSEPH MANCHIN, III",3273
Webster,U.S. Senate,,DEM,"JOSEPH MANCHIN, III",687
Wetzel,U.S. Senate,,DEM,"JOSEPH MANCHIN, III",1369
Wirt,U.S. Senate,,DEM,"JOSEPH MANCHIN, III",319
Wood,U.S. Senate,,DEM,"JOSEPH MANCHIN, III",4139
Wyoming,U.S. Senate,,DEM,"JOSEPH MANCHIN, III",1540
Barbour,U.S. Senate,,DEM,PAULA JEAN SWEARENGIN,379
Berkeley,U.S. Senate,,DEM,PAULA JEAN SWEARENGIN,1726
Boone,U.S. Senate,,DEM,PAULA JEAN SWEARENGIN,830
Braxton,U.S. Senate,,DEM,PAULA JEAN SWEARENGIN,519
Brooke,U.S. Senate,,DEM,PAULA JEAN SWEARENGIN,777
Cabell,U.S. Senate,,DEM,PAULA JEAN SWEARENGIN,1752
Calhoun,U.S. Senate,,DEM,PAULA JEAN SWEARENGIN,242
Clay,U.S. Senate,,DEM,PAULA JEAN SWEARENGIN,294
Doddridge,U.S. Senate,,DEM,PAULA JEAN SWEARENGIN,82
Fayette,U.S. Senate,,DEM,PAULA JEAN SWEARENGIN,1433
Gilmer,U.S. Senate,,DEM,PAULA JEAN SWEARENGIN,386
Grant,U.S. Senate,,DEM,PAULA JEAN SWEARENGIN,85
Greenbrier,U.S. Senate,,DEM,PAULA JEAN SWEARENGIN,1164
Hampshire,U.S. Senate,,DEM,PAULA JEAN SWEARENGIN,493
Hancock,U.S. Senate,,DEM,PAULA JEAN SWEARENGIN,822
Hardy,U.S. Senate,,DEM,PAULA JEAN SWEARENGIN,437
Harrison,U.S. Senate,,DEM,PAULA JEAN SWEARENGIN,1935
Jackson,U.S. Senate,,DEM,PAULA JEAN SWEARENGIN,532
Jefferson,U.S. Senate,,DEM,PAULA JEAN SWEARENGIN,1712
Kanawha,U.S. Senate,,DEM,PAULA JEAN SWEARENGIN,4674
Lewis,U.S. Senate,,DEM,PAULA JEAN SWEARENGIN,558
Lincoln,U.S. Senate,,DEM,PAULA JEAN SWEARENGIN,491
Logan,U.S. Senate,,DEM,PAULA JEAN SWEARENGIN,1564
Marion,U.S. Senate,,DEM,PAULA JEAN SWEARENGIN,1814
Marshall,U.S. Senate,,DEM,PAULA JEAN SWEARENGIN,996
Mason,U.S. Senate,,DEM,PAULA JEAN SWEARENGIN,516
McDowell,U.S. Senate,,DEM,PAULA JEAN SWEARENGIN,461
Mercer,U.S. Senate,,DEM,PAULA JEAN SWEARENGIN,1181
Mineral,U.S. Senate,,DEM,PAULA JEAN SWEARENGIN,414
Mingo,U.S. Senate,,DEM,PAULA JEAN SWEARENGIN,1451
Monongalia,U.S. Senate,,DEM,PAULA JEAN SWEARENGIN,3521
Monroe,U.S. Senate,,DEM,PAULA JEAN SWEARENGIN,407
Morgan,U.S. Senate,,DEM,PAULA JEAN SWEARENGIN,348
Nicholas,U.S. Senate,,DEM,PAULA JEAN SWEARENGIN,939
Ohio,U.S. Senate,,DEM,PAULA JEAN SWEARENGIN,1214
Pendleton,U.S. Senate,,DEM,PAULA JEAN SWEARENGIN,325
Pleasants,U.S. Senate,,DEM,PAULA JEAN SWEARENGIN,145
Pocahontas,U.S. Senate,,DEM,PAULA JEAN SWEARENGIN,368
Preston,U.S. Senate,,DEM,PAULA JEAN SWEARENGIN,976
Putnam,U.S. Senate,,DEM,PAULA JEAN SWEARENGIN,900
Raleigh,U.S. Senate,,DEM,PAULA JEAN SWEARENGIN,1788
Randolph,U.S. Senate,,DEM,PAULA JEAN SWEARENGIN,1105
Ritchie,U.S. Senate,,DEM,PAULA JEAN SWEARENGIN,153
Roane,U.S. Senate,,DEM,PAULA JEAN SWEARENGIN,225
Summers,U.S. Senate,,DEM,PAULA JEAN SWEARENGIN,550
Taylor,U.S. Senate,,DEM,PAULA JEAN SWEARENGIN,433
Tucker,U.S. Senate,,DEM,PAULA JEAN SWEARENGIN,365
Tyler,U.S. Senate,,DEM,PAULA JEAN SWEARENGIN,140
Upshur,U.S. Senate,,DEM,PAULA JEAN SWEARENGIN,450
Wayne,U.S. Senate,,DEM,PAULA JEAN SWEARENGIN,1275
Webster,U.S. Senate,,DEM,PAULA JEAN SWEARENGIN,385
Wetzel,U.S. Senate,,DEM,PAULA JEAN SWEARENGIN,618
Wirt,U.S. Senate,,DEM,PAULA JEAN SWEARENGIN,119
Wood,U.S. Senate,,DEM,PAULA JEAN SWEARENGIN,1349
Wyoming,U.S. Senate,,DEM,PAULA JEAN SWEARENGIN,776
Barbour,U.S. House,1,DEM,RALPH BAXTER,225
Brooke,U.S. House,1,DEM,RALPH BAXTER,1911
Doddridge,U.S. House,1,DEM,RALPH BAXTER,67
Gilmer,U.S. House,1,DEM,RALPH BAXTER,297
Grant,U.S. House,1,DEM,RALPH BAXTER,25
Hancock,U.S. House,1,DEM,RALPH BAXTER,1646
Harrison,U.S. House,1,DEM,RALPH BAXTER,1391
Marion,U.S. House,1,DEM,RALPH BAXTER,1274
Marshall,U.S. House,1,DEM,RALPH BAXTER,2660
Mineral,U.S. House,1,DEM,RALPH BAXTER,110
Monongalia,U.S. House,1,DEM,RALPH BAXTER,1189
Ohio,U.S. House,1,DEM,RALPH BAXTER,3718
Pleasants,U.S. House,1,DEM,RALPH BAXTER,258
Preston,U.S. House,1,DEM,RALPH BAXTER,425
Ritchie,U.S. House,1,DEM,RALPH BAXTER,131
Taylor,U.S. House,1,DEM,RALPH BAXTER,213
Tucker,U.S. House,1,DEM,RALPH BAXTER,157
Tyler,U.S. House,1,DEM,RALPH BAXTER,281
Wetzel,U.S. House,1,DEM,RALPH BAXTER,1244
Wood,U.S. House,1,DEM,RALPH BAXTER,1448
Barbour,U.S. House,1,DEM,KENDRA FERSHEE,667
Brooke,U.S. House,1,DEM,KENDRA FERSHEE,335
Doddridge,U.S. House,1,DEM,KENDRA FERSHEE,123
Gilmer,U.S. House,1,DEM,KENDRA FERSHEE,366
Grant,U.S. House,1,DEM,KENDRA FERSHEE,51
Hancock,U.S. House,1,DEM,KENDRA FERSHEE,606
Harrison,U.S. House,1,DEM,KENDRA FERSHEE,3884
Marion,U.S. House,1,DEM,KENDRA FERSHEE,3831
Marshall,U.S. House,1,DEM,KENDRA FERSHEE,359
Mineral,U.S. House,1,DEM,KENDRA FERSHEE,236
Monongalia,U.S. House,1,DEM,KENDRA FERSHEE,6143
Ohio,U.S. House,1,DEM,KENDRA FERSHEE,412
Pleasants,U.S. House,1,DEM,KENDRA FERSHEE,176
Preston,U.S. House,1,DEM,KENDRA FERSHEE,1405
Ritchie,U.S. House,1,DEM,KENDRA FERSHEE,237
Taylor,U.S. House,1,DEM,KENDRA FERSHEE,958
Tucker,U.S. House,1,DEM,KENDRA FERSHEE,393
Tyler,U.S. House,1,DEM,KENDRA FERSHEE,113
Wetzel,U.S. House,1,DEM,KENDRA FERSHEE,408
Wood,U.S. House,1,DEM,KENDRA FERSHEE,2434
Barbour,U.S. House,1,DEM,TOM PAYNE,276
Brooke,U.S. House,1,DEM,TOM PAYNE,142
Doddridge,U.S. House,1,DEM,TOM PAYNE,39
Gilmer,U.S. House,1,DEM,TOM PAYNE,241
Grant,U.S. House,1,DEM,TOM PAYNE,161
Hancock,U.S. House,1,DEM,TOM PAYNE,221
Harrison,U.S. House,1,DEM,TOM PAYNE,994
Marion,U.S. House,1,DEM,TOM PAYNE,795
Marshall,U.S. House,1,DEM,TOM PAYNE,202
Mineral,U.S. House,1,DEM,TOM PAYNE,1072
Monongalia,U.S. House,1,DEM,TOM PAYNE,414
Ohio,U.S. House,1,DEM,TOM PAYNE,114
Pleasants,U.S. House,1,DEM,TOM PAYNE,95
Preston,U.S. House,1,DEM,TOM PAYNE,555
Ritchie,U.S. House,1,DEM,TOM PAYNE,96
Taylor,U.S. House,1,DEM,TOM PAYNE,242
Tucker,U.S. House,1,DEM,TOM PAYNE,449
Tyler,U.S. House,1,DEM,TOM PAYNE,54
Wetzel,U.S. House,1,DEM,TOM PAYNE,189
Wood,U.S. House,1,DEM,TOM PAYNE,818
Barbour,U.S. House,1,REP,DAVID B McKINLEY,1454
Brooke,U.S. House,1,REP,DAVID B McKINLEY,1081
Doddridge,U.S. House,1,REP,DAVID B McKINLEY,905
Gilmer,U.S. House,1,REP,DAVID B McKINLEY,354
Grant,U.S. House,1,REP,DAVID B McKINLEY,1654
Hancock,U.S. House,1,REP,DAVID B McKINLEY,1434
Harrison,U.S. House,1,REP,DAVID B McKINLEY,3996
Marion,U.S. House,1,REP,DAVID B McKINLEY,2667
Marshall,U.S. House,1,REP,DAVID B McKINLEY,1974
Mineral,U.S. House,1,REP,DAVID B McKINLEY,2305
Monongalia,U.S. House,1,REP,DAVID B McKINLEY,4266
Ohio,U.S. House,1,REP,DAVID B McKINLEY,3688
Pleasants,U.S. House,1,REP,DAVID B McKINLEY,520
Preston,U.S. House,1,REP,DAVID B McKINLEY,3261
Ritchie,U.S. House,1,REP,DAVID B McKINLEY,1586
Taylor,U.S. House,1,REP,DAVID B McKINLEY,1344
Tucker,U.S. House,1,REP,DAVID B McKINLEY,550
Tyler,U.S. House,1,REP,DAVID B McKINLEY,1174
Wetzel,U.S. House,1,REP,DAVID B McKINLEY,658
Wood,U.S. House,1,REP,DAVID B McKINLEY,5459
Berkeley,U.S. House,2,DEM,AARON SCHEINBERG,3455
Braxton,U.S. House,2,DEM,AARON SCHEINBERG,488
Calhoun,U.S. House,2,DEM,AARON SCHEINBERG,239
Clay,U.S. House,2,DEM,AARON SCHEINBERG,218
Hampshire,U.S. House,2,DEM,AARON SCHEINBERG,957
Hardy,U.S. House,2,DEM,AARON SCHEINBERG,800
Jackson,U.S. House,2,DEM,AARON SCHEINBERG,656
Jefferson,U.S. House,2,DEM,AARON SCHEINBERG,2661
Kanawha,U.S. House,2,DEM,AARON SCHEINBERG,3544
Lewis,U.S. House,2,DEM,AARON SCHEINBERG,590
Morgan,U.S. House,2,DEM,AARON SCHEINBERG,675
Pendleton,U.S. House,2,DEM,AARON SCHEINBERG,425
Putnam,U.S. House,2,DEM,AARON SCHEINBERG,921
Randolph,U.S. House,2,DEM,AARON SCHEINBERG,1107
Roane,U.S. House,2,DEM,AARON SCHEINBERG,318
Upshur,U.S. House,2,DEM,AARON SCHEINBERG,407
Wirt,U.S. House,2,DEM,AARON SCHEINBERG,159
Berkeley,U.S. House,2,DEM,TALLEY SERGENT,1142
Braxton,U.S. House,2,DEM,TALLEY SERGENT,974
Calhoun,U.S. House,2,DEM,TALLEY SERGENT,282
Clay,U.S. House,2,DEM,TALLEY SERGENT,610
Hampshire,U.S. House,2,DEM,TALLEY SERGENT,298
Hardy,U.S. House,2,DEM,TALLEY SERGENT,515
Jackson,U.S. House,2,DEM,TALLEY SERGENT,1598
Jefferson,U.S. House,2,DEM,TALLEY SERGENT,1367
Kanawha,U.S. House,2,DEM,TALLEY SERGENT,15111
Lewis,U.S. House,2,DEM,TALLEY SERGENT,726
Morgan,U.S. House,2,DEM,TALLEY SERGENT,225
Pendleton,U.S. House,2,DEM,TALLEY SERGENT,282
Putnam,U.S. House,2,DEM,TALLEY SERGENT,2673
Randolph,U.S. House,2,DEM,TALLEY SERGENT,2061
Roane,U.S. House,2,DEM,TALLEY SERGENT,642
Upshur,U.S. House,2,DEM,TALLEY SERGENT,739
Wirt,U.S. House,2,DEM,TALLEY SERGENT,212
Berkeley,U.S. House,2,REP,ALEX X. MOONEY,5491
Braxton,U.S. House,2,REP,ALEX X. MOONEY,541
Calhoun,U.S. House,2,REP,ALEX X. MOONEY,231
Clay,U.S. House,2,REP,ALEX X. MOONEY,342
Hampshire,U.S. House,2,REP,ALEX X. MOONEY,1485
Hardy,U.S. House,2,REP,ALEX X. MOONEY,734
Jackson,U.S. House,2,REP,ALEX X. MOONEY,2101
Jefferson,U.S. House,2,REP,ALEX X. MOONEY,3551
Kanawha,U.S. House,2,REP,ALEX X. MOONEY,9933
Lewis,U.S. House,2,REP,ALEX X. MOONEY,1335
Morgan,U.S. House,2,REP,ALEX X. MOONEY,1674
Pendleton,U.S. House,2,REP,ALEX X. MOONEY,440
Putnam,U.S. House,2,REP,ALEX X. MOONEY,4500
Randolph,U.S. House,2,REP,ALEX X. MOONEY,1093
Roane,U.S. House,2,REP,ALEX X. MOONEY,761
Upshur,U.S. House,2,REP,ALEX X. MOONEY,2157
Wirt,U.S. House,2,REP,ALEX X. MOONEY,355
Boone,U.S. House,3,DEM,PAUL E. DAVIS,208
Cabell,U.S. House,3,DEM,PAUL E. DAVIS,3338
Fayette,U.S. House,3,DEM,PAUL E. DAVIS,200
Greenbrier,U.S. House,3,DEM,PAUL E. DAVIS,279
Lincoln,U.S. House,3,DEM,PAUL E. DAVIS,367
Logan,U.S. House,3,DEM,PAUL E. DAVIS,772
Mason,U.S. House,3,DEM,PAUL E. DAVIS,630
McDowell,U.S. House,3,DEM,PAUL E. DAVIS,84
Mercer,U.S. House,3,DEM,PAUL E. DAVIS,255
Mingo,U.S. House,3,DEM,PAUL E. DAVIS,442
Monroe,U.S. House,3,DEM,PAUL E. DAVIS,87
Nicholas,U.S. House,3,DEM,PAUL E. DAVIS,112
Pocahontas,U.S. House,3,DEM,PAUL E. DAVIS,65
Raleigh,U.S. House,3,DEM,PAUL E. DAVIS,232
Summers,U.S. House,3,DEM,PAUL E. DAVIS,88
Wayne,U.S. House,3,DEM,PAUL E. DAVIS,1807
Webster,U.S. House,3,DEM,PAUL E. DAVIS,47
Wyoming,U.S. House,3,DEM,PAUL E. DAVIS,124
Boone,U.S. House,3,DEM,"JANICE ""BYRD"" HAGERMAN",126
Cabell,U.S. House,3,DEM,"JANICE ""BYRD"" HAGERMAN",234
Fayette,U.S. House,3,DEM,"JANICE ""BYRD"" HAGERMAN",524
Greenbrier,U.S. House,3,DEM,"JANICE ""BYRD"" HAGERMAN",341
Lincoln,U.S. House,3,DEM,"JANICE ""BYRD"" HAGERMAN",49
Logan,U.S. House,3,DEM,"JANICE ""BYRD"" HAGERMAN",158
Mason,U.S. House,3,DEM,"JANICE ""BYRD"" HAGERMAN",142
McDowell,U.S. House,3,DEM,"JANICE ""BYRD"" HAGERMAN",174
Mercer,U.S. House,3,DEM,"JANICE ""BYRD"" HAGERMAN",379
Mingo,U.S. House,3,DEM,"JANICE ""BYRD"" HAGERMAN",156
Monroe,U.S. House,3,DEM,"JANICE ""BYRD"" HAGERMAN",113
Nicholas,U.S. House,3,DEM,"JANICE ""BYRD"" HAGERMAN",264
Pocahontas,U.S. House,3,DEM,"JANICE ""BYRD"" HAGERMAN",113
Raleigh,U.S. House,3,DEM,"JANICE ""BYRD"" HAGERMAN",783
Summers,U.S. House,3,DEM,"JANICE ""BYRD"" HAGERMAN",185
Wayne,U.S. House,3,DEM,"JANICE ""BYRD"" HAGERMAN",126
Webster,U.S. House,3,DEM,"JANICE ""BYRD"" HAGERMAN",85
Wyoming,U.S. House,3,DEM,"JANICE ""BYRD"" HAGERMAN",195
Boone,U.S. House,3,DEM,MR. SHIRLEY LOVE,432
Cabell,U.S. House,3,DEM,MR. SHIRLEY LOVE,205
Fayette,U.S. House,3,DEM,MR. SHIRLEY LOVE,1697
Greenbrier,U.S. House,3,DEM,MR. SHIRLEY LOVE,1320
Lincoln,U.S. House,3,DEM,MR. SHIRLEY LOVE,154
Logan,U.S. House,3,DEM,MR. SHIRLEY LOVE,1113
Mason,U.S. House,3,DEM,MR. SHIRLEY LOVE,205
McDowell,U.S. House,3,DEM,MR. SHIRLEY LOVE,557
Mercer,U.S. House,3,DEM,MR. SHIRLEY LOVE,1147
Mingo,U.S. House,3,DEM,MR. SHIRLEY LOVE,564
Monroe,U.S. House,3,DEM,MR. SHIRLEY LOVE,390
Nicholas,U.S. House,3,DEM,MR. SHIRLEY LOVE,1450
Pocahontas,U.S. House,3,DEM,MR. SHIRLEY LOVE,264
Raleigh,U.S. House,3,DEM,MR. SHIRLEY LOVE,2302
Summers,U.S. House,3,DEM,MR. SHIRLEY LOVE,784
Wayne,U.S. House,3,DEM,MR. SHIRLEY LOVE,160
Webster,U.S. House,3,DEM,MR. SHIRLEY LOVE,532
Wyoming,U.S. House,3,DEM,MR. SHIRLEY LOVE,833
Boone,U.S. House,3,DEM,RICHARD OJEDA II,2377
Cabell,U.S. House,3,DEM,RICHARD OJEDA II,3123
Fayette,U.S. House,3,DEM,RICHARD OJEDA II,2108
Greenbrier,U.S. House,3,DEM,RICHARD OJEDA II,2075
Lincoln,U.S. House,3,DEM,RICHARD OJEDA II,1333
Logan,U.S. House,3,DEM,RICHARD OJEDA II,2523
Mason,U.S. House,3,DEM,RICHARD OJEDA II,1227
McDowell,U.S. House,3,DEM,RICHARD OJEDA II,847
Mercer,U.S. House,3,DEM,RICHARD OJEDA II,2021
Mingo,U.S. House,3,DEM,RICHARD OJEDA II,2399
Monroe,U.S. House,3,DEM,RICHARD OJEDA II,826
Nicholas,U.S. House,3,DEM,RICHARD OJEDA II,1126
Pocahontas,U.S. House,3,DEM,RICHARD OJEDA II,487
Raleigh,U.S. House,3,DEM,RICHARD OJEDA II,2567
Summers,U.S. House,3,DEM,RICHARD OJEDA II,892
Wayne,U.S. House,3,DEM,RICHARD OJEDA II,2361
Webster,U.S. House,3,DEM,RICHARD OJEDA II,389
Wyoming,U.S. House,3,DEM,RICHARD OJEDA II,1186
Boone,U.S. House,3,REP,AYNE AMJAD,32
Cabell,U.S. House,3,REP,AYNE AMJAD,152
Fayette,U.S. House,3,REP,AYNE AMJAD,388
Greenbrier,U.S. House,3,REP,AYNE AMJAD,244
Lincoln,U.S. House,3,REP,AYNE AMJAD,10
Logan,U.S. House,3,REP,AYNE AMJAD,18
Mason,U.S. House,3,REP,AYNE AMJAD,35
McDowell,U.S. House,3,REP,AYNE AMJAD,27
Mercer,U.S. House,3,REP,AYNE AMJAD,180
Mingo,U.S. House,3,REP,AYNE AMJAD,11
Monroe,U.S. House,3,REP,AYNE AMJAD,49
Nicholas,U.S. House,3,REP,AYNE AMJAD,146
Pocahontas,U.S. House,3,REP,AYNE AMJAD,81
Raleigh,U.S. House,3,REP,AYNE AMJAD,1109
Summers,U.S. House,3,REP,AYNE AMJAD,109
Wayne,U.S. House,3,REP,AYNE AMJAD,32
Webster,U.S. House,3,REP,AYNE AMJAD,29
Wyoming,U.S. House,3,REP,AYNE AMJAD,143
Boone,U.S. House,3,REP,MARTY GEARHEART,89
Cabell,U.S. House,3,REP,MARTY GEARHEART,225
Fayette,U.S. House,3,REP,MARTY GEARHEART,188
Greenbrier,U.S. House,3,REP,MARTY GEARHEART,732
Lincoln,U.S. House,3,REP,MARTY GEARHEART,32
Logan,U.S. House,3,REP,MARTY GEARHEART,46
Mason,U.S. House,3,REP,MARTY GEARHEART,242
McDowell,U.S. House,3,REP,MARTY GEARHEART,224
Mercer,U.S. House,3,REP,MARTY GEARHEART,2682
Mingo,U.S. House,3,REP,MARTY GEARHEART,78
Monroe,U.S. House,3,REP,MARTY GEARHEART,530
Nicholas,U.S. House,3,REP,MARTY GEARHEART,368
Pocahontas,U.S. House,3,REP,MARTY GEARHEART,117
Raleigh,U.S. House,3,REP,MARTY GEARHEART,679
Summers,U.S. House,3,REP,MARTY GEARHEART,234
Wayne,U.S. House,3,REP,MARTY GEARHEART,160
Webster,U.S. House,3,REP,MARTY GEARHEART,44
Wyoming,U.S. House,3,REP,MARTY GEARHEART,144
Boone,U.S. House,3,REP,CONRAD LUCAS,128
Cabell,U.S. House,3,REP,CONRAD LUCAS,1626
Fayette,U.S. House,3,REP,CONRAD LUCAS,336
Greenbrier,U.S. House,3,REP,CONRAD LUCAS,533
Lincoln,U.S. House,3,REP,CONRAD LUCAS,378
Logan,U.S. House,3,REP,CONRAD LUCAS,107
Mason,U.S. House,3,REP,CONRAD LUCAS,494
McDowell,U.S. House,3,REP,CONRAD LUCAS,50
Mercer,U.S. House,3,REP,CONRAD LUCAS,402
Mingo,U.S. House,3,REP,CONRAD LUCAS,146
Monroe,U.S. House,3,REP,CONRAD LUCAS,191
Nicholas,U.S. House,3,REP,CONRAD LUCAS,556
Pocahontas,U.S. House,3,REP,CONRAD LUCAS,148
Raleigh,U.S. House,3,REP,CONRAD LUCAS,653
Summers,U.S. House,3,REP,CONRAD LUCAS,133
Wayne,U.S. House,3,REP,CONRAD LUCAS,685
Webster,U.S. House,3,REP,CONRAD LUCAS,84
Wyoming,U.S. House,3,REP,CONRAD LUCAS,121
Boone,U.S. House,3,REP,CAROL MILLER,238
Cabell,U.S. House,3,REP,CAROL MILLER,3298
Fayette,U.S. House,3,REP,CAROL MILLER,309
Greenbrier,U.S. House,3,REP,CAROL MILLER,506
Lincoln,U.S. House,3,REP,CAROL MILLER,282
Logan,U.S. House,3,REP,CAROL MILLER,113
Mason,U.S. House,3,REP,CAROL MILLER,932
McDowell,U.S. House,3,REP,CAROL MILLER,51
Mercer,U.S. House,3,REP,CAROL MILLER,385
Mingo,U.S. House,3,REP,CAROL MILLER,195
Monroe,U.S. House,3,REP,CAROL MILLER,225
Nicholas,U.S. House,3,REP,CAROL MILLER,518
Pocahontas,U.S. House,3,REP,CAROL MILLER,132
Raleigh,U.S. House,3,REP,CAROL MILLER,443
Summers,U.S. House,3,REP,CAROL MILLER,133
Wayne,U.S. House,3,REP,CAROL MILLER,1005
Webster,U.S. House,3,REP,CAROL MILLER,75
Wyoming,U.S. House,3,REP,CAROL MILLER,83
Boone,U.S. House,3,REP,PHILIP PAYTON,23
Cabell,U.S. House,3,REP,PHILIP PAYTON,280
Fayette,U.S. House,3,REP,PHILIP PAYTON,30
Greenbrier,U.S. House,3,REP,PHILIP PAYTON,33
Lincoln,U.S. House,3,REP,PHILIP PAYTON,29
Logan,U.S. House,3,REP,PHILIP PAYTON,15
Mason,U.S. House,3,REP,PHILIP PAYTON,165
McDowell,U.S. House,3,REP,PHILIP PAYTON,5
Mercer,U.S. House,3,REP,PHILIP PAYTON,19
Mingo,U.S. House,3,REP,PHILIP PAYTON,13
Monroe,U.S. House,3,REP,PHILIP PAYTON,12
Nicholas,U.S. House,3,REP,PHILIP PAYTON,75
Pocahontas,U.S. House,3,REP,PHILIP PAYTON,30
Raleigh,U.S. House,3,REP,PHILIP PAYTON,24
Summers,U.S. House,3,REP,PHILIP PAYTON,22
Wayne,U.S. House,3,REP,PHILIP PAYTON,65
Webster,U.S. House,3,REP,PHILIP PAYTON,9
Wyoming,U.S. House,3,REP,PHILIP PAYTON,12
Boone,U.S. House,3,REP,RUPIE PHILLIPS,455
Cabell,U.S. House,3,REP,RUPIE PHILLIPS,319
Fayette,U.S. House,3,REP,RUPIE PHILLIPS,398
Greenbrier,U.S. House,3,REP,RUPIE PHILLIPS,602
Lincoln,U.S. House,3,REP,RUPIE PHILLIPS,178
Logan,U.S. House,3,REP,RUPIE PHILLIPS,956
Mason,U.S. House,3,REP,RUPIE PHILLIPS,267
McDowell,U.S. House,3,REP,RUPIE PHILLIPS,118
Mercer,U.S. House,3,REP,RUPIE PHILLIPS,612
Mingo,U.S. House,3,REP,RUPIE PHILLIPS,523
Monroe,U.S. House,3,REP,RUPIE PHILLIPS,262
Nicholas,U.S. House,3,REP,RUPIE PHILLIPS,343
Pocahontas,U.S. House,3,REP,RUPIE PHILLIPS,129
Raleigh,U.S. House,3,REP,RUPIE PHILLIPS,1269
Summers,U.S. House,3,REP,RUPIE PHILLIPS,153
Wayne,U.S. House,3,REP,RUPIE PHILLIPS,214
Webster,U.S. House,3,REP,RUPIE PHILLIPS,48
Wyoming,U.S. House,3,REP,RUPIE PHILLIPS,473
Boone,U.S. House,3,REP,RICK SNUFFER,64
Cabell,U.S. House,3,REP,RICK SNUFFER,167
Fayette,U.S. House,3,REP,RICK SNUFFER,398
Greenbrier,U.S. House,3,REP,RICK SNUFFER,326
Lincoln,U.S. House,3,REP,RICK SNUFFER,23
Logan,U.S. House,3,REP,RICK SNUFFER,20
Mason,U.S. House,3,REP,RICK SNUFFER,88
McDowell,U.S. House,3,REP,RICK SNUFFER,17
Mercer,U.S. House,3,REP,RICK SNUFFER,138
Mingo,U.S. House,3,REP,RICK SNUFFER,39
Monroe,U.S. House,3,REP,RICK SNUFFER,124
Nicholas,U.S. House,3,REP,RICK SNUFFER,324
Pocahontas,U.S. House,3,REP,RICK SNUFFER,70
Raleigh,U.S. House,3,REP,RICK SNUFFER,1711
Summers,U.S. House,3,REP,RICK SNUFFER,194
Wayne,U.S. House,3,REP,RICK SNUFFER,64
Webster,U.S. House,3,REP,RICK SNUFFER,41
Wyoming,U.S. House,3,REP,RICK SNUFFER,179
Brooke,State Senate,1,DEM,WILLIAM IHLENFELD,2012
Hancock,State Senate,1,DEM,WILLIAM IHLENFELD,2076
Marshall,State Senate,1,DEM,WILLIAM IHLENFELD,250
Ohio,State Senate,1,DEM,WILLIAM IHLENFELD,4162
Brooke,State Senate,1,REP,RYAN FERNS,926
Hancock,State Senate,1,REP,RYAN FERNS,1276
Marshall,State Senate,1,REP,RYAN FERNS,193
Ohio,State Senate,1,REP,RYAN FERNS,2838
Calhoun,State Senate,2,DEM,CARLA J. JONES,279
Doddridge,State Senate,2,DEM,CARLA J. JONES,118
Gilmer,State Senate,2,DEM,CARLA J. JONES,316
Marion,State Senate,2,DEM,CARLA J. JONES,951
Marshall,State Senate,2,DEM,CARLA J. JONES,562
Monongalia,State Senate,2,DEM,CARLA J. JONES,948
Ritchie,State Senate,2,DEM,CARLA J. JONES,241
Tyler,State Senate,2,DEM,CARLA J. JONES,66
Wetzel,State Senate,2,DEM,CARLA J. JONES,272
Calhoun,State Senate,2,DEM,DENNY LONGWELL,218
Doddridge,State Senate,2,DEM,DENNY LONGWELL,102
Gilmer,State Senate,2,DEM,DENNY LONGWELL,216
Marion,State Senate,2,DEM,DENNY LONGWELL,153
Marshall,State Senate,2,DEM,DENNY LONGWELL,2240
Monongalia,State Senate,2,DEM,DENNY LONGWELL,177
Ritchie,State Senate,2,DEM,DENNY LONGWELL,228
Tyler,State Senate,2,DEM,DENNY LONGWELL,398
Wetzel,State Senate,2,DEM,DENNY LONGWELL,1656
Calhoun,State Senate,2,REP,CHARLES CLEMENTS,188
Doddridge,State Senate,2,REP,CHARLES CLEMENTS,742
Gilmer,State Senate,2,REP,CHARLES CLEMENTS,211
Marion,State Senate,2,REP,CHARLES CLEMENTS,436
Marshall,State Senate,2,REP,CHARLES CLEMENTS,1438
Monongalia,State Senate,2,REP,CHARLES CLEMENTS,737
Ritchie,State Senate,2,REP,CHARLES CLEMENTS,1322
Tyler,State Senate,2,REP,CHARLES CLEMENTS,1065
Wetzel,State Senate,2,REP,CHARLES CLEMENTS,670
Pleasants,State Senate,3,DEM,SIMON HARGUS,186
Roane,State Senate,3,DEM,SIMON HARGUS,155
Wirt,State Senate,3,DEM,SIMON HARGUS,138
Wood,State Senate,3,DEM,SIMON HARGUS,2530
Pleasants,State Senate,3,DEM,JIM LEACH,393
Roane,State Senate,3,DEM,JIM LEACH,171
Wirt,State Senate,3,DEM,JIM LEACH,261
Wood,State Senate,3,DEM,JIM LEACH,2870
Pleasants,State Senate,3,REP,MIKE AZINGER,479
Roane,State Senate,3,REP,MIKE AZINGER,257
Wirt,State Senate,3,REP,MIKE AZINGER,330
Wood,State Senate,3,REP,MIKE AZINGER,5338
Jackson,State Senate,4,DEM,BRIAN PRIM,1954
Mason,State Senate,4,DEM,BRIAN PRIM,2038
Putnam,State Senate,4,DEM,BRIAN PRIM,2317
Roane,State Senate,4,DEM,BRIAN PRIM,510
Jackson,State Senate,4,REP,MARK DRENNAN,1282
Mason,State Senate,4,REP,MARK DRENNAN,972
Putnam,State Senate,4,REP,MARK DRENNAN,1615
Roane,State Senate,4,REP,MARK DRENNAN,257
Jackson,State Senate,4,REP,ERIC J. TARR,1166
Mason,State Senate,4,REP,ERIC J. TARR,1052
Putnam,State Senate,4,REP,ERIC J. TARR,2511
Roane,State Senate,4,REP,ERIC J. TARR,265
Cabell,State Senate,5,DEM,MIKE WOELFEL,6321
Wayne,State Senate,5,DEM,MIKE WOELFEL,1432
Cabell,State Senate,5,REP,LARRY BROOKE LUNSFORD,4205
Wayne,State Senate,5,REP,LARRY BROOKE LUNSFORD,614
McDowell,State Senate,6,DEM,CHARLES E. SAMMONS,886
Mercer,State Senate,6,DEM,CHARLES E. SAMMONS,2690
Mingo,State Senate,6,DEM,CHARLES E. SAMMONS,1760
Wayne,State Senate,6,DEM,CHARLES E. SAMMONS,969
McDowell,State Senate,6,REP,WESLEY BLANKENSHIP,223
Mercer,State Senate,6,REP,WESLEY BLANKENSHIP,1173
Mingo,State Senate,6,REP,WESLEY BLANKENSHIP,465
Wayne,State Senate,6,REP,WESLEY BLANKENSHIP,187
McDowell,State Senate,6,REP,MARK R. MAYNARD,181
Mercer,State Senate,6,REP,MARK R. MAYNARD,2421
Mingo,State Senate,6,REP,MARK R. MAYNARD,227
Wayne,State Senate,6,REP,MARK R. MAYNARD,380
Boone,State Senate,7,DEM,RON STOLLINGS,2798
Lincoln,State Senate,7,DEM,RON STOLLINGS,1604
Logan,State Senate,7,DEM,RON STOLLINGS,3318
Mingo,State Senate,7,DEM,RON STOLLINGS,586
Wayne,State Senate,7,DEM,RON STOLLINGS,970
Boone,State Senate,7,REP,GARY L. JOHNGRASS,452
Lincoln,State Senate,7,REP,GARY L. JOHNGRASS,719
Logan,State Senate,7,REP,GARY L. JOHNGRASS,418
Mingo,State Senate,7,REP,GARY L. JOHNGRASS,66
Wayne,State Senate,7,REP,GARY L. JOHNGRASS,67
Boone,State Senate,7,REP,JASON STEPHENS,381
Lincoln,State Senate,7,REP,JASON STEPHENS,166
Logan,State Senate,7,REP,JASON STEPHENS,568
Mingo,State Senate,7,REP,JASON STEPHENS,194
Wayne,State Senate,7,REP,JASON STEPHENS,542
Kanawha,State Senate,8,DEM,MARK HUNT,3855
Putnam,State Senate,8,DEM,MARK HUNT,552
Kanawha,State Senate,8,DEM,RICHARD LINDSAY,4166
Putnam,State Senate,8,DEM,RICHARD LINDSAY,555
Kanawha,State Senate,8,REP,ED GAUNCH,4485
Putnam,State Senate,8,REP,ED GAUNCH,990
McDowell,State Senate,9,DEM,STEVE DAVIS,22
Raleigh,State Senate,9,DEM,STEVE DAVIS,931
Wyoming,State Senate,9,DEM,STEVE DAVIS,778
McDowell,State Senate,9,DEM,JOHN QUESENBERRY,17
Raleigh,State Senate,9,DEM,JOHN QUESENBERRY,1521
Wyoming,State Senate,9,DEM,JOHN QUESENBERRY,633
McDowell,State Senate,9,DEM,WAYNE WILLIAMS,11
Raleigh,State Senate,9,DEM,WAYNE WILLIAMS,701
Wyoming,State Senate,9,DEM,WAYNE WILLIAMS,138
McDowell,State Senate,9,DEM,"WILLIAM R. ""BILL"" WOOTON",84
Raleigh,State Senate,9,DEM,"WILLIAM R. ""BILL"" WOOTON",2832
Wyoming,State Senate,9,DEM,"WILLIAM R. ""BILL"" WOOTON",733
McDowell,State Senate,9,REP,LYNNE CARDEN ARVON,10
Raleigh,State Senate,9,REP,LYNNE CARDEN ARVON,2518
Wyoming,State Senate,9,REP,LYNNE CARDEN ARVON,489
McDowell,State Senate,9,REP,ROLLAN A. ROBERTS,20
Raleigh,State Senate,9,REP,ROLLAN A. ROBERTS,2903
Wyoming,State Senate,9,REP,ROLLAN A. ROBERTS,461
Fayette,State Senate,10,DEM,STEPHEN BALDWIN,3698
Greenbrier,State Senate,10,DEM,STEPHEN BALDWIN,3926
Monroe,State Senate,10,DEM,STEPHEN BALDWIN,1252
Summers,State Senate,10,DEM,STEPHEN BALDWIN,1435
Fayette,State Senate,10,REP,DAN HILL,1808
Greenbrier,State Senate,10,REP,DAN HILL,696
Monroe,State Senate,10,REP,DAN HILL,348
Summers,State Senate,10,REP,DAN HILL,364
Fayette,State Senate,10,REP,GEORGE BOOGIE AMBLER,244
Greenbrier,State Senate,10,REP,GEORGE BOOGIE AMBLER,2339
Monroe,State Senate,10,REP,GEORGE BOOGIE AMBLER,1036
Summers,State Senate,10,REP,GEORGE BOOGIE AMBLER,550
Grant,State Senate,11,DEM,MARGARET KERR BECKWITH,99
Nicholas,State Senate,11,DEM,MARGARET KERR BECKWITH,782
Pendleton,State Senate,11,DEM,MARGARET KERR BECKWITH,320
Pocahontas,State Senate,11,DEM,MARGARET KERR BECKWITH,222
Randolph,State Senate,11,DEM,MARGARET KERR BECKWITH,1896
Upshur,State Senate,11,DEM,MARGARET KERR BECKWITH,797
Webster,State Senate,11,DEM,MARGARET KERR BECKWITH,501
Grant,State Senate,11,DEM,LAURA M. FINCH,59
Nicholas,State Senate,11,DEM,LAURA M. FINCH,1659
Pendleton,State Senate,11,DEM,LAURA M. FINCH,423
Pocahontas,State Senate,11,DEM,LAURA M. FINCH,722
Randolph,State Senate,11,DEM,LAURA M. FINCH,1506
Upshur,State Senate,11,DEM,LAURA M. FINCH,323
Webster,State Senate,11,DEM,LAURA M. FINCH,395
Grant,State Senate,11,REP,BILL HAMILTON,959
Nicholas,State Senate,11,REP,BILL HAMILTON,1375
Pendleton,State Senate,11,REP,BILL HAMILTON,256
Pocahontas,State Senate,11,REP,BILL HAMILTON,427
Randolph,State Senate,11,REP,BILL HAMILTON,956
Upshur,State Senate,11,REP,BILL HAMILTON,2346
Webster,State Senate,11,REP,BILL HAMILTON,204
Grant,State Senate,11,REP,ROBERT LEE KARNES,675
Nicholas,State Senate,11,REP,ROBERT LEE KARNES,905
Pendleton,State Senate,11,REP,ROBERT LEE KARNES,231
Pocahontas,State Senate,11,REP,ROBERT LEE KARNES,299
Randolph,State Senate,11,REP,ROBERT LEE KARNES,663
Upshur,State Senate,11,REP,ROBERT LEE KARNES,1011
Webster,State Senate,11,REP,ROBERT LEE KARNES,171
Braxton,State Senate,12,DEM,MIKE ROMANO,1265
Clay,State Senate,12,DEM,MIKE ROMANO,715
Gilmer,State Senate,12,DEM,MIKE ROMANO,323
Harrison,State Senate,12,DEM,MIKE ROMANO,6191
Lewis,State Senate,12,DEM,MIKE ROMANO,1320
Braxton,State Senate,12,REP,"WAYMOND CORK, II",458
Clay,State Senate,12,REP,"WAYMOND CORK, II",294
Gilmer,State Senate,12,REP,"WAYMOND CORK, II",79
Harrison,State Senate,12,REP,"WAYMOND CORK, II",3810
Lewis,State Senate,12,REP,"WAYMOND CORK, II",1179
Marion,State Senate,13,DEM,BOB BEACH,4301
Monongalia,State Senate,13,DEM,BOB BEACH,5082
Marion,State Senate,13,REP,MIKE OLIVERIO,2210
Monongalia,State Senate,13,REP,MIKE OLIVERIO,2553
Barbour,State Senate,14,DEM,STEPHANIE ZUCKER,1046
Grant,State Senate,14,DEM,STEPHANIE ZUCKER,63
Hardy,State Senate,14,DEM,STEPHANIE ZUCKER,1036
Mineral,State Senate,14,DEM,STEPHANIE ZUCKER,398
Monongalia,State Senate,14,DEM,STEPHANIE ZUCKER,1013
Preston,State Senate,14,DEM,STEPHANIE ZUCKER,2112
Taylor,State Senate,14,DEM,STEPHANIE ZUCKER,1312
Tucker,State Senate,14,DEM,STEPHANIE ZUCKER,833
Barbour,State Senate,14,REP,DAVE SYPOLT,1346
Grant,State Senate,14,REP,DAVE SYPOLT,353
Hardy,State Senate,14,REP,DAVE SYPOLT,659
Mineral,State Senate,14,REP,DAVE SYPOLT,612
Monongalia,State Senate,14,REP,DAVE SYPOLT,812
Preston,State Senate,14,REP,DAVE SYPOLT,3390
Taylor,State Senate,14,REP,DAVE SYPOLT,1298
Tucker,State Senate,14,REP,DAVE SYPOLT,527
Berkeley,State Senate,15,DEM,NO CANDIDATE FILED,0
Hampshire,State Senate,15,DEM,NO CANDIDATE FILED,0
Mineral,State Senate,15,DEM,NO CANDIDATE FILED,0
Morgan,State Senate,15,DEM,NO CANDIDATE FILED,0
Berkeley,State Senate,15,REP,CHARLES S. TRUMP IV,3020
Hampshire,State Senate,15,REP,CHARLES S. TRUMP IV,1435
Mineral,State Senate,15,REP,CHARLES S. TRUMP IV,1558
Morgan,State Senate,15,REP,CHARLES S. TRUMP IV,1952
Berkeley,State Senate,16,DEM,JOHN UNGER,2418
Jefferson,State Senate,16,DEM,JOHN UNGER,3891
Berkeley,State Senate,16,REP,MICHAEL CRAIG FOLK,2523
Jefferson,State Senate,16,REP,MICHAEL CRAIG FOLK,3206
Kanawha,State Senate,17,DEM,TERRELL ELLIS,5317
Kanawha,State Senate,17,DEM,"JUSTIN ""DICK"" SALISBURY",1161
Kanawha,State Senate,17,DEM,MARY ANN ROEBUCK CLAYTOR,3746
Kanawha,State Senate,17,REP,TOM TAKUBO,5873
Brooke,House of Delegates,1,DEM,DIANA MAGNONE,420
Hancock,House of Delegates,1,DEM,DIANA MAGNONE,1496
Brooke,House of Delegates,1,DEM,RANDY SWARTZMILLER,327
Hancock,House of Delegates,1,DEM,RANDY SWARTZMILLER,1743
Brooke,House of Delegates,1,REP,PAT McGEEHAN,227
Hancock,House of Delegates,1,REP,PAT McGEEHAN,1363
Brooke,House of Delegates,1,REP,MARK ZATEZALO,293
Hancock,House of Delegates,1,REP,MARK ZATEZALO,1094
Brooke,House of Delegates,2,DEM,PHILLIP W DISERIO,1767
Ohio,House of Delegates,2,DEM,PHILLIP W DISERIO,51
Brooke,House of Delegates,2,REP,GRACE DAVIS,699
Ohio,House of Delegates,2,REP,GRACE DAVIS,51
Ohio,House of Delegates,3,DEM,SHAWN FLUHARTY,3713
Ohio,House of Delegates,3,DEM,NO CANDIDATE(S) FILED,0
Ohio,House of Delegates,3,REP,DALTON HAAS,1988
Ohio,House of Delegates,3,REP,ERIKKA STORCH,3088
Ohio,House of Delegates,3,REP,LARRY TIGHE,679
Marshall,House of Delegates,4,DEM,JOE CANESTRARO,2215
Ohio,House of Delegates,4,DEM,JOE CANESTRARO,179
Marshall,House of Delegates,4,DEM,LISA ZUKOFF,2479
Ohio,House of Delegates,4,DEM,LISA ZUKOFF,166
Marshall,House of Delegates,4,REP,CHARLIE REYNOLDS,2063
Ohio,House of Delegates,4,REP,CHARLIE REYNOLDS,205
Marshall,House of Delegates,4,REP,NO CANDIDATE FILED,0
Ohio,House of Delegates,4,REP,NO CANDIDATE FILED,0
Monongalia,House of Delegates,5,DEM,DAVE PETHTEL,72
Wetzel,House of Delegates,5,DEM,DAVE PETHTEL,1883
Monongalia,House of Delegates,5,REP,PHILLIP WILEY,50
Wetzel,House of Delegates,5,REP,PHILLIP WILEY,636
Doddridge,House of Delegates,6,DEM,T. CHRIS COMBS,228
Pleasants,House of Delegates,6,DEM,T. CHRIS COMBS,25
Tyler,House of Delegates,6,DEM,T. CHRIS COMBS,423
Doddridge,House of Delegates,6,REP,DAVID L. KELLY,642
Pleasants,House of Delegates,6,REP,DAVID L. KELLY,17
Tyler,House of Delegates,6,REP,DAVID L. KELLY,610
Doddridge,House of Delegates,6,REP,ALEX KING,391
Pleasants,House of Delegates,6,REP,ALEX KING,15
Tyler,House of Delegates,6,REP,ALEX KING,717
Pleasants,House of Delegates,7,DEM,LISSA LUCAS,478
Ritchie,House of Delegates,7,DEM,LISSA LUCAS,472
Pleasants,House of Delegates,7,REP,JASON S. HARSHBARGER,526
Ritchie,House of Delegates,7,REP,JASON S. HARSHBARGER,1430
Wood,House of Delegates,8,DEM,DAVID BLAND,1082
Wood,House of Delegates,8,REP,BILL ANDERSON,1460
Wirt,House of Delegates,9,DEM,JIM MARION,383
Wood,House of Delegates,9,DEM,JIM MARION,596
Wirt,House of Delegates,9,REP,RAY HOLLEN,466
Wood,House of Delegates,9,REP,RAY HOLLEN,864
Wood,House of Delegates,10,DEM,ANDY DANIEL,1570
Wood,House of Delegates,10,DEM,HARRY DEITZLER,2028
Wood,House of Delegates,10,DEM,J. MORGAN LEACH,2063
Wood,House of Delegates,10,REP,FRANK DEEM,2302
Wood,House of Delegates,10,REP,VERNON CRISS,2502
Wood,House of Delegates,10,REP,MATTHEW DODRILL,1556
Wood,House of Delegates,10,REP,JIM ERLANDSON,1232
Wood,House of Delegates,10,REP,JOHN R. KELLY,2154
Jackson,House of Delegates,11,DEM,JAMES ALAN PICKENS,135
Roane,House of Delegates,11,DEM,JAMES ALAN PICKENS,869
Jackson,House of Delegates,11,REP,"MARTIN ""RICK"" ATKINSON III",323
Roane,House of Delegates,11,REP,"MARTIN ""RICK"" ATKINSON III",963
Jackson,House of Delegates,12,DEM,MISSY MORRIS,1277
Jackson,House of Delegates,12,REP,STEVE WESTFALL,1632
Jackson,House of Delegates,13,DEM,SCOTT BREWER,726
Mason,House of Delegates,13,DEM,SCOTT BREWER,1054
Putnam,House of Delegates,13,DEM,SCOTT BREWER,974
Jackson,House of Delegates,13,DEM,NO CANDIDATE FILED,0
Mason,House of Delegates,13,DEM,NO CANDIDATE FILED,0
Putnam,House of Delegates,13,DEM,NO CANDIDATE FILED,0
Jackson,House of Delegates,13,REP,SCOTT CADLE,551
Mason,House of Delegates,13,REP,SCOTT CADLE,904
Putnam,House of Delegates,13,REP,SCOTT CADLE,669
Jackson,House of Delegates,13,REP,JOSHUA KURT HIGGINBOTHAM,435
Mason,House of Delegates,13,REP,JOSHUA KURT HIGGINBOTHAM,419
Putnam,House of Delegates,13,REP,JOSHUA KURT HIGGINBOTHAM,1029
Mason,House of Delegates,14,DEM,BRIANNE SOLOMON,890
Putnam,House of Delegates,14,DEM,BRIANNE SOLOMON,191
Mason,House of Delegates,14,REP,JIM BUTLER,983
Putnam,House of Delegates,14,REP,JIM BUTLER,305
Putnam,House of Delegates,15,DEM,CASEY WADE HORTON,1158
Putnam,House of Delegates,15,REP,GEOFF FOSTER,1377
Putnam,House of Delegates,15,REP,BRYAN HASTINGS,820
Cabell,House of Delegates,16,DEM,DAVID FATTALEH,811
Lincoln,House of Delegates,16,DEM,DAVID FATTALEH,76
Cabell,House of Delegates,16,DEM,SEAN HORNBUCKLE,2576
Lincoln,House of Delegates,16,DEM,SEAN HORNBUCKLE,255
Cabell,House of Delegates,16,DEM,DAKOTA NELSON,1181
Lincoln,House of Delegates,16,DEM,DAKOTA NELSON,155
Cabell,House of Delegates,16,DEM,MATT SPURLOCK,1733
Lincoln,House of Delegates,16,DEM,MATT SPURLOCK,267
Cabell,House of Delegates,16,REP,CHRIS BURGER,634
Lincoln,House of Delegates,16,REP,CHRIS BURGER,45
Cabell,House of Delegates,16,REP,JARRED CANNON,799
Lincoln,House of Delegates,16,REP,JARRED CANNON,45
Cabell,House of Delegates,16,REP,STEVEN J. DAVIS,698
Lincoln,House of Delegates,16,REP,STEVEN J. DAVIS,38
Cabell,House of Delegates,16,REP,ANDREW DORNBOS,350
Lincoln,House of Delegates,16,REP,ANDREW DORNBOS,17
Cabell,House of Delegates,16,REP,DANIEL LINVILLE,1056
Lincoln,House of Delegates,16,REP,DANIEL LINVILLE,86
Cabell,House of Delegates,16,REP,JOHN F. MANDT JR.,1320
Lincoln,House of Delegates,16,REP,JOHN F. MANDT JR.,25
Cabell,House of Delegates,16,REP,VERA MILLER,799
Lincoln,House of Delegates,16,REP,VERA MILLER,49
Cabell,House of Delegates,17,DEM,CHRISTOPHER HUGHART,256
Wayne,House of Delegates,17,DEM,CHRISTOPHER HUGHART,213
Cabell,House of Delegates,17,DEM,CHAD LOVEJOY,1671
Wayne,House of Delegates,17,DEM,CHAD LOVEJOY,327
Cabell,House of Delegates,17,DEM,JEANETTE M. ROWSEY,1309
Wayne,House of Delegates,17,DEM,JEANETTE M. ROWSEY,196
Cabell,House of Delegates,17,REP,JOYCE W. HOLLAND,847
Wayne,House of Delegates,17,REP,JOYCE W. HOLLAND,155
Cabell,House of Delegates,17,REP,MATTHEW ROHRBACH,1485
Wayne,House of Delegates,17,REP,MATTHEW ROHRBACH,263
Cabell,House of Delegates,18,DEM,KAREN NANCE,732
Cabell,House of Delegates,18,DEM,PAUL DAVID ROSS,319
Cabell,House of Delegates,18,DEM,JERRY A TIGHE,245
Cabell,House of Delegates,18,REP,EVAN WORRELL,1106
Wayne,House of Delegates,19,DEM,KEN HICKS,2523
Wayne,House of Delegates,19,DEM,ROBERT THOMPSON,3292
Wayne,House of Delegates,19,REP,MARK ROSS,1664
Wayne,House of Delegates,19,REP,NO CANDIDATE FILED,0
Logan,House of Delegates,20,DEM,NATHAN BROWN,108
Mingo,House of Delegates,20,DEM,NATHAN BROWN,1478
Logan,House of Delegates,20,DEM,BARRY MARCUM,197
Mingo,House of Delegates,20,DEM,BARRY MARCUM,1104
Logan,House of Delegates,20,REP,NO CANDIDATE FILED,0
Mingo,House of Delegates,20,REP,NO CANDIDATE FILED,0
McDowell,House of Delegates,21,DEM,PHYLLIS RIFFE WHITE,137
Mingo,House of Delegates,21,DEM,PHYLLIS RIFFE WHITE,906
Wyoming,House of Delegates,21,DEM,PHYLLIS RIFFE WHITE,239
McDowell,House of Delegates,21,REP,MARK DEAN,89
Mingo,House of Delegates,21,REP,MARK DEAN,400
Wyoming,House of Delegates,21,REP,MARK DEAN,122
Boone,House of Delegates,22,DEM,BILL BRYANT,109
Lincoln,House of Delegates,22,DEM,BILL BRYANT,750
Logan,House of Delegates,22,DEM,BILL BRYANT,262
Putnam,House of Delegates,22,DEM,BILL BRYANT,337
Boone,House of Delegates,22,DEM,GARY McCALLISTER,236
Lincoln,House of Delegates,22,DEM,GARY McCALLISTER,1033
Logan,House of Delegates,22,DEM,GARY McCALLISTER,151
Putnam,House of Delegates,22,DEM,GARY McCALLISTER,470
Boone,House of Delegates,22,REP,"JOSEPH ""JOE"" JEFFRIES",28
Lincoln,House of Delegates,22,REP,"JOSEPH ""JOE"" JEFFRIES",296
Logan,House of Delegates,22,REP,"JOSEPH ""JOE"" JEFFRIES",28
Putnam,House of Delegates,22,REP,"JOSEPH ""JOE"" JEFFRIES",783
Boone,House of Delegates,22,REP,ZACK MAYNARD,109
Lincoln,House of Delegates,22,REP,ZACK MAYNARD,673
Logan,House of Delegates,22,REP,ZACK MAYNARD,118
Putnam,House of Delegates,22,REP,ZACK MAYNARD,402
Boone,House of Delegates,23,DEM,RODNEY A MILLER,2186
Boone,House of Delegates,23,REP,"LAWRENCE ""LARRY"" LYON JR.",626
Boone,House of Delegates,24,DEM,HARRY FREEMAN,102
Logan,House of Delegates,24,DEM,HARRY FREEMAN,1055
Wyoming,House of Delegates,24,DEM,HARRY FREEMAN,4
Boone,House of Delegates,24,DEM,GEORGE HOWES,27
Logan,House of Delegates,24,DEM,GEORGE HOWES,626
Wyoming,House of Delegates,24,DEM,GEORGE HOWES,7
Boone,House of Delegates,24,DEM,SUSAN SHELTON PERRY,103
Logan,House of Delegates,24,DEM,SUSAN SHELTON PERRY,1110
Wyoming,House of Delegates,24,DEM,SUSAN SHELTON PERRY,12
Boone,House of Delegates,24,DEM,RALPH RODIGHIERO,288
Logan,House of Delegates,24,DEM,RALPH RODIGHIERO,2234
Wyoming,House of Delegates,24,DEM,RALPH RODIGHIERO,26
Boone,House of Delegates,24,DEM,TIM TOMBLIN,142
Logan,House of Delegates,24,DEM,TIM TOMBLIN,1697
Wyoming,House of Delegates,24,DEM,TIM TOMBLIN,22
Boone,House of Delegates,24,REP,JORDAN BRIDGES,81
Logan,House of Delegates,24,REP,JORDAN BRIDGES,636
Wyoming,House of Delegates,24,REP,JORDAN BRIDGES,37
Boone,House of Delegates,24,REP,ALLEN LARDIERI,45
Logan,House of Delegates,24,REP,ALLEN LARDIERI,369
Wyoming,House of Delegates,24,REP,ALLEN LARDIERI,37
Boone,House of Delegates,24,REP,AARON STONE,62
Logan,House of Delegates,24,REP,AARON STONE,415
Wyoming,House of Delegates,24,REP,AARON STONE,21
McDowell,House of Delegates,25,DEM,ANDY VANCE,147
Mercer,House of Delegates,25,DEM,ANDY VANCE,100
Wyoming,House of Delegates,25,DEM,ANDY VANCE,1303
McDowell,House of Delegates,25,REP,TONY PAYNTER,29
Mercer,House of Delegates,25,REP,TONY PAYNTER,140
Wyoming,House of Delegates,25,REP,TONY PAYNTER,735
McDowell,House of Delegates,26,DEM,ED EVANS,1253
Mercer,House of Delegates,26,DEM,ED EVANS,79
McDowell,House of Delegates,26,DEM,JENNIFER VANOVER,206
Mercer,House of Delegates,26,DEM,JENNIFER VANOVER,99
McDowell,House of Delegates,26,REP,DAVID COX,283
Mercer,House of Delegates,26,REP,DAVID COX,119
Mercer,House of Delegates,27,DEM,CAROL B. BAILEY,2587
Raleigh,House of Delegates,27,DEM,CAROL B. BAILEY,52
Mercer,House of Delegates,27,DEM,PHOEBE JEFFRIES MEADOWS,1826
Raleigh,House of Delegates,27,DEM,PHOEBE JEFFRIES MEADOWS,45
Mercer,House of Delegates,27,DEM,LACY WATSON,1636
Raleigh,House of Delegates,27,DEM,LACY WATSON,30
Mercer,House of Delegates,27,REP,"JOE C. ELLINGTON, JR.",2001
Raleigh,House of Delegates,27,REP,"JOE C. ELLINGTON, JR.",37
Mercer,House of Delegates,27,REP,ZANE LAWHORN,1815
Raleigh,House of Delegates,27,REP,ZANE LAWHORN,35
Mercer,House of Delegates,27,REP,ERIC PORTERFIELD,1808
Raleigh,House of Delegates,27,REP,ERIC PORTERFIELD,50
Mercer,House of Delegates,27,REP,JOHN H. SHOTT,2199
Raleigh,House of Delegates,27,REP,JOHN H. SHOTT,27
Mercer,House of Delegates,27,REP,MIKE SWATTS,1373
Raleigh,House of Delegates,27,REP,MIKE SWATTS,18
Monroe,House of Delegates,28,DEM,ANDREW EVANS,1094
Raleigh,House of Delegates,28,DEM,ANDREW EVANS,330
Summers,House of Delegates,28,DEM,ANDREW EVANS,1128
Monroe,House of Delegates,28,DEM,SANDY SHAW,365
Raleigh,House of Delegates,28,DEM,SANDY SHAW,847
Summers,House of Delegates,28,DEM,SANDY SHAW,799
Monroe,House of Delegates,28,REP,RON CANTLEY II,248
Raleigh,House of Delegates,28,REP,RON CANTLEY II,883
Summers,House of Delegates,28,REP,RON CANTLEY II,292
Monroe,House of Delegates,28,REP,ROY G COOPER,957
Raleigh,House of Delegates,28,REP,ROY G COOPER,235
Summers,House of Delegates,28,REP,ROY G COOPER,620
Monroe,House of Delegates,28,REP,JEFFREY PACK,437
Raleigh,House of Delegates,28,REP,JEFFREY PACK,882
Summers,House of Delegates,28,REP,JEFFREY PACK,443
Raleigh,House of Delegates,29,DEM,RICKY MOYE,1327
Raleigh,House of Delegates,29,REP,ZACHARY MEADOR,414
Raleigh,House of Delegates,29,REP,BRANDON STEELE,813
Raleigh,House of Delegates,30,REP,NO CANDIDATE FILED,0
Raleigh,House of Delegates,30,DEM,MICK BATES,1718
Raleigh,House of Delegates,31,DEM,"RICHARD ""RICK"" SNUFFER II",838
Wyoming,House of Delegates,31,DEM,"RICHARD ""RICK"" SNUFFER II",341
Raleigh,House of Delegates,31,REP,CHRISTOPHER WAYNE TONEY,585
Wyoming,House of Delegates,31,REP,CHRISTOPHER WAYNE TONEY,54
Raleigh,House of Delegates,31,REP,CHANDA ADKINS,530
Wyoming,House of Delegates,31,REP,CHANDA ADKINS,80
Clay,House of Delegates,32,DEM,"MELVIN ""MEL"" KESSLER",45
Fayette,House of Delegates,32,DEM,"MELVIN ""MEL"" KESSLER",2223
Kanawha,House of Delegates,32,DEM,"MELVIN ""MEL"" KESSLER",26
Nicholas,House of Delegates,32,DEM,"MELVIN ""MEL"" KESSLER",52
Raleigh,House of Delegates,32,DEM,"MELVIN ""MEL"" KESSLER",257
Clay,House of Delegates,32,DEM,LUKE LIVELY,59
Fayette,House of Delegates,32,DEM,LUKE LIVELY,2709
Kanawha,House of Delegates,32,DEM,LUKE LIVELY,17
Nicholas,House of Delegates,32,DEM,LUKE LIVELY,46
Raleigh,House of Delegates,32,DEM,LUKE LIVELY,227
Clay,House of Delegates,32,DEM,MARGARET ANNE STAGGERS,94
Fayette,House of Delegates,32,DEM,MARGARET ANNE STAGGERS,2859
Nicholas,House of Delegates,32,DEM,MARGARET ANNE STAGGERS,63
Raleigh,House of Delegates,32,DEM,MARGARET ANNE STAGGERS,270
Clay,House of Delegates,32,DEM,SELINA VICKERS,43
Fayette,House of Delegates,32,DEM,SELINA VICKERS,2215
Kanawha,House of Delegates,32,DEM,SELINA VICKERS,17
Nicholas,House of Delegates,32,DEM,SELINA VICKERS,51
Raleigh,House of Delegates,32,DEM,SELINA VICKERS,211
Clay,House of Delegates,32,REP,TOM FAST,51
Fayette,House of Delegates,32,REP,TOM FAST,1386
Kanawha,House of Delegates,32,REP,TOM FAST,7
Nicholas,House of Delegates,32,REP,TOM FAST,46
Raleigh,House of Delegates,32,REP,TOM FAST,251
Clay,House of Delegates,32,REP,AUSTIN HAYNES,48
Fayette,House of Delegates,32,REP,AUSTIN HAYNES,1194
Kanawha,House of Delegates,32,REP,AUSTIN HAYNES,8
Nicholas,House of Delegates,32,REP,AUSTIN HAYNES,37
Raleigh,House of Delegates,32,REP,AUSTIN HAYNES,221
Clay,House of Delegates,32,REP,KAYLA KESSINGER,56
Fayette,House of Delegates,32,REP,KAYLA KESSINGER,1240
Kanawha,House of Delegates,32,REP,KAYLA KESSINGER,9
Nicholas,House of Delegates,32,REP,KAYLA KESSINGER,47
Raleigh,House of Delegates,32,REP,KAYLA KESSINGER,368
Calhoun,House of Delegates,33,DEM,DAVID A WALKER,524
Clay,House of Delegates,33,DEM,DAVID A WALKER,666
Gilmer,House of Delegates,33,DEM,DAVID A WALKER,467
Calhoun,House of Delegates,33,REP,ROGER HANSHAW,279
Clay,House of Delegates,33,REP,ROGER HANSHAW,320
Gilmer,House of Delegates,33,REP,ROGER HANSHAW,222
Braxton,House of Delegates,34,DEM,BRENT BOGGS,1585
Gilmer,House of Delegates,34,DEM,BRENT BOGGS,463
Braxton,House of Delegates,34,REP,LOGAN M. THOMPSON,535
Gilmer,House of Delegates,34,REP,LOGAN M. THOMPSON,107
Kanawha,House of Delegates,35,DEM,ANDREW D. BYRD,5191
Kanawha,House of Delegates,35,DEM,RENATE PORE,4021
Kanawha,House of Delegates,35,DEM,JAMES P. ROBINETTE,3645
Kanawha,House of Delegates,35,DEM,DOUG SKAFF JR.,4996
Kanawha,House of Delegates,35,REP,EDWARD R. BURGESS,2186
Kanawha,House of Delegates,35,REP,MOORE CAPITO,3952
Kanawha,House of Delegates,35,REP,BILL JOHNSON,1879
Kanawha,House of Delegates,35,REP,CHARLOTTE R. LANE,2902
Kanawha,House of Delegates,35,REP,ERIC NELSON,3469
Kanawha,House of Delegates,36,DEM,CLINT CASTO,1197
Kanawha,House of Delegates,36,DEM,JAMES ELAM,924
Kanawha,House of Delegates,36,DEM,AMANDA ESTEP-BURTON,2710
Kanawha,House of Delegates,36,DEM,ANDREW ROBINSON,3854
Kanawha,House of Delegates,36,DEM,LARRY L . ROWE,4185
Kanawha,House of Delegates,36,REP,MATTHEW JARRETT,1719
Kanawha,House of Delegates,36,REP,ETHAN MORRIS,1604
Kanawha,House of Delegates,36,REP,CHRIS PRITT,1885
Kanawha,House of Delegates,37,DEM,MIKE PUSHKIN,1946
Kanawha,House of Delegates,37,REP,RICHARD L. PATRICK,448
Kanawha,House of Delegates,38,DEM,TOM TULL,890
Putnam,House of Delegates,38,DEM,TOM TULL,432
Kanawha,House of Delegates,38,REP,CINDY FARLEY,237
Putnam,House of Delegates,38,REP,CINDY FARLEY,587
Kanawha,House of Delegates,38,REP,DIANNA GRAVES,757
Putnam,House of Delegates,38,REP,DIANNA GRAVES,151
Kanawha,House of Delegates,39,DEM,"DAVID ""WOODY"" HOLMES",644
Kanawha,House of Delegates,39,DEM,ALEX URBAN,579
Kanawha,House of Delegates,39,REP,SHARON LEWIS MALCOLM,1174
Kanawha,House of Delegates,40,DEM,MELISSA RIGGS HUFFMAN,1171
Kanawha,House of Delegates,40,REP,DEAN JEFFRIES,898
Kanawha,House of Delegates,40,REP,KENNETH E. TAWNEY,543
Kanawha,House of Delegates,40,REP,RONALD CLINTON SHAMBLIN,266
Greenbrier,House of Delegates,41,DEM,MONICA ADDINGTON,37
Nicholas,House of Delegates,41,DEM,MONICA ADDINGTON,241
Greenbrier,House of Delegates,41,DEM,DUANE BRAGG,5
Nicholas,House of Delegates,41,DEM,DUANE BRAGG,219
Greenbrier,House of Delegates,41,DEM,"PAUL O'DELL, JR",40
Nicholas,House of Delegates,41,DEM,"PAUL O'DELL, JR",1001
Greenbrier,House of Delegates,41,DEM,NELSON E. TINNEL,9
Nicholas,House of Delegates,41,DEM,NELSON E. TINNEL,555
Greenbrier,House of Delegates,41,REP,JORDAN HILL,37
Nicholas,House of Delegates,41,REP,JORDAN HILL,1459
Greenbrier,House of Delegates,42,DEM,JEFF CAMPBELL,2770
Monroe,House of Delegates,42,DEM,JEFF CAMPBELL,148
Summers,House of Delegates,42,DEM,JEFF CAMPBELL,96
Greenbrier,House of Delegates,42,DEM,CINDY LAVENDER-BOWE,2363
Monroe,House of Delegates,42,DEM,CINDY LAVENDER-BOWE,106
Summers,House of Delegates,42,DEM,CINDY LAVENDER-BOWE,47
Greenbrier,House of Delegates,42,DEM,ISAIAH T. STANLEY,699
Monroe,House of Delegates,42,DEM,ISAIAH T. STANLEY,18
Summers,House of Delegates,42,DEM,ISAIAH T. STANLEY,19
Greenbrier,House of Delegates,42,DEM,ROGER VANNOY,523
Monroe,House of Delegates,42,DEM,ROGER VANNOY,30
Summers,House of Delegates,42,DEM,ROGER VANNOY,10
Greenbrier,House of Delegates,42,REP,DENNY R. CANTERBURY,1759
Monroe,House of Delegates,42,REP,DENNY R. CANTERBURY,130
Summers,House of Delegates,42,REP,DENNY R. CANTERBURY,23
Greenbrier,House of Delegates,42,REP,TYLER JAMES HYLTON,877
Monroe,House of Delegates,42,REP,TYLER JAMES HYLTON,47
Summers,House of Delegates,42,REP,TYLER JAMES HYLTON,6
Greenbrier,House of Delegates,42,REP,STEVE MALCOMB,1189
Monroe,House of Delegates,42,REP,STEVE MALCOMB,43
Summers,House of Delegates,42,REP,STEVE MALCOMB,14
Greenbrier,House of Delegates,42,REP,ANDREW P. UTTERBACK,595
Monroe,House of Delegates,42,REP,ANDREW P. UTTERBACK,57
Summers,House of Delegates,42,REP,ANDREW P. UTTERBACK,33
Pocahontas,House of Delegates,43,DEM,BILL HARTMAN,599
Randolph,House of Delegates,43,DEM,BILL HARTMAN,1912
Pocahontas,House of Delegates,43,DEM,PHIL ISNER,421
Randolph,House of Delegates,43,DEM,PHIL ISNER,1962
Pocahontas,House of Delegates,43,DEM,CODY H. THOMPSON,336
Randolph,House of Delegates,43,DEM,CODY H. THOMPSON,2233
Pocahontas,House of Delegates,43,REP,MIKE HOUSE,273
Randolph,House of Delegates,43,REP,MIKE HOUSE,835
Pocahontas,House of Delegates,43,REP,"WILLIAM ""TY"" NESTOR",508
Randolph,House of Delegates,43,REP,"WILLIAM ""TY"" NESTOR",1030
Nicholas,House of Delegates,44,DEM,DANA L. LYNCH,724
Randolph,House of Delegates,44,DEM,DANA L. LYNCH,23
Upshur,House of Delegates,44,DEM,DANA L. LYNCH,76
Webster,House of Delegates,44,DEM,DANA L. LYNCH,570
Nicholas,House of Delegates,44,DEM,DON E. McCOURT,169
Randolph,House of Delegates,44,DEM,DON E. McCOURT,4
Upshur,House of Delegates,44,DEM,DON E. McCOURT,44
Webster,House of Delegates,44,DEM,DON E. McCOURT,581
Nicholas,House of Delegates,44,,BARBARA DANIELS,5
Randolph,House of Delegates,44,,BARBARA DANIELS,0
Upshur,House of Delegates,44,,BARBARA DANIELS,0
Webster,House of Delegates,44,,BARBARA DANIELS,0
Nicholas,House of Delegates,44,REP,CALEB HANNA,575
Randolph,House of Delegates,44,REP,CALEB HANNA,13
Upshur,House of Delegates,44,REP,CALEB HANNA,163
Webster,House of Delegates,44,REP,CALEB HANNA,253
Nicholas,House of Delegates,44,REP,ELIJAH KARNES,63
Randolph,House of Delegates,44,REP,ELIJAH KARNES,15
Upshur,House of Delegates,44,REP,ELIJAH KARNES,187
Webster,House of Delegates,44,REP,ELIJAH KARNES,109
Upshur,House of Delegates,45,DEM,MATTHEW KERNER,909
Upshur,House of Delegates,45,REP,ROBERT (BOB) KINCAID,1209
Upshur,House of Delegates,45,REP,"CARL ""ROBBIE"" MARTIN",1339
Lewis,House of Delegates,46,DEM,"ROBERT L. ""BOB"" STULTZ",1375
Upshur,House of Delegates,46,DEM,"ROBERT L. ""BOB"" STULTZ",95
Lewis,House of Delegates,46,REP,PATRICK S MARTIN,1474
Barbour,House of Delegates,47,DEM,"ROBERT ""BOB"" JOHNSON",285
Tucker,House of Delegates,47,DEM,"ROBERT ""BOB"" JOHNSON",64
Barbour,House of Delegates,47,DEM,ED LARRY,773
Tucker,House of Delegates,47,DEM,ED LARRY,132
Barbour,House of Delegates,47,DEM,CLAYTON D. MOORE,207
Tucker,House of Delegates,47,DEM,CLAYTON D. MOORE,110
Barbour,House of Delegates,47,REP,DEREK H. HART,295
Tucker,House of Delegates,47,REP,DEREK H. HART,32
Barbour,House of Delegates,47,REP,MAUREEN LASKY-SETCHELL,246
Tucker,House of Delegates,47,REP,MAUREEN LASKY-SETCHELL,32
Barbour,House of Delegates,47,REP,LONNIE L. MOORE SR.,418
Tucker,House of Delegates,47,REP,LONNIE L. MOORE SR.,48
Barbour,House of Delegates,47,REP,CHRIS PHILLIPS,662
Tucker,House of Delegates,47,REP,CHRIS PHILLIPS,66
Harrison,House of Delegates,48,DEM,"ROBERT ""ROB"" GARCIA",3867
Taylor,House of Delegates,48,DEM,"ROBERT ""ROB"" GARCIA",50
Harrison,House of Delegates,48,DEM,DEREK McINTYRE,3971
Taylor,House of Delegates,48,DEM,DEREK McINTYRE,55
Harrison,House of Delegates,48,DEM,RICHARD J. IAQUINTA,5108
Taylor,House of Delegates,48,DEM,RICHARD J. IAQUINTA,55
Harrison,House of Delegates,48,DEM,TIM MILEY,5457
Taylor,House of Delegates,48,DEM,TIM MILEY,53
Harrison,House of Delegates,48,REP,BEN QUEEN,3020
Taylor,House of Delegates,48,REP,BEN QUEEN,77
Harrison,House of Delegates,48,REP,DANNY HAMRICK,3239
Taylor,House of Delegates,48,REP,DANNY HAMRICK,74
Harrison,House of Delegates,48,REP,DEBRA S. SHRIEVES,2634
Taylor,House of Delegates,48,REP,DEBRA S. SHRIEVES,63
Harrison,House of Delegates,48,REP,TERRY WAXMAN,3030
Taylor,House of Delegates,48,REP,TERRY WAXMAN,80
Marion,House of Delegates,49,DEM,GEORGE ALLEN ABEL,76
Monongalia,House of Delegates,49,DEM,GEORGE ALLEN ABEL,150
Taylor,House of Delegates,49,DEM,GEORGE ALLEN ABEL,1286
Marion,House of Delegates,49,REP,AMY SUMMERS,70
Monongalia,House of Delegates,49,REP,AMY SUMMERS,119
Taylor,House of Delegates,49,REP,AMY SUMMERS,1182
Marion,House of Delegates,50,DEM,MICHAEL ANGELUCCI,3540
Marion,House of Delegates,50,DEM,MIKE CAPUTO,4752
Marion,House of Delegates,50,DEM,"JOHN ""MIKE"" CRIADO",1410
Marion,House of Delegates,50,DEM,"GEORGE ""FRANK"" JARMAN",1080
Marion,House of Delegates,50,DEM,LINDA LONGSTRETH,4152
Marion,House of Delegates,50,DEM,JACK L. OLIVER,1929
Marion,House of Delegates,50,REP,PHIL MALLOW,1978
Marion,House of Delegates,50,REP,GUY WARD,2195
Monongalia,House of Delegates,51,DEM,BARBARA EVANS FLEISCHAUER,6116
Monongalia,House of Delegates,51,DEM,EVAN HANSEN,5639
Monongalia,House of Delegates,51,DEM,CORY B. KENNEDY,2585
Monongalia,House of Delegates,51,DEM,RODNEY A. PYLES,3952
Monongalia,House of Delegates,51,DEM,DANIELLE WALKER,5104
Monongalia,House of Delegates,51,DEM,JOHN WILLIAMS,4994
Monongalia,House of Delegates,51,REP,CINDY FRICH,3004
Monongalia,House of Delegates,51,REP,ROGER SHUTTLESWORTH,2665
Monongalia,House of Delegates,51,REP,JOE STATLER,3160
Monongalia,House of Delegates,51,REP,DEBBIE WARNER,2799
Preston,House of Delegates,52,DEM,NO CANDIDATE FILED,0
Preston,House of Delegates,52,REP,JUSTIN HOUGH,1163
Preston,House of Delegates,52,REP,TERRI FUNK SYPOLT,1210
Preston,House of Delegates,53,DEM,CORY CHASE,937
Tucker,House of Delegates,53,DEM,CORY CHASE,721
Preston,House of Delegates,53,REP,"D.R. ""BUCK"" JENNINGS",1693
Tucker,House of Delegates,53,REP,"D.R. ""BUCK"" JENNINGS",101
Preston,House of Delegates,53,REP,CALEB B. STUTLER,359
Tucker,House of Delegates,53,REP,CALEB B. STUTLER,290
Grant,House of Delegates,54,DEM,NO CANDIDATE FILED,0
Mineral,House of Delegates,54,DEM,NO CANDIDATE FILED,0
Pendleton,House of Delegates,54,DEM,NO CANDIDATE FILED,0
Grant,House of Delegates,54,REP,JASON I. BOWEN,298
Mineral,House of Delegates,54,REP,JASON I. BOWEN,27
Pendleton,House of Delegates,54,REP,JASON I. BOWEN,40
Grant,House of Delegates,54,REP,KEITH L. FUNKHOUSER,592
Mineral,House of Delegates,54,REP,KEITH L. FUNKHOUSER,368
Pendleton,House of Delegates,54,REP,KEITH L. FUNKHOUSER,23
Grant,House of Delegates,54,REP,JOHN PAUL HOTT II,1735
Mineral,House of Delegates,54,REP,JOHN PAUL HOTT II,241
Pendleton,House of Delegates,54,REP,JOHN PAUL HOTT II,161
Hardy,House of Delegates,55,DEM,ISAAC SPONAUGLE,1406
Pendleton,House of Delegates,55,DEM,ISAAC SPONAUGLE,734
Hardy,House of Delegates,55,REP,JON HOF,753
Pendleton,House of Delegates,55,REP,JON HOF,231
Mineral,House of Delegates,56,DEM,TIMOTHY RYAN,596
Mineral,House of Delegates,56,DEM,WILL SKEHAN,381
Mineral,House of Delegates,56,REP,LUKE McKENZIE,482
Mineral,House of Delegates,56,REP,GARY G. HOWELL,869
Mineral,House of Delegates,56,REP,CHARLES VON HAGEL,390
Hampshire,House of Delegates,57,DEM,NO CANDIDATE FILED,0
Mineral,House of Delegates,57,DEM,NO CANDIDATE FILED,0
Hampshire,House of Delegates,57,REP,RUTH ROWAN,976
Mineral,House of Delegates,57,REP,RUTH ROWAN,304
Hampshire,House of Delegates,58,DEM,BIBI HAHN,205
Morgan,House of Delegates,58,DEM,BIBI HAHN,514
Hampshire,House of Delegates,58,REP,DARYL E. COWLES,446
Morgan,House of Delegates,58,REP,DARYL E. COWLES,1144
Berkeley,House of Delegates,59,DEM,JOHN ISNER,587
Morgan,House of Delegates,59,DEM,JOHN ISNER,289
Berkeley,House of Delegates,59,REP,LARRY D. KUMP,616
Morgan,House of Delegates,59,REP,LARRY D. KUMP,371
Berkeley,House of Delegates,59,REP,TALLY RANELS REED,529
Morgan,House of Delegates,59,REP,TALLY RANELS REED,424
Berkeley,House of Delegates,60,REP,S. MARSHALL WILSON,884
Berkeley,House of Delegates,60,REP,LARRY W. FAIRCLOTH SR.,626
Berkeley,House of Delegates,60,DEM,NO CANDIDATE FILED,0
Berkeley,House of Delegates,61,DEM,JASON BARRETT,1032
Berkeley,House of Delegates,61,REP,ANTHONY J. VITALE,776
Berkeley,House of Delegates,62,DEM,CYNTHIA TOODLE,562
Berkeley,House of Delegates,62,REP,TOM BIBBY,455
Berkeley,House of Delegates,62,REP,KEVIN R. BOLEN,475
Berkeley,House of Delegates,63,DEM,SAM BROWN,724
Berkeley,House of Delegates,63,REP,PAM BRUSH,352
Berkeley,House of Delegates,63,REP,JOHN HARDY,361
Berkeley,House of Delegates,63,REP,DAVY JONES,236
Berkeley,House of Delegates,63,REP,SAMSON WRIGHT,119
Berkeley,House of Delegates,64,REP,ERIC LEE HOUSEHOLDER,682
Berkeley,House of Delegates,64,REP,WENDY J.G. BIRD,444
Berkeley,House of Delegates,64,DEM,NO CANDIDATE FILED,0
Jefferson,House of Delegates,65,DEM,SAMMI BROWN,1088
Jefferson,House of Delegates,65,REP,JILL UPSON,1090
Jefferson,House of Delegates,66,DEM,DAVID M. DINGES,870
Jefferson,House of Delegates,66,REP,PAUL ESPINOSA,873
Jefferson,House of Delegates,66,REP,REESE CLABAUGH,515
Jefferson,House of Delegates,67,DEM,JOHN DOYLE,1885
Jefferson,House of Delegates,67,REP,RILEY MOORE,1084
Jefferson,House of Delegates,67,REP,DAN SWISHER,263
