candidate,office,district,party,county,precinct,total votes
,Registered Voters,,REP,Ohio,Precinct 4,344
,Registered Voters,,DEM,Ohio,Precinct 4,771
,Registered Voters,,MTN,Ohio,Precinct 4,1
,Ballots Cast,,REP,Ohio,Precinct 4,71
,Ballots Cast,,DEM,Ohio,Precinct 4,129
,Ballots Cast,,MTN,Ohio,Precinct 4,0
Thomas Ressler,US Senate,,REP,Ohio,Precinct 4,3
"Harry C. Bruner, Jr.",US Senate,,REP,Ohio,Precinct 4,0
Frank Kubic,US Senate,,REP,Ohio,Precinct 4,0
John R. Raese,US Senate,,REP,Ohio,Precinct 4,46
Daniel Rebich,US Senate,,REP,Ohio,Precinct 4,0
Kenneth A. Culp,US Senate,,REP,Ohio,Precinct 4,3
Albert Howard,US Senate,,REP,Ohio,Precinct 4,1
Lynette Kennedy McQuain,US Senate,,REP,Ohio,Precinct 4,0
Scott H. Williams,US Senate,,REP,Ohio,Precinct 4,1
Mac Warner,US Senate,,REP,Ohio,Precinct 4,17
Ken Hechler,US Senate,,DEM,Ohio,Precinct 4,23
Sheirl Fletcher,US Senate,,DEM,Ohio,Precinct 4,13
Joe Manchin III,US Senate,,DEM,Ohio,Precinct 4,93
Jesse Johnson,US Senate,,MTN,Ohio,Precinct 4,0
,Registered Voters,,REP,Ohio,Precinct 5,286
,Registered Voters,,DEM,Ohio,Precinct 5,652
,Registered Voters,,MTN,Ohio,Precinct 5,0
,Ballots Cast,,REP,Ohio,Precinct 5,56
,Ballots Cast,,DEM,Ohio,Precinct 5,123
,Ballots Cast,,MTN,Ohio,Precinct 5,1
Thomas Ressler,US Senate,,REP,Ohio,Precinct 5,1
"Harry C. Bruner, Jr.",US Senate,,REP,Ohio,Precinct 5,0
Frank Kubic,US Senate,,REP,Ohio,Precinct 5,1
John R. Raese,US Senate,,REP,Ohio,Precinct 5,29
Daniel Rebich,US Senate,,REP,Ohio,Precinct 5,0
Kenneth A. Culp,US Senate,,REP,Ohio,Precinct 5,1
Albert Howard,US Senate,,REP,Ohio,Precinct 5,0
Lynette Kennedy McQuain,US Senate,,REP,Ohio,Precinct 5,3
Scott H. Williams,US Senate,,REP,Ohio,Precinct 5,2
Mac Warner,US Senate,,REP,Ohio,Precinct 5,18
Ken Hechler,US Senate,,DEM,Ohio,Precinct 5,18
Sheirl Fletcher,US Senate,,DEM,Ohio,Precinct 5,17
Joe Manchin III,US Senate,,DEM,Ohio,Precinct 5,88
Jesse Johnson,US Senate,,MTN,Ohio,Precinct 5,1
,Registered Voters,,REP,Ohio,Precinct 10,154
,Registered Voters,,DEM,Ohio,Precinct 10,261
,Registered Voters,,MTN,Ohio,Precinct 10,0
,Ballots Cast,,REP,Ohio,Precinct 10,44
,Ballots Cast,,DEM,Ohio,Precinct 10,58
,Ballots Cast,,MTN,Ohio,Precinct 10,0
Thomas Ressler,US Senate,,REP,Ohio,Precinct 10,1
"Harry C. Bruner, Jr.",US Senate,,REP,Ohio,Precinct 10,0
Frank Kubic,US Senate,,REP,Ohio,Precinct 10,0
John R. Raese,US Senate,,REP,Ohio,Precinct 10,35
Daniel Rebich,US Senate,,REP,Ohio,Precinct 10,0
Kenneth A. Culp,US Senate,,REP,Ohio,Precinct 10,1
Albert Howard,US Senate,,REP,Ohio,Precinct 10,0
Lynette Kennedy McQuain,US Senate,,REP,Ohio,Precinct 10,0
Scott H. Williams,US Senate,,REP,Ohio,Precinct 10,2
Mac Warner,US Senate,,REP,Ohio,Precinct 10,5
Ken Hechler,US Senate,,DEM,Ohio,Precinct 10,8
Sheirl Fletcher,US Senate,,DEM,Ohio,Precinct 10,6
Joe Manchin III,US Senate,,DEM,Ohio,Precinct 10,41
Jesse Johnson,US Senate,,MTN,Ohio,Precinct 10,0
,Registered Voters,,REP,Ohio,Precinct 11A,124
,Registered Voters,,DEM,Ohio,Precinct 11A,235
,Registered Voters,,MTN,Ohio,Precinct 11A,0
,Ballots Cast,,REP,Ohio,Precinct 11A,24
,Ballots Cast,,DEM,Ohio,Precinct 11A,27
,Ballots Cast,,MTN,Ohio,Precinct 11A,0
Thomas Ressler,US Senate,,REP,Ohio,Precinct 11A,0
"Harry C. Bruner, Jr.",US Senate,,REP,Ohio,Precinct 11A,1
Frank Kubic,US Senate,,REP,Ohio,Precinct 11A,0
John R. Raese,US Senate,,REP,Ohio,Precinct 11A,17
Daniel Rebich,US Senate,,REP,Ohio,Precinct 11A,1
Kenneth A. Culp,US Senate,,REP,Ohio,Precinct 11A,1
Albert Howard,US Senate,,REP,Ohio,Precinct 11A,0
Lynette Kennedy McQuain,US Senate,,REP,Ohio,Precinct 11A,0
Scott H. Williams,US Senate,,REP,Ohio,Precinct 11A,0
Mac Warner,US Senate,,REP,Ohio,Precinct 11A,3
Ken Hechler,US Senate,,DEM,Ohio,Precinct 11A,3
Sheirl Fletcher,US Senate,,DEM,Ohio,Precinct 11A,3
Joe Manchin III,US Senate,,DEM,Ohio,Precinct 11A,21
Jesse Johnson,US Senate,,MTN,Ohio,Precinct 11A,0
,Registered Voters,,REP,Ohio,Precinct 12A,277
,Registered Voters,,DEM,Ohio,Precinct 12A,352
,Registered Voters,,MTN,Ohio,Precinct 12A,1
,Ballots Cast,,REP,Ohio,Precinct 12A,38
,Ballots Cast,,DEM,Ohio,Precinct 12A,36
,Ballots Cast,,MTN,Ohio,Precinct 12A,0
Thomas Ressler,US Senate,,REP,Ohio,Precinct 12A,2
"Harry C. Bruner, Jr.",US Senate,,REP,Ohio,Precinct 12A,0
Frank Kubic,US Senate,,REP,Ohio,Precinct 12A,1
John R. Raese,US Senate,,REP,Ohio,Precinct 12A,26
Daniel Rebich,US Senate,,REP,Ohio,Precinct 12A,0
Kenneth A. Culp,US Senate,,REP,Ohio,Precinct 12A,2
Albert Howard,US Senate,,REP,Ohio,Precinct 12A,0
Lynette Kennedy McQuain,US Senate,,REP,Ohio,Precinct 12A,0
Scott H. Williams,US Senate,,REP,Ohio,Precinct 12A,0
Mac Warner,US Senate,,REP,Ohio,Precinct 12A,6
Ken Hechler,US Senate,,DEM,Ohio,Precinct 12A,11
Sheirl Fletcher,US Senate,,DEM,Ohio,Precinct 12A,2
Joe Manchin III,US Senate,,DEM,Ohio,Precinct 12A,31
Jesse Johnson,US Senate,,MTN,Ohio,Precinct 12A,0
,Registered Voters,,REP,Ohio,Precinct 13A,332
,Registered Voters,,DEM,Ohio,Precinct 13A,466
,Registered Voters,,MTN,Ohio,Precinct 13A,0
,Ballots Cast,,REP,Ohio,Precinct 13A,78
,Ballots Cast,,DEM,Ohio,Precinct 13A,96
,Ballots Cast,,MTN,Ohio,Precinct 13A,0
Thomas Ressler,US Senate,,REP,Ohio,Precinct 13A,0
"Harry C. Bruner, Jr.",US Senate,,REP,Ohio,Precinct 13A,1
Frank Kubic,US Senate,,REP,Ohio,Precinct 13A,0
John R. Raese,US Senate,,REP,Ohio,Precinct 13A,56
Daniel Rebich,US Senate,,REP,Ohio,Precinct 13A,0
Kenneth A. Culp,US Senate,,REP,Ohio,Precinct 13A,6
Albert Howard,US Senate,,REP,Ohio,Precinct 13A,1
Lynette Kennedy McQuain,US Senate,,REP,Ohio,Precinct 13A,0
Scott H. Williams,US Senate,,REP,Ohio,Precinct 13A,1
Mac Warner,US Senate,,REP,Ohio,Precinct 13A,13
Ken Hechler,US Senate,,DEM,Ohio,Precinct 13A,12
Sheirl Fletcher,US Senate,,DEM,Ohio,Precinct 13A,14
Joe Manchin III,US Senate,,DEM,Ohio,Precinct 13A,67
Jesse Johnson,US Senate,,MTN,Ohio,Precinct 13A,0
,Registered Voters,,REP,Ohio,Precinct 14A,184
,Registered Voters,,DEM,Ohio,Precinct 14A,190
,Registered Voters,,MTN,Ohio,Precinct 14A,0
,Ballots Cast,,REP,Ohio,Precinct 14A,35
,Ballots Cast,,DEM,Ohio,Precinct 14A,18
,Ballots Cast,,MTN,Ohio,Precinct 14A,0
Thomas Ressler,US Senate,,REP,Ohio,Precinct 14A,0
"Harry C. Bruner, Jr.",US Senate,,REP,Ohio,Precinct 14A,0
Frank Kubic,US Senate,,REP,Ohio,Precinct 14A,0
John R. Raese,US Senate,,REP,Ohio,Precinct 14A,26
Daniel Rebich,US Senate,,REP,Ohio,Precinct 14A,1
Kenneth A. Culp,US Senate,,REP,Ohio,Precinct 14A,0
Albert Howard,US Senate,,REP,Ohio,Precinct 14A,0
Lynette Kennedy McQuain,US Senate,,REP,Ohio,Precinct 14A,0
Scott H. Williams,US Senate,,REP,Ohio,Precinct 14A,0
Mac Warner,US Senate,,REP,Ohio,Precinct 14A,8
Ken Hechler,US Senate,,DEM,Ohio,Precinct 14A,7
Sheirl Fletcher,US Senate,,DEM,Ohio,Precinct 14A,3
Joe Manchin III,US Senate,,DEM,Ohio,Precinct 14A,8
Jesse Johnson,US Senate,,MTN,Ohio,Precinct 14A,0
,Registered Voters,,REP,Ohio,Precinct 16,412
,Registered Voters,,DEM,Ohio,Precinct 16,375
,Registered Voters,,MTN,Ohio,Precinct 16,0
,Ballots Cast,,REP,Ohio,Precinct 16,87
,Ballots Cast,,DEM,Ohio,Precinct 16,83
,Ballots Cast,,MTN,Ohio,Precinct 16,0
Thomas Ressler,US Senate,,REP,Ohio,Precinct 16,1
"Harry C. Bruner, Jr.",US Senate,,REP,Ohio,Precinct 16,0
Frank Kubic,US Senate,,REP,Ohio,Precinct 16,0
John R. Raese,US Senate,,REP,Ohio,Precinct 16,63
Daniel Rebich,US Senate,,REP,Ohio,Precinct 16,0
Kenneth A. Culp,US Senate,,REP,Ohio,Precinct 16,4
Albert Howard,US Senate,,REP,Ohio,Precinct 16,0
Lynette Kennedy McQuain,US Senate,,REP,Ohio,Precinct 16,1
Scott H. Williams,US Senate,,REP,Ohio,Precinct 16,1
Mac Warner,US Senate,,REP,Ohio,Precinct 16,26
Ken Hechler,US Senate,,DEM,Ohio,Precinct 16,12
Sheirl Fletcher,US Senate,,DEM,Ohio,Precinct 16,8
Joe Manchin III,US Senate,,DEM,Ohio,Precinct 16,62
Jesse Johnson,US Senate,,MTN,Ohio,Precinct 16,0
,Registered Voters,,REP,Ohio,Precinct 20,241
,Registered Voters,,DEM,Ohio,Precinct 20,353
,Registered Voters,,MTN,Ohio,Precinct 20,0
,Ballots Cast,,REP,Ohio,Precinct 20,40
,Ballots Cast,,DEM,Ohio,Precinct 20,47
,Ballots Cast,,MTN,Ohio,Precinct 20,0
Thomas Ressler,US Senate,,REP,Ohio,Precinct 20,1
"Harry C. Bruner, Jr.",US Senate,,REP,Ohio,Precinct 20,0
Frank Kubic,US Senate,,REP,Ohio,Precinct 20,0
John R. Raese,US Senate,,REP,Ohio,Precinct 20,27
Daniel Rebich,US Senate,,REP,Ohio,Precinct 20,0
Kenneth A. Culp,US Senate,,REP,Ohio,Precinct 20,2
Albert Howard,US Senate,,REP,Ohio,Precinct 20,0
Lynette Kennedy McQuain,US Senate,,REP,Ohio,Precinct 20,0
Scott H. Williams,US Senate,,REP,Ohio,Precinct 20,1
Mac Warner,US Senate,,REP,Ohio,Precinct 20,9
Ken Hechler,US Senate,,DEM,Ohio,Precinct 20,14
Sheirl Fletcher,US Senate,,DEM,Ohio,Precinct 20,3
Joe Manchin III,US Senate,,DEM,Ohio,Precinct 20,29
Jesse Johnson,US Senate,,MTN,Ohio,Precinct 20,0
,Registered Voters,,REP,Ohio,Precinct 24,126
,Registered Voters,,DEM,Ohio,Precinct 24,379
,Registered Voters,,MTN,Ohio,Precinct 24,14
,Ballots Cast,,REP,Ohio,Precinct 24,19
,Ballots Cast,,DEM,Ohio,Precinct 24,33
,Ballots Cast,,MTN,Ohio,Precinct 24,0
Thomas Ressler,US Senate,,REP,Ohio,Precinct 24,0
"Harry C. Bruner, Jr.",US Senate,,REP,Ohio,Precinct 24,0
Frank Kubic,US Senate,,REP,Ohio,Precinct 24,0
John R. Raese,US Senate,,REP,Ohio,Precinct 24,14
Daniel Rebich,US Senate,,REP,Ohio,Precinct 24,0
Kenneth A. Culp,US Senate,,REP,Ohio,Precinct 24,0
Albert Howard,US Senate,,REP,Ohio,Precinct 24,0
Lynette Kennedy McQuain,US Senate,,REP,Ohio,Precinct 24,0
Scott H. Williams,US Senate,,REP,Ohio,Precinct 24,2
Mac Warner,US Senate,,REP,Ohio,Precinct 24,3
Ken Hechler,US Senate,,DEM,Ohio,Precinct 24,3
Sheirl Fletcher,US Senate,,DEM,Ohio,Precinct 24,1
Joe Manchin III,US Senate,,DEM,Ohio,Precinct 24,34
Jesse Johnson,US Senate,,MTN,Ohio,Precinct 24,0
,Registered Voters,,REP,Ohio,Precinct 28,201
,Registered Voters,,DEM,Ohio,Precinct 28,742
,Registered Voters,,MTN,Ohio,Precinct 28,0
,Ballots Cast,,REP,Ohio,Precinct 28,17
,Ballots Cast,,DEM,Ohio,Precinct 28,59
,Ballots Cast,,MTN,Ohio,Precinct 28,0
Thomas Ressler,US Senate,,REP,Ohio,Precinct 28,1
"Harry C. Bruner, Jr.",US Senate,,REP,Ohio,Precinct 28,1
Frank Kubic,US Senate,,REP,Ohio,Precinct 28,0
John R. Raese,US Senate,,REP,Ohio,Precinct 28,10
Daniel Rebich,US Senate,,REP,Ohio,Precinct 28,0
Kenneth A. Culp,US Senate,,REP,Ohio,Precinct 28,0
Albert Howard,US Senate,,REP,Ohio,Precinct 28,0
Lynette Kennedy McQuain,US Senate,,REP,Ohio,Precinct 28,0
Scott H. Williams,US Senate,,REP,Ohio,Precinct 28,0
Mac Warner,US Senate,,REP,Ohio,Precinct 28,5
Ken Hechler,US Senate,,DEM,Ohio,Precinct 28,5
Sheirl Fletcher,US Senate,,DEM,Ohio,Precinct 28,4
Joe Manchin III,US Senate,,DEM,Ohio,Precinct 28,49
Jesse Johnson,US Senate,,MTN,Ohio,Precinct 28,0
,Registered Voters,,REP,Ohio,Precinct 31,71
,Registered Voters,,DEM,Ohio,Precinct 31,139
,Registered Voters,,MTN,Ohio,Precinct 31,0
,Ballots Cast,,REP,Ohio,Precinct 31,7
,Ballots Cast,,DEM,Ohio,Precinct 31,18
,Ballots Cast,,MTN,Ohio,Precinct 31,0
Thomas Ressler,US Senate,,REP,Ohio,Precinct 31,0
"Harry C. Bruner, Jr.",US Senate,,REP,Ohio,Precinct 31,0
Frank Kubic,US Senate,,REP,Ohio,Precinct 31,0
John R. Raese,US Senate,,REP,Ohio,Precinct 31,5
Daniel Rebich,US Senate,,REP,Ohio,Precinct 31,0
Kenneth A. Culp,US Senate,,REP,Ohio,Precinct 31,0
Albert Howard,US Senate,,REP,Ohio,Precinct 31,0
Lynette Kennedy McQuain,US Senate,,REP,Ohio,Precinct 31,0
Scott H. Williams,US Senate,,REP,Ohio,Precinct 31,0
Mac Warner,US Senate,,REP,Ohio,Precinct 31,2
Ken Hechler,US Senate,,DEM,Ohio,Precinct 31,0
Sheirl Fletcher,US Senate,,DEM,Ohio,Precinct 31,0
Joe Manchin III,US Senate,,DEM,Ohio,Precinct 31,18
Jesse Johnson,US Senate,,MTN,Ohio,Precinct 31,0
,Registered Voters,,REP,Ohio,Precinct 36,123
,Registered Voters,,DEM,Ohio,Precinct 36,301
,Registered Voters,,MTN,Ohio,Precinct 36,2
,Ballots Cast,,REP,Ohio,Precinct 36,20
,Ballots Cast,,DEM,Ohio,Precinct 36,39
,Ballots Cast,,MTN,Ohio,Precinct 36,1
Thomas Ressler,US Senate,,REP,Ohio,Precinct 36,0
"Harry C. Bruner, Jr.",US Senate,,REP,Ohio,Precinct 36,2
Frank Kubic,US Senate,,REP,Ohio,Precinct 36,2
John R. Raese,US Senate,,REP,Ohio,Precinct 36,7
Daniel Rebich,US Senate,,REP,Ohio,Precinct 36,0
Kenneth A. Culp,US Senate,,REP,Ohio,Precinct 36,0
Albert Howard,US Senate,,REP,Ohio,Precinct 36,2
Lynette Kennedy McQuain,US Senate,,REP,Ohio,Precinct 36,3
Scott H. Williams,US Senate,,REP,Ohio,Precinct 36,0
Mac Warner,US Senate,,REP,Ohio,Precinct 36,4
Ken Hechler,US Senate,,DEM,Ohio,Precinct 36,2
Sheirl Fletcher,US Senate,,DEM,Ohio,Precinct 36,3
Joe Manchin III,US Senate,,DEM,Ohio,Precinct 36,33
Jesse Johnson,US Senate,,MTN,Ohio,Precinct 36,1
,Registered Voters,,REP,Ohio,Precinct 60,172
,Registered Voters,,DEM,Ohio,Precinct 60,453
,Registered Voters,,MTN,Ohio,Precinct 60,1
,Ballots Cast,,REP,Ohio,Precinct 60,40
,Ballots Cast,,DEM,Ohio,Precinct 60,51
,Ballots Cast,,MTN,Ohio,Precinct 60,0
Thomas Ressler,US Senate,,REP,Ohio,Precinct 60,0
"Harry C. Bruner, Jr.",US Senate,,REP,Ohio,Precinct 60,0
Frank Kubic,US Senate,,REP,Ohio,Precinct 60,2
John R. Raese,US Senate,,REP,Ohio,Precinct 60,28
Daniel Rebich,US Senate,,REP,Ohio,Precinct 60,0
Kenneth A. Culp,US Senate,,REP,Ohio,Precinct 60,1
Albert Howard,US Senate,,REP,Ohio,Precinct 60,0
Lynette Kennedy McQuain,US Senate,,REP,Ohio,Precinct 60,1
Scott H. Williams,US Senate,,REP,Ohio,Precinct 60,0
Mac Warner,US Senate,,REP,Ohio,Precinct 60,8
Ken Hechler,US Senate,,DEM,Ohio,Precinct 60,6
Sheirl Fletcher,US Senate,,DEM,Ohio,Precinct 60,7
Joe Manchin III,US Senate,,DEM,Ohio,Precinct 60,38
Jesse Johnson,US Senate,,MTN,Ohio,Precinct 60,0
,Registered Voters,,REP,Ohio,Precinct 69,258
,Registered Voters,,DEM,Ohio,Precinct 69,633
,Registered Voters,,MTN,Ohio,Precinct 69,0
,Ballots Cast,,REP,Ohio,Precinct 69,39
,Ballots Cast,,DEM,Ohio,Precinct 69,54
,Ballots Cast,,MTN,Ohio,Precinct 69,0
Thomas Ressler,US Senate,,REP,Ohio,Precinct 69,1
"Harry C. Bruner, Jr.",US Senate,,REP,Ohio,Precinct 69,0
Frank Kubic,US Senate,,REP,Ohio,Precinct 69,0
John R. Raese,US Senate,,REP,Ohio,Precinct 69,21
Daniel Rebich,US Senate,,REP,Ohio,Precinct 69,1
Kenneth A. Culp,US Senate,,REP,Ohio,Precinct 69,2
Albert Howard,US Senate,,REP,Ohio,Precinct 69,0
Lynette Kennedy McQuain,US Senate,,REP,Ohio,Precinct 69,2
Scott H. Williams,US Senate,,REP,Ohio,Precinct 69,0
Mac Warner,US Senate,,REP,Ohio,Precinct 69,12
Ken Hechler,US Senate,,DEM,Ohio,Precinct 69,1
Sheirl Fletcher,US Senate,,DEM,Ohio,Precinct 69,5
Joe Manchin III,US Senate,,DEM,Ohio,Precinct 69,52
Jesse Johnson,US Senate,,MTN,Ohio,Precinct 69,0
,Registered Voters,,REP,Ohio,Precinct 77,103
,Registered Voters,,DEM,Ohio,Precinct 77,268
,Registered Voters,,MTN,Ohio,Precinct 77,2
,Ballots Cast,,REP,Ohio,Precinct 77,13
,Ballots Cast,,DEM,Ohio,Precinct 77,22
,Ballots Cast,,MTN,Ohio,Precinct 77,0
Thomas Ressler,US Senate,,REP,Ohio,Precinct 77,1
"Harry C. Bruner, Jr.",US Senate,,REP,Ohio,Precinct 77,0
Frank Kubic,US Senate,,REP,Ohio,Precinct 77,0
John R. Raese,US Senate,,REP,Ohio,Precinct 77,9
Daniel Rebich,US Senate,,REP,Ohio,Precinct 77,0
Kenneth A. Culp,US Senate,,REP,Ohio,Precinct 77,1
Albert Howard,US Senate,,REP,Ohio,Precinct 77,0
Lynette Kennedy McQuain,US Senate,,REP,Ohio,Precinct 77,0
Scott H. Williams,US Senate,,REP,Ohio,Precinct 77,2
Mac Warner,US Senate,,REP,Ohio,Precinct 77,0
Ken Hechler,US Senate,,DEM,Ohio,Precinct 77,1
Sheirl Fletcher,US Senate,,DEM,Ohio,Precinct 77,4
Joe Manchin III,US Senate,,DEM,Ohio,Precinct 77,15
Jesse Johnson,US Senate,,MTN,Ohio,Precinct 77,0
,Registered Voters,,REP,Ohio,Precinct 100,129
,Registered Voters,,DEM,Ohio,Precinct 100,464
,Registered Voters,,MTN,Ohio,Precinct 100,0
,Ballots Cast,,REP,Ohio,Precinct 100,14
,Ballots Cast,,DEM,Ohio,Precinct 100,43
,Ballots Cast,,MTN,Ohio,Precinct 100,0
Thomas Ressler,US Senate,,REP,Ohio,Precinct 100,0
"Harry C. Bruner, Jr.",US Senate,,REP,Ohio,Precinct 100,0
Frank Kubic,US Senate,,REP,Ohio,Precinct 100,0
John R. Raese,US Senate,,REP,Ohio,Precinct 100,12
Daniel Rebich,US Senate,,REP,Ohio,Precinct 100,0
Kenneth A. Culp,US Senate,,REP,Ohio,Precinct 100,0
Albert Howard,US Senate,,REP,Ohio,Precinct 100,0
Lynette Kennedy McQuain,US Senate,,REP,Ohio,Precinct 100,0
Scott H. Williams,US Senate,,REP,Ohio,Precinct 100,1
Mac Warner,US Senate,,REP,Ohio,Precinct 100,1
Ken Hechler,US Senate,,DEM,Ohio,Precinct 100,4
Sheirl Fletcher,US Senate,,DEM,Ohio,Precinct 100,1
Joe Manchin III,US Senate,,DEM,Ohio,Precinct 100,43
Jesse Johnson,US Senate,,MTN,Ohio,Precinct 100,0
,Registered Voters,,REP,Ohio,Precinct 102,19
,Registered Voters,,DEM,Ohio,Precinct 102,95
,Registered Voters,,MTN,Ohio,Precinct 102,0
,Ballots Cast,,REP,Ohio,Precinct 102,5
,Ballots Cast,,DEM,Ohio,Precinct 102,10
,Ballots Cast,,MTN,Ohio,Precinct 102,0
Thomas Ressler,US Senate,,REP,Ohio,Precinct 102,0
"Harry C. Bruner, Jr.",US Senate,,REP,Ohio,Precinct 102,0
Frank Kubic,US Senate,,REP,Ohio,Precinct 102,0
John R. Raese,US Senate,,REP,Ohio,Precinct 102,2
Daniel Rebich,US Senate,,REP,Ohio,Precinct 102,0
Kenneth A. Culp,US Senate,,REP,Ohio,Precinct 102,0
Albert Howard,US Senate,,REP,Ohio,Precinct 102,0
Lynette Kennedy McQuain,US Senate,,REP,Ohio,Precinct 102,0
Scott H. Williams,US Senate,,REP,Ohio,Precinct 102,0
Mac Warner,US Senate,,REP,Ohio,Precinct 102,2
Ken Hechler,US Senate,,DEM,Ohio,Precinct 102,0
Sheirl Fletcher,US Senate,,DEM,Ohio,Precinct 102,1
Joe Manchin III,US Senate,,DEM,Ohio,Precinct 102,9
Jesse Johnson,US Senate,,MTN,Ohio,Precinct 102,0
,Registered Voters,,REP,Ohio,Precinct 103,162
,Registered Voters,,DEM,Ohio,Precinct 103,328
,Registered Voters,,MTN,Ohio,Precinct 103,0
,Ballots Cast,,REP,Ohio,Precinct 103,39
,Ballots Cast,,DEM,Ohio,Precinct 103,66
,Ballots Cast,,MTN,Ohio,Precinct 103,0
Thomas Ressler,US Senate,,REP,Ohio,Precinct 103,0
"Harry C. Bruner, Jr.",US Senate,,REP,Ohio,Precinct 103,2
Frank Kubic,US Senate,,REP,Ohio,Precinct 103,0
John R. Raese,US Senate,,REP,Ohio,Precinct 103,25
Daniel Rebich,US Senate,,REP,Ohio,Precinct 103,0
Kenneth A. Culp,US Senate,,REP,Ohio,Precinct 103,1
Albert Howard,US Senate,,REP,Ohio,Precinct 103,0
Lynette Kennedy McQuain,US Senate,,REP,Ohio,Precinct 103,0
Scott H. Williams,US Senate,,REP,Ohio,Precinct 103,0
Mac Warner,US Senate,,REP,Ohio,Precinct 103,11
Ken Hechler,US Senate,,DEM,Ohio,Precinct 103,12
Sheirl Fletcher,US Senate,,DEM,Ohio,Precinct 103,11
Joe Manchin III,US Senate,,DEM,Ohio,Precinct 103,42
Jesse Johnson,US Senate,,MTN,Ohio,Precinct 103,0
,Registered Voters,,REP,Ohio,Precinct 104,137
,Registered Voters,,DEM,Ohio,Precinct 104,333
,Registered Voters,,MTN,Ohio,Precinct 104,2
,Ballots Cast,,REP,Ohio,Precinct 104,13
,Ballots Cast,,DEM,Ohio,Precinct 104,28
,Ballots Cast,,MTN,Ohio,Precinct 104,0
Thomas Ressler,US Senate,,REP,Ohio,Precinct 104,0
"Harry C. Bruner, Jr.",US Senate,,REP,Ohio,Precinct 104,0
Frank Kubic,US Senate,,REP,Ohio,Precinct 104,1
John R. Raese,US Senate,,REP,Ohio,Precinct 104,8
Daniel Rebich,US Senate,,REP,Ohio,Precinct 104,2
Kenneth A. Culp,US Senate,,REP,Ohio,Precinct 104,0
Albert Howard,US Senate,,REP,Ohio,Precinct 104,0
Lynette Kennedy McQuain,US Senate,,REP,Ohio,Precinct 104,0
Scott H. Williams,US Senate,,REP,Ohio,Precinct 104,0
Mac Warner,US Senate,,REP,Ohio,Precinct 104,1
Ken Hechler,US Senate,,DEM,Ohio,Precinct 104,1
Sheirl Fletcher,US Senate,,DEM,Ohio,Precinct 104,8
Joe Manchin III,US Senate,,DEM,Ohio,Precinct 104,19
Jesse Johnson,US Senate,,MTN,Ohio,Precinct 104,0
,Registered Voters,,REP,Ohio,Precinct 107A,470
,Registered Voters,,DEM,Ohio,Precinct 107A,599
,Registered Voters,,MTN,Ohio,Precinct 107A,1
,Ballots Cast,,REP,Ohio,Precinct 107A,96
,Ballots Cast,,DEM,Ohio,Precinct 107A,87
,Ballots Cast,,MTN,Ohio,Precinct 107A,0
Thomas Ressler,US Senate,,REP,Ohio,Precinct 107A,1
"Harry C. Bruner, Jr.",US Senate,,REP,Ohio,Precinct 107A,0
Frank Kubic,US Senate,,REP,Ohio,Precinct 107A,0
John R. Raese,US Senate,,REP,Ohio,Precinct 107A,70
Daniel Rebich,US Senate,,REP,Ohio,Precinct 107A,0
Kenneth A. Culp,US Senate,,REP,Ohio,Precinct 107A,2
Albert Howard,US Senate,,REP,Ohio,Precinct 107A,2
Lynette Kennedy McQuain,US Senate,,REP,Ohio,Precinct 107A,2
Scott H. Williams,US Senate,,REP,Ohio,Precinct 107A,1
Mac Warner,US Senate,,REP,Ohio,Precinct 107A,17
Ken Hechler,US Senate,,DEM,Ohio,Precinct 107A,11
Sheirl Fletcher,US Senate,,DEM,Ohio,Precinct 107A,9
Joe Manchin III,US Senate,,DEM,Ohio,Precinct 107A,62
Jesse Johnson,US Senate,,MTN,Ohio,Precinct 107A,0
,Registered Voters,,REP,Ohio,Precinct 108A,344
,Registered Voters,,DEM,Ohio,Precinct 108A,448
,Registered Voters,,MTN,Ohio,Precinct 108A,2
,Ballots Cast,,REP,Ohio,Precinct 108A,84
,Ballots Cast,,DEM,Ohio,Precinct 108A,81
,Ballots Cast,,MTN,Ohio,Precinct 108A,1
Thomas Ressler,US Senate,,REP,Ohio,Precinct 108A,0
"Harry C. Bruner, Jr.",US Senate,,REP,Ohio,Precinct 108A,0
Frank Kubic,US Senate,,REP,Ohio,Precinct 108A,1
John R. Raese,US Senate,,REP,Ohio,Precinct 108A,62
Daniel Rebich,US Senate,,REP,Ohio,Precinct 108A,0
Kenneth A. Culp,US Senate,,REP,Ohio,Precinct 108A,4
Albert Howard,US Senate,,REP,Ohio,Precinct 108A,1
Lynette Kennedy McQuain,US Senate,,REP,Ohio,Precinct 108A,1
Scott H. Williams,US Senate,,REP,Ohio,Precinct 108A,1
Mac Warner,US Senate,,REP,Ohio,Precinct 108A,13
Ken Hechler,US Senate,,DEM,Ohio,Precinct 108A,10
Sheirl Fletcher,US Senate,,DEM,Ohio,Precinct 108A,4
Joe Manchin III,US Senate,,DEM,Ohio,Precinct 108A,66
Jesse Johnson,US Senate,,MTN,Ohio,Precinct 108A,1
,Registered Voters,,REP,Ohio,Precinct 113,406
,Registered Voters,,DEM,Ohio,Precinct 113,411
,Registered Voters,,MTN,Ohio,Precinct 113,0
,Ballots Cast,,REP,Ohio,Precinct 113,76
,Ballots Cast,,DEM,Ohio,Precinct 113,80
,Ballots Cast,,MTN,Ohio,Precinct 113,0
Thomas Ressler,US Senate,,REP,Ohio,Precinct 113,1
"Harry C. Bruner, Jr.",US Senate,,REP,Ohio,Precinct 113,2
Frank Kubic,US Senate,,REP,Ohio,Precinct 113,0
John R. Raese,US Senate,,REP,Ohio,Precinct 113,40
Daniel Rebich,US Senate,,REP,Ohio,Precinct 113,1
Kenneth A. Culp,US Senate,,REP,Ohio,Precinct 113,2
Albert Howard,US Senate,,REP,Ohio,Precinct 113,0
Lynette Kennedy McQuain,US Senate,,REP,Ohio,Precinct 113,3
Scott H. Williams,US Senate,,REP,Ohio,Precinct 113,0
Mac Warner,US Senate,,REP,Ohio,Precinct 113,25
Ken Hechler,US Senate,,DEM,Ohio,Precinct 113,16
Sheirl Fletcher,US Senate,,DEM,Ohio,Precinct 113,6
Joe Manchin III,US Senate,,DEM,Ohio,Precinct 113,56
Jesse Johnson,US Senate,,MTN,Ohio,Precinct 113,0
,Registered Voters,,REP,Ohio,Precinct 115,241
,Registered Voters,,DEM,Ohio,Precinct 115,287
,Registered Voters,,MTN,Ohio,Precinct 115,0
,Ballots Cast,,REP,Ohio,Precinct 115,62
,Ballots Cast,,DEM,Ohio,Precinct 115,82
,Ballots Cast,,MTN,Ohio,Precinct 115,0
Thomas Ressler,US Senate,,REP,Ohio,Precinct 115,0
"Harry C. Bruner, Jr.",US Senate,,REP,Ohio,Precinct 115,0
Frank Kubic,US Senate,,REP,Ohio,Precinct 115,0
John R. Raese,US Senate,,REP,Ohio,Precinct 115,55
Daniel Rebich,US Senate,,REP,Ohio,Precinct 115,0
Kenneth A. Culp,US Senate,,REP,Ohio,Precinct 115,2
Albert Howard,US Senate,,REP,Ohio,Precinct 115,0
Lynette Kennedy McQuain,US Senate,,REP,Ohio,Precinct 115,0
Scott H. Williams,US Senate,,REP,Ohio,Precinct 115,2
Mac Warner,US Senate,,REP,Ohio,Precinct 115,3
Ken Hechler,US Senate,,DEM,Ohio,Precinct 115,23
Sheirl Fletcher,US Senate,,DEM,Ohio,Precinct 115,6
Joe Manchin III,US Senate,,DEM,Ohio,Precinct 115,52
Jesse Johnson,US Senate,,MTN,Ohio,Precinct 115,0
,Registered Voters,,REP,Ohio,Precinct 116,232
,Registered Voters,,DEM,Ohio,Precinct 116,307
,Registered Voters,,MTN,Ohio,Precinct 116,0
,Ballots Cast,,REP,Ohio,Precinct 116,50
,Ballots Cast,,DEM,Ohio,Precinct 116,63
,Ballots Cast,,MTN,Ohio,Precinct 116,0
Thomas Ressler,US Senate,,REP,Ohio,Precinct 116,0
"Harry C. Bruner, Jr.",US Senate,,REP,Ohio,Precinct 116,0
Frank Kubic,US Senate,,REP,Ohio,Precinct 116,0
John R. Raese,US Senate,,REP,Ohio,Precinct 116,30
Daniel Rebich,US Senate,,REP,Ohio,Precinct 116,0
Kenneth A. Culp,US Senate,,REP,Ohio,Precinct 116,4
Albert Howard,US Senate,,REP,Ohio,Precinct 116,0
Lynette Kennedy McQuain,US Senate,,REP,Ohio,Precinct 116,2
Scott H. Williams,US Senate,,REP,Ohio,Precinct 116,1
Mac Warner,US Senate,,REP,Ohio,Precinct 116,13
Ken Hechler,US Senate,,DEM,Ohio,Precinct 116,12
Sheirl Fletcher,US Senate,,DEM,Ohio,Precinct 116,9
Joe Manchin III,US Senate,,DEM,Ohio,Precinct 116,42
Jesse Johnson,US Senate,,MTN,Ohio,Precinct 116,0
,Registered Voters,,REP,Ohio,Precinct 120,300
,Registered Voters,,DEM,Ohio,Precinct 120,432
,Registered Voters,,MTN,Ohio,Precinct 120,0
,Ballots Cast,,REP,Ohio,Precinct 120,68
,Ballots Cast,,DEM,Ohio,Precinct 120,94
,Ballots Cast,,MTN,Ohio,Precinct 120,0
Thomas Ressler,US Senate,,REP,Ohio,Precinct 120,2
"Harry C. Bruner, Jr.",US Senate,,REP,Ohio,Precinct 120,0
Frank Kubic,US Senate,,REP,Ohio,Precinct 120,0
John R. Raese,US Senate,,REP,Ohio,Precinct 120,39
Daniel Rebich,US Senate,,REP,Ohio,Precinct 120,0
Kenneth A. Culp,US Senate,,REP,Ohio,Precinct 120,1
Albert Howard,US Senate,,REP,Ohio,Precinct 120,1
Lynette Kennedy McQuain,US Senate,,REP,Ohio,Precinct 120,3
Scott H. Williams,US Senate,,REP,Ohio,Precinct 120,1
Mac Warner,US Senate,,REP,Ohio,Precinct 120,21
Ken Hechler,US Senate,,DEM,Ohio,Precinct 120,16
Sheirl Fletcher,US Senate,,DEM,Ohio,Precinct 120,9
Joe Manchin III,US Senate,,DEM,Ohio,Precinct 120,67
Jesse Johnson,US Senate,,MTN,Ohio,Precinct 120,0
,Registered Voters,,REP,Ohio,Precinct 124,467
,Registered Voters,,DEM,Ohio,Precinct 124,610
,Registered Voters,,MTN,Ohio,Precinct 124,2
,Ballots Cast,,REP,Ohio,Precinct 124,115
,Ballots Cast,,DEM,Ohio,Precinct 124,127
,Ballots Cast,,MTN,Ohio,Precinct 124,0
Thomas Ressler,US Senate,,REP,Ohio,Precinct 124,3
"Harry C. Bruner, Jr.",US Senate,,REP,Ohio,Precinct 124,0
Frank Kubic,US Senate,,REP,Ohio,Precinct 124,0
John R. Raese,US Senate,,REP,Ohio,Precinct 124,76
Daniel Rebich,US Senate,,REP,Ohio,Precinct 124,1
Kenneth A. Culp,US Senate,,REP,Ohio,Precinct 124,4
Albert Howard,US Senate,,REP,Ohio,Precinct 124,1
Lynette Kennedy McQuain,US Senate,,REP,Ohio,Precinct 124,1
Scott H. Williams,US Senate,,REP,Ohio,Precinct 124,3
Mac Warner,US Senate,,REP,Ohio,Precinct 124,24
Ken Hechler,US Senate,,DEM,Ohio,Precinct 124,14
Sheirl Fletcher,US Senate,,DEM,Ohio,Precinct 124,8
Joe Manchin III,US Senate,,DEM,Ohio,Precinct 124,102
Jesse Johnson,US Senate,,MTN,Ohio,Precinct 124,0
,Registered Voters,,REP,Ohio,Precinct 125,395
,Registered Voters,,DEM,Ohio,Precinct 125,362
,Registered Voters,,MTN,Ohio,Precinct 125,0
,Ballots Cast,,REP,Ohio,Precinct 125,98
,Ballots Cast,,DEM,Ohio,Precinct 125,72
,Ballots Cast,,MTN,Ohio,Precinct 125,0
Thomas Ressler,US Senate,,REP,Ohio,Precinct 125,1
"Harry C. Bruner, Jr.",US Senate,,REP,Ohio,Precinct 125,0
Frank Kubic,US Senate,,REP,Ohio,Precinct 125,0
John R. Raese,US Senate,,REP,Ohio,Precinct 125,69
Daniel Rebich,US Senate,,REP,Ohio,Precinct 125,1
Kenneth A. Culp,US Senate,,REP,Ohio,Precinct 125,0
Albert Howard,US Senate,,REP,Ohio,Precinct 125,0
Lynette Kennedy McQuain,US Senate,,REP,Ohio,Precinct 125,0
Scott H. Williams,US Senate,,REP,Ohio,Precinct 125,0
Mac Warner,US Senate,,REP,Ohio,Precinct 125,25
Ken Hechler,US Senate,,DEM,Ohio,Precinct 125,23
Sheirl Fletcher,US Senate,,DEM,Ohio,Precinct 125,1
Joe Manchin III,US Senate,,DEM,Ohio,Precinct 125,47
Jesse Johnson,US Senate,,MTN,Ohio,Precinct 125,0
,Registered Voters,,REP,Ohio,Precinct 127,431
,Registered Voters,,DEM,Ohio,Precinct 127,627
,Registered Voters,,MTN,Ohio,Precinct 127,3
,Ballots Cast,,REP,Ohio,Precinct 127,65
,Ballots Cast,,DEM,Ohio,Precinct 127,111
,Ballots Cast,,MTN,Ohio,Precinct 127,0
Thomas Ressler,US Senate,,REP,Ohio,Precinct 127,1
"Harry C. Bruner, Jr.",US Senate,,REP,Ohio,Precinct 127,0
Frank Kubic,US Senate,,REP,Ohio,Precinct 127,1
John R. Raese,US Senate,,REP,Ohio,Precinct 127,46
Daniel Rebich,US Senate,,REP,Ohio,Precinct 127,0
Kenneth A. Culp,US Senate,,REP,Ohio,Precinct 127,0
Albert Howard,US Senate,,REP,Ohio,Precinct 127,0
Lynette Kennedy McQuain,US Senate,,REP,Ohio,Precinct 127,2
Scott H. Williams,US Senate,,REP,Ohio,Precinct 127,1
Mac Warner,US Senate,,REP,Ohio,Precinct 127,13
Ken Hechler,US Senate,,DEM,Ohio,Precinct 127,23
Sheirl Fletcher,US Senate,,DEM,Ohio,Precinct 127,8
Joe Manchin III,US Senate,,DEM,Ohio,Precinct 127,80
Jesse Johnson,US Senate,,MTN,Ohio,Precinct 127,0
,Registered Voters,,REP,Ohio,Precinct 129,299
,Registered Voters,,DEM,Ohio,Precinct 129,264
,Registered Voters,,MTN,Ohio,Precinct 129,0
,Ballots Cast,,REP,Ohio,Precinct 129,94
,Ballots Cast,,DEM,Ohio,Precinct 129,53
,Ballots Cast,,MTN,Ohio,Precinct 129,0
Thomas Ressler,US Senate,,REP,Ohio,Precinct 129,0
"Harry C. Bruner, Jr.",US Senate,,REP,Ohio,Precinct 129,0
Frank Kubic,US Senate,,REP,Ohio,Precinct 129,1
John R. Raese,US Senate,,REP,Ohio,Precinct 129,58
Daniel Rebich,US Senate,,REP,Ohio,Precinct 129,3
Kenneth A. Culp,US Senate,,REP,Ohio,Precinct 129,3
Albert Howard,US Senate,,REP,Ohio,Precinct 129,0
Lynette Kennedy McQuain,US Senate,,REP,Ohio,Precinct 129,0
Scott H. Williams,US Senate,,REP,Ohio,Precinct 129,0
Mac Warner,US Senate,,REP,Ohio,Precinct 129,29
Ken Hechler,US Senate,,DEM,Ohio,Precinct 129,9
Sheirl Fletcher,US Senate,,DEM,Ohio,Precinct 129,4
Joe Manchin III,US Senate,,DEM,Ohio,Precinct 129,39
Jesse Johnson,US Senate,,MTN,Ohio,Precinct 129,0
,Registered Voters,,REP,Ohio,Precinct 130,525
,Registered Voters,,DEM,Ohio,Precinct 130,726
,Registered Voters,,MTN,Ohio,Precinct 130,1
,Ballots Cast,,REP,Ohio,Precinct 130,117
,Ballots Cast,,DEM,Ohio,Precinct 130,132
,Ballots Cast,,MTN,Ohio,Precinct 130,0
Thomas Ressler,US Senate,,REP,Ohio,Precinct 130,0
"Harry C. Bruner, Jr.",US Senate,,REP,Ohio,Precinct 130,0
Frank Kubic,US Senate,,REP,Ohio,Precinct 130,0
John R. Raese,US Senate,,REP,Ohio,Precinct 130,82
Daniel Rebich,US Senate,,REP,Ohio,Precinct 130,0
Kenneth A. Culp,US Senate,,REP,Ohio,Precinct 130,6
Albert Howard,US Senate,,REP,Ohio,Precinct 130,0
Lynette Kennedy McQuain,US Senate,,REP,Ohio,Precinct 130,2
Scott H. Williams,US Senate,,REP,Ohio,Precinct 130,2
Mac Warner,US Senate,,REP,Ohio,Precinct 130,22
Ken Hechler,US Senate,,DEM,Ohio,Precinct 130,13
Sheirl Fletcher,US Senate,,DEM,Ohio,Precinct 130,9
Joe Manchin III,US Senate,,DEM,Ohio,Precinct 130,109
Jesse Johnson,US Senate,,MTN,Ohio,Precinct 130,0
,Registered Voters,,REP,Ohio,Precinct 135,209
,Registered Voters,,DEM,Ohio,Precinct 135,388
,Registered Voters,,MTN,Ohio,Precinct 135,0
,Ballots Cast,,REP,Ohio,Precinct 135,54
,Ballots Cast,,DEM,Ohio,Precinct 135,62
,Ballots Cast,,MTN,Ohio,Precinct 135,0
Thomas Ressler,US Senate,,REP,Ohio,Precinct 135,2
"Harry C. Bruner, Jr.",US Senate,,REP,Ohio,Precinct 135,1
Frank Kubic,US Senate,,REP,Ohio,Precinct 135,1
John R. Raese,US Senate,,REP,Ohio,Precinct 135,40
Daniel Rebich,US Senate,,REP,Ohio,Precinct 135,0
Kenneth A. Culp,US Senate,,REP,Ohio,Precinct 135,0
Albert Howard,US Senate,,REP,Ohio,Precinct 135,0
Lynette Kennedy McQuain,US Senate,,REP,Ohio,Precinct 135,0
Scott H. Williams,US Senate,,REP,Ohio,Precinct 135,2
Mac Warner,US Senate,,REP,Ohio,Precinct 135,7
Ken Hechler,US Senate,,DEM,Ohio,Precinct 135,5
Sheirl Fletcher,US Senate,,DEM,Ohio,Precinct 135,4
Joe Manchin III,US Senate,,DEM,Ohio,Precinct 135,52
Jesse Johnson,US Senate,,MTN,Ohio,Precinct 135,0
,Registered Voters,,REP,Ohio,Precinct 137,327
,Registered Voters,,DEM,Ohio,Precinct 137,755
,Registered Voters,,MTN,Ohio,Precinct 137,1
,Ballots Cast,,REP,Ohio,Precinct 137,85
,Ballots Cast,,DEM,Ohio,Precinct 137,104
,Ballots Cast,,MTN,Ohio,Precinct 137,0
Thomas Ressler,US Senate,,REP,Ohio,Precinct 137,3
"Harry C. Bruner, Jr.",US Senate,,REP,Ohio,Precinct 137,2
Frank Kubic,US Senate,,REP,Ohio,Precinct 137,1
John R. Raese,US Senate,,REP,Ohio,Precinct 137,58
Daniel Rebich,US Senate,,REP,Ohio,Precinct 137,0
Kenneth A. Culp,US Senate,,REP,Ohio,Precinct 137,1
Albert Howard,US Senate,,REP,Ohio,Precinct 137,0
Lynette Kennedy McQuain,US Senate,,REP,Ohio,Precinct 137,2
Scott H. Williams,US Senate,,REP,Ohio,Precinct 137,0
Mac Warner,US Senate,,REP,Ohio,Precinct 137,18
Ken Hechler,US Senate,,DEM,Ohio,Precinct 137,14
Sheirl Fletcher,US Senate,,DEM,Ohio,Precinct 137,10
Joe Manchin III,US Senate,,DEM,Ohio,Precinct 137,80
Jesse Johnson,US Senate,,MTN,Ohio,Precinct 137,0
,Registered Voters,,REP,Ohio,Precinct 141,137
,Registered Voters,,DEM,Ohio,Precinct 141,277
,Registered Voters,,MTN,Ohio,Precinct 141,1
,Ballots Cast,,REP,Ohio,Precinct 141,21
,Ballots Cast,,DEM,Ohio,Precinct 141,41
,Ballots Cast,,MTN,Ohio,Precinct 141,0
Thomas Ressler,US Senate,,REP,Ohio,Precinct 141,0
"Harry C. Bruner, Jr.",US Senate,,REP,Ohio,Precinct 141,1
Frank Kubic,US Senate,,REP,Ohio,Precinct 141,1
John R. Raese,US Senate,,REP,Ohio,Precinct 141,11
Daniel Rebich,US Senate,,REP,Ohio,Precinct 141,0
Kenneth A. Culp,US Senate,,REP,Ohio,Precinct 141,0
Albert Howard,US Senate,,REP,Ohio,Precinct 141,0
Lynette Kennedy McQuain,US Senate,,REP,Ohio,Precinct 141,0
Scott H. Williams,US Senate,,REP,Ohio,Precinct 141,0
Mac Warner,US Senate,,REP,Ohio,Precinct 141,7
Ken Hechler,US Senate,,DEM,Ohio,Precinct 141,9
Sheirl Fletcher,US Senate,,DEM,Ohio,Precinct 141,1
Joe Manchin III,US Senate,,DEM,Ohio,Precinct 141,30
Jesse Johnson,US Senate,,MTN,Ohio,Precinct 141,0
,Registered Voters,,REP,Ohio,Precinct 143A,142
,Registered Voters,,DEM,Ohio,Precinct 143A,182
,Registered Voters,,MTN,Ohio,Precinct 143A,0
,Ballots Cast,,REP,Ohio,Precinct 143A,25
,Ballots Cast,,DEM,Ohio,Precinct 143A,33
,Ballots Cast,,MTN,Ohio,Precinct 143A,0
Thomas Ressler,US Senate,,REP,Ohio,Precinct 143A,0
"Harry C. Bruner, Jr.",US Senate,,REP,Ohio,Precinct 143A,0
Frank Kubic,US Senate,,REP,Ohio,Precinct 143A,0
John R. Raese,US Senate,,REP,Ohio,Precinct 143A,10
Daniel Rebich,US Senate,,REP,Ohio,Precinct 143A,0
Kenneth A. Culp,US Senate,,REP,Ohio,Precinct 143A,1
Albert Howard,US Senate,,REP,Ohio,Precinct 143A,0
Lynette Kennedy McQuain,US Senate,,REP,Ohio,Precinct 143A,1
Scott H. Williams,US Senate,,REP,Ohio,Precinct 143A,0
Mac Warner,US Senate,,REP,Ohio,Precinct 143A,12
Ken Hechler,US Senate,,DEM,Ohio,Precinct 143A,3
Sheirl Fletcher,US Senate,,DEM,Ohio,Precinct 143A,5
Joe Manchin III,US Senate,,DEM,Ohio,Precinct 143A,25
Jesse Johnson,US Senate,,MTN,Ohio,Precinct 143A,0
,Registered Voters,,REP,Ohio,Precinct 146,496
,Registered Voters,,DEM,Ohio,Precinct 146,730
,Registered Voters,,MTN,Ohio,Precinct 146,1
,Ballots Cast,,REP,Ohio,Precinct 146,76
,Ballots Cast,,DEM,Ohio,Precinct 146,104
,Ballots Cast,,MTN,Ohio,Precinct 146,0
Thomas Ressler,US Senate,,REP,Ohio,Precinct 146,2
"Harry C. Bruner, Jr.",US Senate,,REP,Ohio,Precinct 146,0
Frank Kubic,US Senate,,REP,Ohio,Precinct 146,1
John R. Raese,US Senate,,REP,Ohio,Precinct 146,57
Daniel Rebich,US Senate,,REP,Ohio,Precinct 146,1
Kenneth A. Culp,US Senate,,REP,Ohio,Precinct 146,0
Albert Howard,US Senate,,REP,Ohio,Precinct 146,0
Lynette Kennedy McQuain,US Senate,,REP,Ohio,Precinct 146,1
Scott H. Williams,US Senate,,REP,Ohio,Precinct 146,1
Mac Warner,US Senate,,REP,Ohio,Precinct 146,13
Ken Hechler,US Senate,,DEM,Ohio,Precinct 146,22
Sheirl Fletcher,US Senate,,DEM,Ohio,Precinct 146,6
Joe Manchin III,US Senate,,DEM,Ohio,Precinct 146,75
Jesse Johnson,US Senate,,MTN,Ohio,Precinct 146,0
,Registered Voters,,REP,Ohio,Precinct 148,247
,Registered Voters,,DEM,Ohio,Precinct 148,338
,Registered Voters,,MTN,Ohio,Precinct 148,0
,Ballots Cast,,REP,Ohio,Precinct 148,70
,Ballots Cast,,DEM,Ohio,Precinct 148,76
,Ballots Cast,,MTN,Ohio,Precinct 148,0
Thomas Ressler,US Senate,,REP,Ohio,Precinct 148,0
"Harry C. Bruner, Jr.",US Senate,,REP,Ohio,Precinct 148,0
Frank Kubic,US Senate,,REP,Ohio,Precinct 148,0
John R. Raese,US Senate,,REP,Ohio,Precinct 148,47
Daniel Rebich,US Senate,,REP,Ohio,Precinct 148,0
Kenneth A. Culp,US Senate,,REP,Ohio,Precinct 148,2
Albert Howard,US Senate,,REP,Ohio,Precinct 148,0
Lynette Kennedy McQuain,US Senate,,REP,Ohio,Precinct 148,3
Scott H. Williams,US Senate,,REP,Ohio,Precinct 148,0
Mac Warner,US Senate,,REP,Ohio,Precinct 148,18
Ken Hechler,US Senate,,DEM,Ohio,Precinct 148,4
Sheirl Fletcher,US Senate,,DEM,Ohio,Precinct 148,4
Joe Manchin III,US Senate,,DEM,Ohio,Precinct 148,67
Jesse Johnson,US Senate,,MTN,Ohio,Precinct 148,0
,Registered Voters,,REP,Ohio,Precinct 158,271
,Registered Voters,,DEM,Ohio,Precinct 158,296
,Registered Voters,,MTN,Ohio,Precinct 158,0
,Ballots Cast,,REP,Ohio,Precinct 158,39
,Ballots Cast,,DEM,Ohio,Precinct 158,46
,Ballots Cast,,MTN,Ohio,Precinct 158,0
Thomas Ressler,US Senate,,REP,Ohio,Precinct 158,2
"Harry C. Bruner, Jr.",US Senate,,REP,Ohio,Precinct 158,1
Frank Kubic,US Senate,,REP,Ohio,Precinct 158,0
John R. Raese,US Senate,,REP,Ohio,Precinct 158,23
Daniel Rebich,US Senate,,REP,Ohio,Precinct 158,1
Kenneth A. Culp,US Senate,,REP,Ohio,Precinct 158,1
Albert Howard,US Senate,,REP,Ohio,Precinct 158,0
Lynette Kennedy McQuain,US Senate,,REP,Ohio,Precinct 158,0
Scott H. Williams,US Senate,,REP,Ohio,Precinct 158,1
Mac Warner,US Senate,,REP,Ohio,Precinct 158,10
Ken Hechler,US Senate,,DEM,Ohio,Precinct 158,5
Sheirl Fletcher,US Senate,,DEM,Ohio,Precinct 158,9
Joe Manchin III,US Senate,,DEM,Ohio,Precinct 158,32
Jesse Johnson,US Senate,,MTN,Ohio,Precinct 158,0
,Registered Voters,,REP,Ohio,Precinct 161A,431
,Registered Voters,,DEM,Ohio,Precinct 161A,554
,Registered Voters,,MTN,Ohio,Precinct 161A,1
,Ballots Cast,,REP,Ohio,Precinct 161A,102
,Ballots Cast,,DEM,Ohio,Precinct 161A,115
,Ballots Cast,,MTN,Ohio,Precinct 161A,0
Thomas Ressler,US Senate,,REP,Ohio,Precinct 161A,4
"Harry C. Bruner, Jr.",US Senate,,REP,Ohio,Precinct 161A,0
Frank Kubic,US Senate,,REP,Ohio,Precinct 161A,2
John R. Raese,US Senate,,REP,Ohio,Precinct 161A,58
Daniel Rebich,US Senate,,REP,Ohio,Precinct 161A,2
Kenneth A. Culp,US Senate,,REP,Ohio,Precinct 161A,4
Albert Howard,US Senate,,REP,Ohio,Precinct 161A,1
Lynette Kennedy McQuain,US Senate,,REP,Ohio,Precinct 161A,4
Scott H. Williams,US Senate,,REP,Ohio,Precinct 161A,1
Mac Warner,US Senate,,REP,Ohio,Precinct 161A,25
Ken Hechler,US Senate,,DEM,Ohio,Precinct 161A,14
Sheirl Fletcher,US Senate,,DEM,Ohio,Precinct 161A,13
Joe Manchin III,US Senate,,DEM,Ohio,Precinct 161A,87
Jesse Johnson,US Senate,,MTN,Ohio,Precinct 161A,0
,Registered Voters,,REP,Ohio,GRAND TOTAL ,10225
,Registered Voters,,DEM,Ohio,GRAND TOTAL ,16383
,Registered Voters,,MTN,Ohio,GRAND TOTAL ,26
,Ballots Cast,,REP,Ohio,GRAND TOTAL ,2096
,Ballots Cast,,DEM,Ohio,GRAND TOTAL ,2603
,Ballots Cast,,MTN,Ohio,GRAND TOTAL ,3
Thomas Ressler,US Senate,,REP,Ohio,GRAND TOTAL ,34
"Harry C. Bruner, Jr.",US Senate,,REP,Ohio,GRAND TOTAL ,14
Frank Kubic,US Senate,,REP,Ohio,GRAND TOTAL ,16
John R. Raese,US Senate,,REP,Ohio,GRAND TOTAL ,1397
Daniel Rebich,US Senate,,REP,Ohio,GRAND TOTAL ,15
Kenneth A. Culp,US Senate,,REP,Ohio,GRAND TOTAL ,62
Albert Howard,US Senate,,REP,Ohio,GRAND TOTAL ,10
Lynette Kennedy McQuain,US Senate,,REP,Ohio,GRAND TOTAL ,37
Scott H. Williams,US Senate,,REP,Ohio,GRAND TOTAL ,30
Mac Warner,US Senate,,REP,Ohio,GRAND TOTAL ,469
Ken Hechler,US Senate,,DEM,Ohio,GRAND TOTAL ,389
Sheirl Fletcher,US Senate,,DEM,Ohio,GRAND TOTAL ,239
Joe Manchin III,US Senate,,DEM,Ohio,GRAND TOTAL ,1962
Jesse Johnson,US Senate,,MTN,Ohio,GRAND TOTAL ,3
,,,,,,
,,,,,,
,,,,,,
,,,,,,
,,,,,,
,,,,,,
,,,,,,
,,,,,,
,,,,,,
,,,,,,
,,,,,,
,,,,,,
,,,,,,
,,,,,,
,,,,,,
,,,,,,
,,,,,,
,,,,,,
,,,,,,
,,,,,,