candidate,office,district,party,county,precinct,total votes,early voting,election day
Keith Judd,President,,DEM,Jefferson,Precinct 2,12,3,9
Barack Obama,President,,DEM,Jefferson,Precinct 2,79,21,58
Sheirl Fletcher,U.S. Senate,,DEM,Jefferson,Precinct 2,25,7,18
Joe Manchin III,U.S. Senate,,DEM,Jefferson,Precinct 2,69,20,49
Dugald Brown,U.S. House,2,DEM,Jefferson,Precinct 2,8,2,6
William McCann,U.S. House,2,DEM,Jefferson,Precinct 2,67,17,50
Howard Swint,U.S. House,2,DEM,Jefferson,Precinct 2,8,4,4
Earl Ray Tomblin,Governor,,DEM,Jefferson,Precinct 2,75,23,52
Arne Moltis,Governor,,DEM,Jefferson,Precinct 2,19,4,15
Natalie E. Tennant,Secretary of State,,DEM,Jefferson,Precinct 2,73,18,55
Glen B. Gainer III,Auditor,,DEM,Jefferson,Precinct 2,70,18,52
John D. Perdue,Treasurer,,DEM,Jefferson,Precinct 2,73,20,53
Steve Miller,Commissioner of Agriculture,,DEM,Jefferson,Precinct 2,3,2,1
Bobb Tabb,Commissioner of Agriculture,,DEM,Jefferson,Precinct 2,84,25,59
Joe Messineo,Commissioner of Agriculture,,DEM,Jefferson,Precinct 2,0,0,0
Sally Shepherd,Commissioner of Agriculture,,DEM,Jefferson,Precinct 2,4,0,4
Walt Helmick,Commissioner of Agriculture,,DEM,Jefferson,Precinct 2,0,0,0
"Darrell V. McGraw, Jr.",Attorney General,,DEM,Jefferson,Precinct 2,71,18,53
Herb Snyder,State Senate,16,DEM,Jefferson,Precinct 2,82,22,60
"Richard ""Rick"" Shuman II",House of Delegates,65,DEM,Jefferson,Precinct 2,21,7,14
Tiffany Lawrence,House of Delegates,65,DEM,Jefferson,Precinct 2,75,21,54
Ron Paul,President,,REP,Jefferson,Precinct 2,13,2,11
Newt Gingrich,President,,REP,Jefferson,Precinct 2,5,2,3
Mitt Romney,President,,REP,Jefferson,Precinct 2,29,7,22
Rick Santorum,President,,REP,Jefferson,Precinct 2,4,1,3
"Charles ""Buddy"" Roemer",President,,REP,Jefferson,Precinct 2,1,0,1
John R. Raese,U.S. Senate,,REP,Jefferson,Precinct 2,41,7,34
Michael Davis,U.S. House,2,REP,Jefferson,Precinct 2,1,0,1
Shelley Moore Capito,U.S. House,2,REP,Jefferson,Precinct 2,35,10,25
Jonathan Miller,U.S. House,2,REP,Jefferson,Precinct 2,17,4,13
Ralph William Clark,Governor,,REP,Jefferson,Precinct 2,5,1,4
Bill Maloney,Governor,,REP,Jefferson,Precinct 2,37,7,30
Brian Savilla,Secretary of State,,REP,Jefferson,Precinct 2,33,6,27
Larry V. Faircloth,Auditor,,REP,Jefferson,Precinct 2,35,8,27
"Stephen R. ""Steve"" Connolly",Treasurer,,REP,Jefferson,Precinct 2,26,4,22
Mike Hall,Treasurer,,REP,Jefferson,Precinct 2,8,2,6
Patrick Morrisey,Attorney General,,REP,Jefferson,Precinct 2,41,9,32
Jim Ruland,State Senate,16,REP,Jefferson,Precinct 2,37,6,31
Jill Upson,House of Delegates,65,REP,Jefferson,Precinct 2,36,5,31
Keith Judd,President,,DEM,Jefferson,Precinct 3,44,7,37
Barack Obama,President,,DEM,Jefferson,Precinct 3,149,47,102
Sheirl Fletcher,U.S. Senate,,DEM,Jefferson,Precinct 3,48,11,37
Joe Manchin III,U.S. Senate,,DEM,Jefferson,Precinct 3,162,46,116
Dugald Brown,U.S. House,2,DEM,Jefferson,Precinct 3,17,3,14
William McCann,U.S. House,2,DEM,Jefferson,Precinct 3,149,43,106
Howard Swint,U.S. House,2,DEM,Jefferson,Precinct 3,12,4,8
Earl Ray Tomblin,Governor,,DEM,Jefferson,Precinct 3,181,53,128
Arne Moltis,Governor,,DEM,Jefferson,Precinct 3,27,6,21
Natalie E. Tennant,Secretary of State,,DEM,Jefferson,Precinct 3,160,46,114
Glen B. Gainer III,Auditor,,DEM,Jefferson,Precinct 3,153,45,108
John D. Perdue,Treasurer,,DEM,Jefferson,Precinct 3,153,44,109
Steve Miller,Commissioner of Agriculture,,DEM,Jefferson,Precinct 3,7,1,6
Bobb Tabb,Commissioner of Agriculture,,DEM,Jefferson,Precinct 3,191,58,133
Joe Messineo,Commissioner of Agriculture,,DEM,Jefferson,Precinct 3,1,0,1
Sally Shepherd,Commissioner of Agriculture,,DEM,Jefferson,Precinct 3,5,1,4
Walt Helmick,Commissioner of Agriculture,,DEM,Jefferson,Precinct 3,8,2,6
"Darrell V. McGraw, Jr.",Attorney General,,DEM,Jefferson,Precinct 3,154,46,108
Herb Snyder,State Senate,16,DEM,Jefferson,Precinct 3,177,51,126
"Richard ""Rick"" Shuman II",House of Delegates,65,DEM,Jefferson,Precinct 3,48,14,34
Tiffany Lawrence,House of Delegates,65,DEM,Jefferson,Precinct 3,166,48,118
Ron Paul,President,,REP,Jefferson,Precinct 3,18,2,16
Newt Gingrich,President,,REP,Jefferson,Precinct 3,6,0,6
Mitt Romney,President,,REP,Jefferson,Precinct 3,52,19,33
Rick Santorum,President,,REP,Jefferson,Precinct 3,8,2,6
"Charles ""Buddy"" Roemer",President,,REP,Jefferson,Precinct 3,1,0,1
John R. Raese,U.S. Senate,,REP,Jefferson,Precinct 3,69,18,51
Michael Davis,U.S. House,2,REP,Jefferson,Precinct 3,5,0,5
Shelley Moore Capito,U.S. House,2,REP,Jefferson,Precinct 3,56,18,38
Jonathan Miller,U.S. House,2,REP,Jefferson,Precinct 3,23,6,17
Ralph William Clark,Governor,,REP,Jefferson,Precinct 3,15,4,11
Bill Maloney,Governor,,REP,Jefferson,Precinct 3,57,16,41
Brian Savilla,Secretary of State,,REP,Jefferson,Precinct 3,61,17,44
Larry V. Faircloth,Auditor,,REP,Jefferson,Precinct 3,62,19,43
"Stephen R. ""Steve"" Connolly",Treasurer,,REP,Jefferson,Precinct 3,38,11,27
Mike Hall,Treasurer,,REP,Jefferson,Precinct 3,24,7,17
Patrick Morrisey,Attorney General,,REP,Jefferson,Precinct 3,67,18,49
Jim Ruland,State Senate,16,REP,Jefferson,Precinct 3,67,19,48
Jill Upson,House of Delegates,65,REP,Jefferson,Precinct 3,63,17,46
Keith Judd,President,,DEM,Jefferson,Precinct 4A,7,4,3
Barack Obama,President,,DEM,Jefferson,Precinct 4A,42,7,35
Sheirl Fletcher,U.S. Senate,,DEM,Jefferson,Precinct 4A,9,4,5
Joe Manchin III,U.S. Senate,,DEM,Jefferson,Precinct 4A,48,9,39
Dugald Brown,U.S. House,2,DEM,Jefferson,Precinct 4A,3,2,1
William McCann,U.S. House,2,DEM,Jefferson,Precinct 4A,51,9,42
Howard Swint,U.S. House,2,DEM,Jefferson,Precinct 4A,2,2,0
Earl Ray Tomblin,Governor,,DEM,Jefferson,Precinct 4A,47,9,38
Arne Moltis,Governor,,DEM,Jefferson,Precinct 4A,8,4,4
Natalie E. Tennant,Secretary of State,,DEM,Jefferson,Precinct 4A,47,10,37
Glen B. Gainer III,Auditor,,DEM,Jefferson,Precinct 4A,43,9,34
John D. Perdue,Treasurer,,DEM,Jefferson,Precinct 4A,45,8,37
Steve Miller,Commissioner of Agriculture,,DEM,Jefferson,Precinct 4A,1,0,1
Bobb Tabb,Commissioner of Agriculture,,DEM,Jefferson,Precinct 4A,52,11,41
Joe Messineo,Commissioner of Agriculture,,DEM,Jefferson,Precinct 4A,0,0,0
Sally Shepherd,Commissioner of Agriculture,,DEM,Jefferson,Precinct 4A,3,1,2
Walt Helmick,Commissioner of Agriculture,,DEM,Jefferson,Precinct 4A,0,0,0
"Darrell V. McGraw, Jr.",Attorney General,,DEM,Jefferson,Precinct 4A,46,8,38
Herb Snyder,State Senate,16,DEM,Jefferson,Precinct 4A,44,6,38
"Richard ""Rick"" Shuman II",House of Delegates,65,DEM,Jefferson,Precinct 4A,9,2,7
Tiffany Lawrence,House of Delegates,65,DEM,Jefferson,Precinct 4A,48,11,37
Ron Paul,President,,REP,Jefferson,Precinct 4A,16,1,15
Newt Gingrich,President,,REP,Jefferson,Precinct 4A,7,1,6
Mitt Romney,President,,REP,Jefferson,Precinct 4A,59,13,46
Rick Santorum,President,,REP,Jefferson,Precinct 4A,13,0,13
"Charles ""Buddy"" Roemer",President,,REP,Jefferson,Precinct 4A,0,0,0
John R. Raese,U.S. Senate,,REP,Jefferson,Precinct 4A,81,14,67
Michael Davis,U.S. House,2,REP,Jefferson,Precinct 4A,1,1,0
Shelley Moore Capito,U.S. House,2,REP,Jefferson,Precinct 4A,52,8,44
Jonathan Miller,U.S. House,2,REP,Jefferson,Precinct 4A,38,5,33
Ralph William Clark,Governor,,REP,Jefferson,Precinct 4A,18,1,17
Bill Maloney,Governor,,REP,Jefferson,Precinct 4A,65,11,54
Brian Savilla,Secretary of State,,REP,Jefferson,Precinct 4A,69,11,58
Larry V. Faircloth,Auditor,,REP,Jefferson,Precinct 4A,73,11,62
"Stephen R. ""Steve"" Connolly",Treasurer,,REP,Jefferson,Precinct 4A,41,5,36
Mike Hall,Treasurer,,REP,Jefferson,Precinct 4A,27,5,22
Patrick Morrisey,Attorney General,,REP,Jefferson,Precinct 4A,77,12,65
Jim Ruland,State Senate,16,REP,Jefferson,Precinct 4A,74,14,60
Jill Upson,House of Delegates,65,REP,Jefferson,Precinct 4A,72,12,60
Keith Judd,President,,DEM,Jefferson,Precinct 4B,20,6,14
Barack Obama,President,,DEM,Jefferson,Precinct 4B,61,21,40
Sheirl Fletcher,U.S. Senate,,DEM,Jefferson,Precinct 4B,22,10,12
Joe Manchin III,U.S. Senate,,DEM,Jefferson,Precinct 4B,65,16,49
Dugald Brown,U.S. House,2,DEM,Jefferson,Precinct 4B,5,1,4
William McCann,U.S. House,2,DEM,Jefferson,Precinct 4B,71,21,50
Howard Swint,U.S. House,2,DEM,Jefferson,Precinct 4B,3,2,1
Earl Ray Tomblin,Governor,,DEM,Jefferson,Precinct 4B,73,20,53
Arne Moltis,Governor,,DEM,Jefferson,Precinct 4B,9,6,3
Natalie E. Tennant,Secretary of State,,DEM,Jefferson,Precinct 4B,71,24,47
Glen B. Gainer III,Auditor,,DEM,Jefferson,Precinct 4B,68,22,46
John D. Perdue,Treasurer,,DEM,Jefferson,Precinct 4B,67,22,45
Steve Miller,Commissioner of Agriculture,,DEM,Jefferson,Precinct 4B,4,0,4
Bobb Tabb,Commissioner of Agriculture,,DEM,Jefferson,Precinct 4B,77,26,51
Joe Messineo,Commissioner of Agriculture,,DEM,Jefferson,Precinct 4B,0,0,0
Sally Shepherd,Commissioner of Agriculture,,DEM,Jefferson,Precinct 4B,1,0,1
Walt Helmick,Commissioner of Agriculture,,DEM,Jefferson,Precinct 4B,1,0,1
"Darrell V. McGraw, Jr.",Attorney General,,DEM,Jefferson,Precinct 4B,67,22,45
Herb Snyder,State Senate,16,DEM,Jefferson,Precinct 4B,68,24,44
"Richard ""Rick"" Shuman II",House of Delegates,65,DEM,Jefferson,Precinct 4B,14,2,12
Tiffany Lawrence,House of Delegates,65,DEM,Jefferson,Precinct 4B,66,22,44
Ron Paul,President,,REP,Jefferson,Precinct 4B,14,2,12
Newt Gingrich,President,,REP,Jefferson,Precinct 4B,6,1,5
Mitt Romney,President,,REP,Jefferson,Precinct 4B,45,11,34
Rick Santorum,President,,REP,Jefferson,Precinct 4B,8,3,5
"Charles ""Buddy"" Roemer",President,,REP,Jefferson,Precinct 4B,0,0,0
John R. Raese,U.S. Senate,,REP,Jefferson,Precinct 4B,64,16,48
Michael Davis,U.S. House,2,REP,Jefferson,Precinct 4B,3,0,3
Shelley Moore Capito,U.S. House,2,REP,Jefferson,Precinct 4B,47,14,33
Jonathan Miller,U.S. House,2,REP,Jefferson,Precinct 4B,24,4,20
Ralph William Clark,Governor,,REP,Jefferson,Precinct 4B,15,5,10
Bill Maloney,Governor,,REP,Jefferson,Precinct 4B,53,12,41
Brian Savilla,Secretary of State,,REP,Jefferson,Precinct 4B,54,12,42
Larry V. Faircloth,Auditor,,REP,Jefferson,Precinct 4B,60,17,43
"Stephen R. ""Steve"" Connolly",Treasurer,,REP,Jefferson,Precinct 4B,31,8,23
Mike Hall,Treasurer,,REP,Jefferson,Precinct 4B,25,7,18
Patrick Morrisey,Attorney General,,REP,Jefferson,Precinct 4B,59,16,43
Jim Ruland,State Senate,16,REP,Jefferson,Precinct 4B,62,17,45
Jill Upson,House of Delegates,65,REP,Jefferson,Precinct 4B,64,17,47
Keith Judd,President,,DEM,Jefferson,Precinct 6,7,3,4
Barack Obama,President,,DEM,Jefferson,Precinct 6,35,5,30
Sheirl Fletcher,U.S. Senate,,DEM,Jefferson,Precinct 6,4,0,4
Joe Manchin III,U.S. Senate,,DEM,Jefferson,Precinct 6,43,8,35
Dugald Brown,U.S. House,2,DEM,Jefferson,Precinct 6,1,0,1
William McCann,U.S. House,2,DEM,Jefferson,Precinct 6,41,5,36
Howard Swint,U.S. House,2,DEM,Jefferson,Precinct 6,0,0,0
Earl Ray Tomblin,Governor,,DEM,Jefferson,Precinct 6,46,7,39
Arne Moltis,Governor,,DEM,Jefferson,Precinct 6,3,1,2
Natalie E. Tennant,Secretary of State,,DEM,Jefferson,Precinct 6,35,5,30
Glen B. Gainer III,Auditor,,DEM,Jefferson,Precinct 6,32,5,27
John D. Perdue,Treasurer,,DEM,Jefferson,Precinct 6,32,5,27
Steve Miller,Commissioner of Agriculture,,DEM,Jefferson,Precinct 6,1,0,1
Bobb Tabb,Commissioner of Agriculture,,DEM,Jefferson,Precinct 6,41,6,35
Joe Messineo,Commissioner of Agriculture,,DEM,Jefferson,Precinct 6,0,0,0
Sally Shepherd,Commissioner of Agriculture,,DEM,Jefferson,Precinct 6,1,0,1
Walt Helmick,Commissioner of Agriculture,,DEM,Jefferson,Precinct 6,2,0,2
"Darrell V. McGraw, Jr.",Attorney General,,DEM,Jefferson,Precinct 6,33,5,28
Herb Snyder,State Senate,16,DEM,Jefferson,Precinct 6,39,6,33
"Richard ""Rick"" Shuman II",House of Delegates,65,DEM,Jefferson,Precinct 6,6,1,5
Tiffany Lawrence,House of Delegates,65,DEM,Jefferson,Precinct 6,40,5,35
Ron Paul,President,,REP,Jefferson,Precinct 6,3,0,3
Newt Gingrich,President,,REP,Jefferson,Precinct 6,0,0,0
Mitt Romney,President,,REP,Jefferson,Precinct 6,9,4,5
Rick Santorum,President,,REP,Jefferson,Precinct 6,1,0,1
"Charles ""Buddy"" Roemer",President,,REP,Jefferson,Precinct 6,0,0,0
John R. Raese,U.S. Senate,,REP,Jefferson,Precinct 6,8,2,6
Michael Davis,U.S. House,2,REP,Jefferson,Precinct 6,3,0,3
Shelley Moore Capito,U.S. House,2,REP,Jefferson,Precinct 6,7,4,3
Jonathan Miller,U.S. House,2,REP,Jefferson,Precinct 6,3,0,3
Ralph William Clark,Governor,,REP,Jefferson,Precinct 6,3,0,3
Bill Maloney,Governor,,REP,Jefferson,Precinct 6,9,3,6
Brian Savilla,Secretary of State,,REP,Jefferson,Precinct 6,9,2,7
Larry V. Faircloth,Auditor,,REP,Jefferson,Precinct 6,10,2,8
"Stephen R. ""Steve"" Connolly",Treasurer,,REP,Jefferson,Precinct 6,5,2,3
Mike Hall,Treasurer,,REP,Jefferson,Precinct 6,4,0,4
Patrick Morrisey,Attorney General,,REP,Jefferson,Precinct 6,11,3,8
Jim Ruland,State Senate,16,REP,Jefferson,Precinct 6,10,2,8
Jill Upson,House of Delegates,65,REP,Jefferson,Precinct 6,9,2,7
Keith Judd,President,,DEM,Jefferson,Precinct 7,29,6,23
Barack Obama,President,,DEM,Jefferson,Precinct 7,71,14,57
Sheirl Fletcher,U.S. Senate,,DEM,Jefferson,Precinct 7,16,4,12
Joe Manchin III,U.S. Senate,,DEM,Jefferson,Precinct 7,98,18,80
Dugald Brown,U.S. House,2,DEM,Jefferson,Precinct 7,11,2,9
William McCann,U.S. House,2,DEM,Jefferson,Precinct 7,89,19,70
Howard Swint,U.S. House,2,DEM,Jefferson,Precinct 7,1,0,1
Earl Ray Tomblin,Governor,,DEM,Jefferson,Precinct 7,92,15,77
Arne Moltis,Governor,,DEM,Jefferson,Precinct 7,18,6,12
Natalie E. Tennant,Secretary of State,,DEM,Jefferson,Precinct 7,96,17,79
Glen B. Gainer III,Auditor,,DEM,Jefferson,Precinct 7,87,15,72
John D. Perdue,Treasurer,,DEM,Jefferson,Precinct 7,91,17,74
Steve Miller,Commissioner of Agriculture,,DEM,Jefferson,Precinct 7,4,0,4
Bobb Tabb,Commissioner of Agriculture,,DEM,Jefferson,Precinct 7,103,21,82
Joe Messineo,Commissioner of Agriculture,,DEM,Jefferson,Precinct 7,0,0,0
Sally Shepherd,Commissioner of Agriculture,,DEM,Jefferson,Precinct 7,3,0,3
Walt Helmick,Commissioner of Agriculture,,DEM,Jefferson,Precinct 7,1,0,1
"Darrell V. McGraw, Jr.",Attorney General,,DEM,Jefferson,Precinct 7,97,17,80
Herb Snyder,State Senate,16,DEM,Jefferson,Precinct 7,96,16,80
"Richard ""Rick"" Shuman II",House of Delegates,65,DEM,Jefferson,Precinct 7,23,4,19
Tiffany Lawrence,House of Delegates,65,DEM,Jefferson,Precinct 7,86,18,68
Ron Paul,President,,REP,Jefferson,Precinct 7,10,0,10
Newt Gingrich,President,,REP,Jefferson,Precinct 7,3,0,3
Mitt Romney,President,,REP,Jefferson,Precinct 7,27,5,22
Rick Santorum,President,,REP,Jefferson,Precinct 7,4,0,4
"Charles ""Buddy"" Roemer",President,,REP,Jefferson,Precinct 7,0,0,0
John R. Raese,U.S. Senate,,REP,Jefferson,Precinct 7,40,6,34
Michael Davis,U.S. House,2,REP,Jefferson,Precinct 7,3,0,3
Shelley Moore Capito,U.S. House,2,REP,Jefferson,Precinct 7,29,4,25
Jonathan Miller,U.S. House,2,REP,Jefferson,Precinct 7,13,2,11
Ralph William Clark,Governor,,REP,Jefferson,Precinct 7,15,2,13
Bill Maloney,Governor,,REP,Jefferson,Precinct 7,26,3,23
Brian Savilla,Secretary of State,,REP,Jefferson,Precinct 7,37,5,32
Larry V. Faircloth,Auditor,,REP,Jefferson,Precinct 7,40,6,34
"Stephen R. ""Steve"" Connolly",Treasurer,,REP,Jefferson,Precinct 7,19,3,16
Mike Hall,Treasurer,,REP,Jefferson,Precinct 7,15,2,13
Patrick Morrisey,Attorney General,,REP,Jefferson,Precinct 7,40,6,34
Jim Ruland,State Senate,16,REP,Jefferson,Precinct 7,39,6,33
Jill Upson,House of Delegates,65,REP,Jefferson,Precinct 7,37,6,31
Keith Judd,President,,DEM,Jefferson,Precinct 12,11,3,8
Barack Obama,President,,DEM,Jefferson,Precinct 12,36,6,30
Sheirl Fletcher,U.S. Senate,,DEM,Jefferson,Precinct 12,12,3,9
Joe Manchin III,U.S. Senate,,DEM,Jefferson,Precinct 12,36,7,29
Dugald Brown,U.S. House,2,DEM,Jefferson,Precinct 12,2,0,2
William McCann,U.S. House,2,DEM,Jefferson,Precinct 12,34,5,29
Howard Swint,U.S. House,2,DEM,Jefferson,Precinct 12,3,0,3
Earl Ray Tomblin,Governor,,DEM,Jefferson,Precinct 12,41,8,33
Arne Moltis,Governor,,DEM,Jefferson,Precinct 12,7,2,5
Natalie E. Tennant,Secretary of State,,DEM,Jefferson,Precinct 12,35,7,28
Glen B. Gainer III,Auditor,,DEM,Jefferson,Precinct 12,34,7,27
John D. Perdue,Treasurer,,DEM,Jefferson,Precinct 12,35,7,28
Steve Miller,Commissioner of Agriculture,,DEM,Jefferson,Precinct 12,7,1,6
Bobb Tabb,Commissioner of Agriculture,,DEM,Jefferson,Precinct 12,39,7,32
Joe Messineo,Commissioner of Agriculture,,DEM,Jefferson,Precinct 12,1,0,1
Sally Shepherd,Commissioner of Agriculture,,DEM,Jefferson,Precinct 12,1,1,0
Walt Helmick,Commissioner of Agriculture,,DEM,Jefferson,Precinct 12,0,0,0
"Darrell V. McGraw, Jr.",Attorney General,,DEM,Jefferson,Precinct 12,34,7,27
Herb Snyder,State Senate,16,DEM,Jefferson,Precinct 12,41,8,33
Stephen Skinner,House of Delegates,67,DEM,Jefferson,Precinct 12,39,7,32
Ron Paul,President,,REP,Jefferson,Precinct 12,16,4,12
Newt Gingrich,President,,REP,Jefferson,Precinct 12,6,1,5
Mitt Romney,President,,REP,Jefferson,Precinct 12,61,12,49
Rick Santorum,President,,REP,Jefferson,Precinct 12,9,1,8
"Charles ""Buddy"" Roemer",President,,REP,Jefferson,Precinct 12,0,0,0
John R. Raese,U.S. Senate,,REP,Jefferson,Precinct 12,76,15,61
Michael Davis,U.S. House,2,REP,Jefferson,Precinct 12,1,0,1
Shelley Moore Capito,U.S. House,2,REP,Jefferson,Precinct 12,65,10,55
Jonathan Miller,U.S. House,2,REP,Jefferson,Precinct 12,26,8,18
Ralph William Clark,Governor,,REP,Jefferson,Precinct 12,16,2,14
Bill Maloney,Governor,,REP,Jefferson,Precinct 12,69,13,56
Brian Savilla,Secretary of State,,REP,Jefferson,Precinct 12,69,9,60
Larry V. Faircloth,Auditor,,REP,Jefferson,Precinct 12,72,11,61
"Stephen R. ""Steve"" Connolly",Treasurer,,REP,Jefferson,Precinct 12,51,5,46
Mike Hall,Treasurer,,REP,Jefferson,Precinct 12,22,6,16
Patrick Morrisey,Attorney General,,REP,Jefferson,Precinct 12,79,15,64
Jim Ruland,State Senate,16,REP,Jefferson,Precinct 12,80,14,66
Elliot Simon,House of Delegates,67,REP,Jefferson,Precinct 12,49,7,42
W Matthew Harris,House of Delegates,67,REP,Jefferson,Precinct 12,26,6,20
Keith Judd,President,,DEM,Jefferson,Precinct 13,35,7,28
Barack Obama,President,,DEM,Jefferson,Precinct 13,84,14,70
Sheirl Fletcher,U.S. Senate,,DEM,Jefferson,Precinct 13,35,7,28
Joe Manchin III,U.S. Senate,,DEM,Jefferson,Precinct 13,95,14,81
Dugald Brown,U.S. House,2,DEM,Jefferson,Precinct 13,14,4,10
William McCann,U.S. House,2,DEM,Jefferson,Precinct 13,83,13,70
Howard Swint,U.S. House,2,DEM,Jefferson,Precinct 13,6,1,5
Earl Ray Tomblin,Governor,,DEM,Jefferson,Precinct 13,95,15,80
Arne Moltis,Governor,,DEM,Jefferson,Precinct 13,25,6,19
Natalie E. Tennant,Secretary of State,,DEM,Jefferson,Precinct 13,100,18,82
Glen B. Gainer III,Auditor,,DEM,Jefferson,Precinct 13,92,17,75
John D. Perdue,Treasurer,,DEM,Jefferson,Precinct 13,95,17,78
Steve Miller,Commissioner of Agriculture,,DEM,Jefferson,Precinct 13,3,1,2
Bobb Tabb,Commissioner of Agriculture,,DEM,Jefferson,Precinct 13,109,16,93
Joe Messineo,Commissioner of Agriculture,,DEM,Jefferson,Precinct 13,1,0,1
Sally Shepherd,Commissioner of Agriculture,,DEM,Jefferson,Precinct 13,9,2,7
Walt Helmick,Commissioner of Agriculture,,DEM,Jefferson,Precinct 13,2,1,1
"Darrell V. McGraw, Jr.",Attorney General,,DEM,Jefferson,Precinct 13,90,17,73
Herb Snyder,State Senate,16,DEM,Jefferson,Precinct 13,97,17,80
Stephen Skinner,House of Delegates,67,DEM,Jefferson,Precinct 13,95,18,77
Ron Paul,President,,REP,Jefferson,Precinct 13,17,4,13
Newt Gingrich,President,,REP,Jefferson,Precinct 13,7,2,5
Mitt Romney,President,,REP,Jefferson,Precinct 13,90,13,77
Rick Santorum,President,,REP,Jefferson,Precinct 13,15,0,15
"Charles ""Buddy"" Roemer",President,,REP,Jefferson,Precinct 13,3,1,2
John R. Raese,U.S. Senate,,REP,Jefferson,Precinct 13,116,19,97
Michael Davis,U.S. House,2,REP,Jefferson,Precinct 13,5,1,4
Shelley Moore Capito,U.S. House,2,REP,Jefferson,Precinct 13,87,18,69
Jonathan Miller,U.S. House,2,REP,Jefferson,Precinct 13,39,2,37
Ralph William Clark,Governor,,REP,Jefferson,Precinct 13,26,3,23
Bill Maloney,Governor,,REP,Jefferson,Precinct 13,95,17,78
Brian Savilla,Secretary of State,,REP,Jefferson,Precinct 13,106,16,90
Larry V. Faircloth,Auditor,,REP,Jefferson,Precinct 13,105,15,90
"Stephen R. ""Steve"" Connolly",Treasurer,,REP,Jefferson,Precinct 13,66,12,54
Mike Hall,Treasurer,,REP,Jefferson,Precinct 13,39,7,32
Patrick Morrisey,Attorney General,,REP,Jefferson,Precinct 13,119,19,100
Jim Ruland,State Senate,16,REP,Jefferson,Precinct 13,113,16,97
Elliot Simon,House of Delegates,67,REP,Jefferson,Precinct 13,70,10,60
W. Matthew Harris,House of Delegates,67,REP,Jefferson,Precinct 13,42,7,35
Keith Judd,President,,DEM,Jefferson,Precinct 14,5,1,4
Barack Obama,President,,DEM,Jefferson,Precinct 14,55,3,52
Sheirl Fletcher,U.S. Senate,,DEM,Jefferson,Precinct 14,26,2,24
Joe Manchin III,U.S. Senate,,DEM,Jefferson,Precinct 14,38,2,36
Dugald Brown,U.S. House,2,DEM,Jefferson,Precinct 14,12,1,11
William McCann,U.S. House,2,DEM,Jefferson,Precinct 14,33,2,31
Howard Swint,U.S. House,2,DEM,Jefferson,Precinct 14,7,0,7
Earl Ray Tomblin,Governor,,DEM,Jefferson,Precinct 14,49,4,45
Arne Moltis,Governor,,DEM,Jefferson,Precinct 14,9,0,9
Natalie E. Tennant,Secretary of State,,DEM,Jefferson,Precinct 14,50,4,46
Glen B. Gainer III,Auditor,,DEM,Jefferson,Precinct 14,49,4,45
John D. Perdue,Treasurer,,DEM,Jefferson,Precinct 14,49,4,45
Steve Miller,Commissioner of Agriculture,,DEM,Jefferson,Precinct 14,0,0,0
Bobb Tabb,Commissioner of Agriculture,,DEM,Jefferson,Precinct 14,51,3,48
Joe Messineo,Commissioner of Agriculture,,DEM,Jefferson,Precinct 14,0,0,0
Sally Shepherd,Commissioner of Agriculture,,DEM,Jefferson,Precinct 14,3,1,2
Walt Helmick,Commissioner of Agriculture,,DEM,Jefferson,Precinct 14,2,0,2
"Darrell V. McGraw, Jr.",Attorney General,,DEM,Jefferson,Precinct 14,45,3,42
Herb Snyder,State Senate,16,DEM,Jefferson,Precinct 14,51,4,47
Stephen Skinner,House of Delegates,67,DEM,Jefferson,Precinct 14,48,3,45
Ron Paul,President,,REP,Jefferson,Precinct 14,1,0,1
Newt Gingrich,President,,REP,Jefferson,Precinct 14,1,0,1
Mitt Romney,President,,REP,Jefferson,Precinct 14,8,0,8
Rick Santorum,President,,REP,Jefferson,Precinct 14,1,1,0
"Charles ""Buddy"" Roemer",President,,REP,Jefferson,Precinct 14,1,0,1
John R. Raese,U.S. Senate,,REP,Jefferson,Precinct 14,8,1,7
Michael Davis,U.S. House,2,REP,Jefferson,Precinct 14,0,0,0
Shelley Moore Capito,U.S. House,2,REP,Jefferson,Precinct 14,8,0,8
Jonathan Miller,U.S. House,2,REP,Jefferson,Precinct 14,2,1,1
Ralph William Clark,Governor,,REP,Jefferson,Precinct 14,2,0,2
Bill Maloney,Governor,,REP,Jefferson,Precinct 14,7,1,6
Brian Savilla,Secretary of State,,REP,Jefferson,Precinct 14,8,1,7
Larry V. Faircloth,Auditor,,REP,Jefferson,Precinct 14,7,1,6
"Stephen R. ""Steve"" Connolly",Treasurer,,REP,Jefferson,Precinct 14,5,1,4
Mike Hall,Treasurer,,REP,Jefferson,Precinct 14,2,0,2
Patrick Morrisey,Attorney General,,REP,Jefferson,Precinct 14,11,1,10
Jim Ruland,State Senate,16,REP,Jefferson,Precinct 14,8,1,7
Elliot Simon,House of Delegates,67,REP,Jefferson,Precinct 14,6,1,5
W. Matthew Harris,House of Delegates,67,REP,Jefferson,Precinct 14,2,0,2
Keith Judd,President,,DEM,Jefferson,Precinct 15,21,1,20
Barack Obama,President,,DEM,Jefferson,Precinct 15,44,3,41
Sheirl Fletcher,U.S. Senate,,DEM,Jefferson,Precinct 15,13,2,11
Joe Manchin III,U.S. Senate,,DEM,Jefferson,Precinct 15,52,2,50
Dugald Brown,U.S. House,2,DEM,Jefferson,Precinct 15,8,1,7
William McCann,U.S. House,2,DEM,Jefferson,Precinct 15,51,2,49
Howard Swint,U.S. House,2,DEM,Jefferson,Precinct 15,2,1,1
Earl Ray Tomblin,Governor,,DEM,Jefferson,Precinct 15,47,4,43
Arne Moltis,Governor,,DEM,Jefferson,Precinct 15,13,0,13
Natalie E. Tennant,Secretary of State,,DEM,Jefferson,Precinct 15,53,4,49
Glen B. Gainer III,Auditor,,DEM,Jefferson,Precinct 15,48,4,44
John D. Perdue,Treasurer,,DEM,Jefferson,Precinct 15,50,4,46
Steve Miller,Commissioner of Agriculture,,DEM,Jefferson,Precinct 15,2,0,2
Bobb Tabb,Commissioner of Agriculture,,DEM,Jefferson,Precinct 15,58,3,55
Joe Messineo,Commissioner of Agriculture,,DEM,Jefferson,Precinct 15,1,0,1
Sally Shepherd,Commissioner of Agriculture,,DEM,Jefferson,Precinct 15,3,1,2
Walt Helmick,Commissioner of Agriculture,,DEM,Jefferson,Precinct 15,2,0,2
"Darrell V. McGraw, Jr.",Attorney General,,DEM,Jefferson,Precinct 15,50,4,46
Herb Snyder,State Senate,16,DEM,Jefferson,Precinct 15,60,4,56
Stephen Skinner,House of Delegates,67,DEM,Jefferson,Precinct 15,57,4,53
Ron Paul,President,,REP,Jefferson,Precinct 15,3,0,3
Newt Gingrich,President,,REP,Jefferson,Precinct 15,1,0,1
Mitt Romney,President,,REP,Jefferson,Precinct 15,37,4,33
Rick Santorum,President,,REP,Jefferson,Precinct 15,4,0,4
"Charles ""Buddy"" Roemer",President,,REP,Jefferson,Precinct 15,0,0,0
John R. Raese,U.S. Senate,,REP,Jefferson,Precinct 15,42,4,38
Michael Davis,U.S. House,2,REP,Jefferson,Precinct 15,0,0,0
Shelley Moore Capito,U.S. House,2,REP,Jefferson,Precinct 15,38,4,34
Jonathan Miller,U.S. House,2,REP,Jefferson,Precinct 15,6,0,6
Ralph William Clark,Governor,,REP,Jefferson,Precinct 15,7,1,6
Bill Maloney,Governor,,REP,Jefferson,Precinct 15,34,3,31
Brian Savilla,Secretary of State,,REP,Jefferson,Precinct 15,36,3,33
Larry V. Faircloth,Auditor,,REP,Jefferson,Precinct 15,38,3,35
"Stephen R. ""Steve"" Connolly",Treasurer,,REP,Jefferson,Precinct 15,24,3,21
Mike Hall,Treasurer,,REP,Jefferson,Precinct 15,11,0,11
Patrick Morrisey,Attorney General,,REP,Jefferson,Precinct 15,39,2,37
Jim Ruland,State Senate,16,REP,Jefferson,Precinct 15,39,2,37
Elliot Simon,House of Delegates,67,REP,Jefferson,Precinct 15,21,2,19
W. Matthew Harris,House of Delegates,67,REP,Jefferson,Precinct 15,17,2,15
Keith Judd,President,,DEM,Jefferson,Precinct 16,12,4,8
Barack Obama,President,,DEM,Jefferson,Precinct 16,38,7,31
Sheirl Fletcher,U.S. Senate,,DEM,Jefferson,Precinct 16,18,4,14
Joe Manchin III,U.S. Senate,,DEM,Jefferson,Precinct 16,34,8,26
Dugald Brown,U.S. House,2,DEM,Jefferson,Precinct 16,4,1,3
William McCann,U.S. House,2,DEM,Jefferson,Precinct 16,40,10,30
Howard Swint,U.S. House,2,DEM,Jefferson,Precinct 16,4,1,3
Earl Ray Tomblin,Governor,,DEM,Jefferson,Precinct 16,38,10,28
Arne Moltis,Governor,,DEM,Jefferson,Precinct 16,12,2,10
Natalie E. Tennant,Secretary of State,,DEM,Jefferson,Precinct 16,44,10,34
Glen B. Gainer III,Auditor,,DEM,Jefferson,Precinct 16,41,10,31
John D. Perdue,Treasurer,,DEM,Jefferson,Precinct 16,43,10,33
Steve Miller,Commissioner of Agriculture,,DEM,Jefferson,Precinct 16,1,0,1
Bobb Tabb,Commissioner of Agriculture,,DEM,Jefferson,Precinct 16,45,10,35
Joe Messineo,Commissioner of Agriculture,,DEM,Jefferson,Precinct 16,1,1,0
Sally Shepherd,Commissioner of Agriculture,,DEM,Jefferson,Precinct 16,4,1,3
Walt Helmick,Commissioner of Agriculture,,DEM,Jefferson,Precinct 16,1,0,1
"Darrell V. McGraw, Jr.",Attorney General,,DEM,Jefferson,Precinct 16,42,11,31
Herb Snyder,State Senate,16,DEM,Jefferson,Precinct 16,44,8,36
John Reese Maxey,House of Delegates,66,DEM,Jefferson,Precinct 16,42,8,34
Ron Paul,President,,REP,Jefferson,Precinct 16,9,2,7
Newt Gingrich,President,,REP,Jefferson,Precinct 16,0,0,0
Mitt Romney,President,,REP,Jefferson,Precinct 16,42,12,30
Rick Santorum,President,,REP,Jefferson,Precinct 16,8,5,3
"Charles ""Buddy"" Roemer",President,,REP,Jefferson,Precinct 16,2,1,1
John R. Raese,U.S. Senate,,REP,Jefferson,Precinct 16,55,20,35
Michael Davis,U.S. House,2,REP,Jefferson,Precinct 16,4,1,3
Shelley Moore Capito,U.S. House,2,REP,Jefferson,Precinct 16,36,10,26
Jonathan Miller,U.S. House,2,REP,Jefferson,Precinct 16,20,9,11
Ralph William Clark,Governor,,REP,Jefferson,Precinct 16,9,3,6
Bill Maloney,Governor,,REP,Jefferson,Precinct 16,43,16,27
Brian Savilla,Secretary of State,,REP,Jefferson,Precinct 16,48,18,30
Larry V. Faircloth,Auditor,,REP,Jefferson,Precinct 16,50,18,32
"Stephen R. ""Steve"" Connolly",Treasurer,,REP,Jefferson,Precinct 16,29,11,18
Mike Hall,Treasurer,,REP,Jefferson,Precinct 16,15,4,11
Patrick Morrisey,Attorney General,,REP,Jefferson,Precinct 16,51,18,33
Jim Ruland,State Senate,16,REP,Jefferson,Precinct 16,50,17,33
Paul Espinosa,House of Delegates,66,REP,Jefferson,Precinct 16,51,18,33
Keith Judd,President,,DEM,Jefferson,Precinct 17,33,4,29
Barack Obama,President,,DEM,Jefferson,Precinct 17,66,12,54
Sheirl Fletcher,U.S. Senate,,DEM,Jefferson,Precinct 17,28,5,23
Joe Manchin III,U.S. Senate,,DEM,Jefferson,Precinct 17,85,4,71
Dugald Brown,U.S. House,2,DEM,Jefferson,Precinct 17,11,4,7
William McCann,U.S. House,2,DEM,Jefferson,Precinct 17,85,13,72
Howard Swint,U.S. House,2,DEM,Jefferson,Precinct 17,4,0,4
Earl Ray Tomblin,Governor,,DEM,Jefferson,Precinct 17,87,15,72
Arne Moltis,Governor,,DEM,Jefferson,Precinct 17,25,4,21
Natalie E. Tennant,Secretary of State,,DEM,Jefferson,Precinct 17,91,15,76
Glen B. Gainer III,Auditor,,DEM,Jefferson,Precinct 17,90,15,75
John D. Perdue,Treasurer,,DEM,Jefferson,Precinct 17,92,16,76
Steve Miller,Commissioner of Agriculture,,DEM,Jefferson,Precinct 17,5,0,5
Bobb Tabb,Commissioner of Agriculture,,DEM,Jefferson,Precinct 17,100,17,83
Joe Messineo,Commissioner of Agriculture,,DEM,Jefferson,Precinct 17,0,0,0
Sally Shepherd,Commissioner of Agriculture,,DEM,Jefferson,Precinct 17,7,0,7
Walt Helmick,Commissioner of Agriculture,,DEM,Jefferson,Precinct 17,2,2,0
"Darrell V. McGraw, Jr.",Attorney General,,DEM,Jefferson,Precinct 17,89,16,73
Herb Snyder,State Senate,16,DEM,Jefferson,Precinct 17,94,14,80
Stephne Skinner,House of Delegates,67,DEM,Jefferson,Precinct 17,93,15,78
Ron Paul,President,,REP,Jefferson,Precinct 17,18,5,13
Newt Gingrich,President,,REP,Jefferson,Precinct 17,6,1,5
Mitt Romney,President,,REP,Jefferson,Precinct 17,56,7,49
Rick Santorum,President,,REP,Jefferson,Precinct 17,10,0,10
"Charles ""Buddy"" Roemer",President,,REP,Jefferson,Precinct 17,1,0,1
John R. Raese,U.S. Senate,,REP,Jefferson,Precinct 17,75,12,63
Michael Davis,U.S. House,2,REP,Jefferson,Precinct 17,3,0,3
Shelley Moore Capito,U.S. House,2,REP,Jefferson,Precinct 17,59,8,51
Jonathan Miller,U.S. House,2,REP,Jefferson,Precinct 17,25,5,20
Ralph William Clark,Governor,,REP,Jefferson,Precinct 17,16,0,16
Bill Maloney,Governor,,REP,Jefferson,Precinct 17,64,12,52
Brian Savilla,Secretary of State,,REP,Jefferson,Precinct 17,60,8,52
Larry V. Faircloth,Auditor,,REP,Jefferson,Precinct 17,70,10,60
"Stephen R. ""Steve"" Connolly",Treasurer,,REP,Jefferson,Precinct 17,44,4,40
Mike Hall,Treasurer,,REP,Jefferson,Precinct 17,17,4,13
Patrick Morrisey,Attorney General,,REP,Jefferson,Precinct 17,75,9,66
Jim Ruland,State Senate,16,REP,Jefferson,Precinct 17,75,12,63
Elliot Simon,House of Delegates,67,REP,Jefferson,Precinct 17,60,10,50
W. Matthew Harris,House of Delegates,67,REP,Jefferson,Precinct 17,17,0,17
Keith Judd,President,,DEM,Jefferson,Precinct 19,14,0,14
Barack Obama,President,,DEM,Jefferson,Precinct 19,49,19,30
Sheirl Fletcher,U.S. Senate,,DEM,Jefferson,Precinct 19,20,5,15
Joe Manchin III,U.S. Senate,,DEM,Jefferson,Precinct 19,48,15,33
Dugald Brown,U.S. House,2,DEM,Jefferson,Precinct 19,7,2,5
William McCann,U.S. House,2,DEM,Jefferson,Precinct 19,51,14,37
Howard Swint,U.S. House,2,DEM,Jefferson,Precinct 19,6,3,3
Earl Ray Tomblin,Governor,,DEM,Jefferson,Precinct 19,51,15,36
Arne Moltis,Governor,,DEM,Jefferson,Precinct 19,17,6,11
Natalie E. Tennant,Secretary of State,,DEM,Jefferson,Precinct 19,58,14,44
Glen B. Gainer III,Auditor,,DEM,Jefferson,Precinct 19,57,13,44
John D. Perdue,Treasurer,,DEM,Jefferson,Precinct 19,55,13,42
Steve Miller,Commissioner of Agriculture,,DEM,Jefferson,Precinct 19,4,0,4
Bobb Tabb,Commissioner of Agriculture,,DEM,Jefferson,Precinct 19,59,16,43
Joe Messineo,Commissioner of Agriculture,,DEM,Jefferson,Precinct 19,1,0,1
Sally Shepherd,Commissioner of Agriculture,,DEM,Jefferson,Precinct 19,5,2,3
Walt Helmick,Commissioner of Agriculture,,DEM,Jefferson,Precinct 19,0,0,0
"Darrell V. McGraw, Jr.",Attorney General,,DEM,Jefferson,Precinct 19,59,15,44
Herb Snyder,State Senate,16,DEM,Jefferson,Precinct 19,64,15,49
"Richard ""Rick"" Shuman II",House of Delegates,65,DEM,Jefferson,Precinct 19,8,4,4
Tiffany Lawrence,House of Delegates,65,DEM,Jefferson,Precinct 19,59,14,45
Ron Paul,President,,REP,Jefferson,Precinct 19,7,2,5
Newt Gingrich,President,,REP,Jefferson,Precinct 19,3,0,3
Mitt Romney,President,,REP,Jefferson,Precinct 19,32,9,23
Rick Santorum,President,,REP,Jefferson,Precinct 19,8,0,8
"Charles ""Buddy"" Roemer",President,,REP,Jefferson,Precinct 19,0,0,0
John R. Raese,U.S. Senate,,REP,Jefferson,Precinct 19,39,8,31
Michael Davis,U.S. House,2,REP,Jefferson,Precinct 19,1,0,1
Shelley Moore Capito,U.S. House,2,REP,Jefferson,Precinct 19,29,7,22
Jonathan Miller,U.S. House,2,REP,Jefferson,Precinct 19,15,3,12
Ralph William Clark,Governor,,REP,Jefferson,Precinct 19,6,1,5
Bill Maloney,Governor,,REP,Jefferson,Precinct 19,34,7,27
Brian Savilla,Secretary of State,,REP,Jefferson,Precinct 19,37,6,31
Larry V. Faircloth,Auditor,,REP,Jefferson,Precinct 19,43,9,34
"Stephen R. ""Steve"" Connolly",Treasurer,,REP,Jefferson,Precinct 19,20,5,15
Mike Hall,Treasurer,,REP,Jefferson,Precinct 19,16,1,15
Patrick Morrisey,Attorney General,,REP,Jefferson,Precinct 19,43,10,33
Jim Ruland,State Senate,16,REP,Jefferson,Precinct 19,42,9,33
Jill Upson,House of Delegates,65,REP,Jefferson,Precinct 19,41,7,34
Keith Judd,President,,DEM,Jefferson,Precinct 20,34,7,27
Barack Obama,President,,DEM,Jefferson,Precinct 20,99,33,66
Sheirl Fletcher,U.S. Senate,,DEM,Jefferson,Precinct 20,39,15,24
Joe Manchin III,U.S. Senate,,DEM,Jefferson,Precinct 20,105,29,76
Dugald Brown,U.S. House,2,DEM,Jefferson,Precinct 20,8,4,4
William McCann,U.S. House,2,DEM,Jefferson,Precinct 20,115,35,80
Howard Swint,U.S. House,2,DEM,Jefferson,Precinct 20,7,2,5
Earl Ray Tomblin,Governor,,DEM,Jefferson,Precinct 20,115,31,84
Arne Moltis,Governor,,DEM,Jefferson,Precinct 20,23,7,16
Natalie E. Tennant,Secretary of State,,DEM,Jefferson,Precinct 20,115,33,82
Glen B. Gainer III,Auditor,,DEM,Jefferson,Precinct 20,111,33,78
John D. Perdue,Treasurer,,DEM,Jefferson,Precinct 20,113,34,79
Steve Miller,Commissioner of Agriculture,,DEM,Jefferson,Precinct 20,20,5,15
Bobb Tabb,Commissioner of Agriculture,,DEM,Jefferson,Precinct 20,114,36,78
Joe Messineo,Commissioner of Agriculture,,DEM,Jefferson,Precinct 20,0,0,0
Sally Shepherd,Commissioner of Agriculture,,DEM,Jefferson,Precinct 20,8,2,6
Walt Helmick,Commissioner of Agriculture,,DEM,Jefferson,Precinct 20,5,0,5
"Darrell V. McGraw, Jr.",Attorney General,,DEM,Jefferson,Precinct 20,114,34,80
Herb Snyder,State Senate,16,DEM,Jefferson,Precinct 20,123,35,88
John Reese Maxey,House of Delegates,66,DEM,Jefferson,Precinct 20,110,34,76
Ron Paul,President,,REP,Jefferson,Precinct 20,31,7,24
Newt Gingrich,President,,REP,Jefferson,Precinct 20,3,1,2
Mitt Romney,President,,REP,Jefferson,Precinct 20,98,24,74
Rick Santorum,President,,REP,Jefferson,Precinct 20,12,1,11
"Charles ""Buddy"" Roemer",President,,REP,Jefferson,Precinct 20,0,0,0
John R. Raese,U.S. Senate,,REP,Jefferson,Precinct 20,126,29,97
Michael Davis,U.S. House,2,REP,Jefferson,Precinct 20,5,2,3
Shelley Moore Capito,U.S. House,2,REP,Jefferson,Precinct 20,98,22,76
Jonathan Miller,U.S. House,2,REP,Jefferson,Precinct 20,43,11,32
Ralph William Clark,Governor,,REP,Jefferson,Precinct 20,26,7,19
Bill Maloney,Governor,,REP,Jefferson,Precinct 20,108,25,83
Brian Savilla,Secretary of State,,REP,Jefferson,Precinct 20,107,23,84
Larry V. Faircloth,Auditor,,REP,Jefferson,Precinct 20,111,26,85
"Stephen R. ""Steve"" Connolly",Treasurer,,REP,Jefferson,Precinct 20,61,13,48
Mike Hall,Treasurer,,REP,Jefferson,Precinct 20,47,12,35
Patrick Morrisey,Attorney General,,REP,Jefferson,Precinct 20,117,28,89
Jim Ruland,State Senate,16,REP,Jefferson,Precinct 20,115,27,88
Paul Espinosa,House of Delegates,66,REP,Jefferson,Precinct 20,125,28,97
Keith Judd,President,,DEM,Jefferson,Precinct 21A,12,5,7
Barack Obama,President,,DEM,Jefferson,Precinct 21A,74,17,57
Sheirl Fletcher,U.S. Senate,,DEM,Jefferson,Precinct 21A,23,7,16
Joe Manchin III,U.S. Senate,,DEM,Jefferson,Precinct 21A,65,15,50
Dugald Brown,U.S. House,2,DEM,Jefferson,Precinct 21A,11,4,7
William McCann,U.S. House,2,DEM,Jefferson,Precinct 21A,64,15,49
Howard Swint,U.S. House,2,DEM,Jefferson,Precinct 21A,7,2,5
Earl Ray Tomblin,Governor,,DEM,Jefferson,Precinct 21A,68,15,53
Arne Moltis,Governor,,DEM,Jefferson,Precinct 21A,15,6,9
Natalie E. Tennant,Secretary of State,,DEM,Jefferson,Precinct 21A,73,21,52
Glen B. Gainer III,Auditor,,DEM,Jefferson,Precinct 21A,69,18,51
John D. Perdue,Treasurer,,DEM,Jefferson,Precinct 21A,69,19,50
Steve Miller,Commissioner of Agriculture,,DEM,Jefferson,Precinct 21A,5,0,5
Bobb Tabb,Commissioner of Agriculture,,DEM,Jefferson,Precinct 21A,66,19,47
Joe Messineo,Commissioner of Agriculture,,DEM,Jefferson,Precinct 21A,2,0,2
Sally Shepherd,Commissioner of Agriculture,,DEM,Jefferson,Precinct 21A,11,3,8
Walt Helmick,Commissioner of Agriculture,,DEM,Jefferson,Precinct 21A,2,0,2
"Darrell V. McGraw, Jr.",Attorney General,,DEM,Jefferson,Precinct 21A,69,19,50
Herb Snyder,State Senate,16,DEM,Jefferson,Precinct 21A,75,19,56
John Reese Maxey,House of Delegates,66,DEM,Jefferson,Precinct 21A,84,21,63
Ron Paul,President,,REP,Jefferson,Precinct 21A,19,2,17
Newt Gingrich,President,,REP,Jefferson,Precinct 21A,5,0,5
Mitt Romney,President,,REP,Jefferson,Precinct 21A,45,6,39
Rick Santorum,President,,REP,Jefferson,Precinct 21A,9,1,8
"Charles ""Buddy"" Roemer",President,,REP,Jefferson,Precinct 21A,0,0,0
John R. Raese,U.S. Senate,,REP,Jefferson,Precinct 21A,63,6,57
Michael Davis,U.S. House,2,REP,Jefferson,Precinct 21A,4,1,3
Shelley Moore Capito,U.S. House,2,REP,Jefferson,Precinct 21A,41,4,37
Jonathan Miller,U.S. House,2,REP,Jefferson,Precinct 21A,27,3,24
Ralph William Clark,Governor,,REP,Jefferson,Precinct 21A,16,1,15
Bill Maloney,Governor,,REP,Jefferson,Precinct 21A,56,7,49
Brian Savilla,Secretary of State,,REP,Jefferson,Precinct 21A,65,6,59
Larry V. Faircloth,Auditor,,REP,Jefferson,Precinct 21A,64,6,58
"Stephen R. ""Steve"" Connolly",Treasurer,,REP,Jefferson,Precinct 21A,42,4,38
Mike Hall,Treasurer,,REP,Jefferson,Precinct 21A,25,3,22
Patrick Morrisey,Attorney General,,REP,Jefferson,Precinct 21A,67,6,61
Jim Ruland,State Senate,16,REP,Jefferson,Precinct 21A,68,6,62
Paul Espinosa,House of Delegates,66,REP,Jefferson,Precinct 21A,63,6,57
Keith Judd,President,,DEM,Jefferson,Precinct 21B,14,0,14
Barack Obama,President,,DEM,Jefferson,Precinct 21B,34,9,25
Sheirl Fletcher,U.S. Senate,,DEM,Jefferson,Precinct 21B,12,0,12
Joe Manchin III,U.S. Senate,,DEM,Jefferson,Precinct 21B,33,8,25
Dugald Brown,U.S. House,2,DEM,Jefferson,Precinct 21B,6,2,4
William McCann,U.S. House,2,DEM,Jefferson,Precinct 21B,33,5,28
Howard Swint,U.S. House,2,DEM,Jefferson,Precinct 21B,3,2,1
Earl Ray Tomblin,Governor,,DEM,Jefferson,Precinct 21B,40,8,32
Arne Moltis,Governor,,DEM,Jefferson,Precinct 21B,7,1,6
Natalie E. Tennant,Secretary of State,,DEM,Jefferson,Precinct 21B,40,7,33
Glen B. Gainer III,Auditor,,DEM,Jefferson,Precinct 21B,35,7,28
John D. Perdue,Treasurer,,DEM,Jefferson,Precinct 21B,34,6,28
Steve Miller,Commissioner of Agriculture,,DEM,Jefferson,Precinct 21B,1,0,1
Bobb Tabb,Commissioner of Agriculture,,DEM,Jefferson,Precinct 21B,34,7,27
Joe Messineo,Commissioner of Agriculture,,DEM,Jefferson,Precinct 21B,1,0,1
Sally Shepherd,Commissioner of Agriculture,,DEM,Jefferson,Precinct 21B,6,1,5
Walt Helmick,Commissioner of Agriculture,,DEM,Jefferson,Precinct 21B,1,0,1
"Darrell V. McGraw, Jr.",Attorney General,,DEM,Jefferson,Precinct 21B,37,6,31
Herb Snyder,State Senate,16,DEM,Jefferson,Precinct 21B,39,8,31
John Reese Maxey,House of Delegates,66,DEM,Jefferson,Precinct 21B,38,8,30
Ron Paul,President,,REP,Jefferson,Precinct 21B,22,3,19
Newt Gingrich,President,,REP,Jefferson,Precinct 21B,5,0,5
Mitt Romney,President,,REP,Jefferson,Precinct 21B,78,20,58
Rick Santorum,President,,REP,Jefferson,Precinct 21B,9,2,7
"Charles ""Buddy"" Roemer",President,,REP,Jefferson,Precinct 21B,2,0,2
John R. Raese,U.S. Senate,,REP,Jefferson,Precinct 21B,97,22,75
Michael Davis,U.S. House,2,REP,Jefferson,Precinct 21B,0,0,0
Shelley Moore Capito,U.S. House,2,REP,Jefferson,Precinct 21B,75,21,54
Jonathan Miller,U.S. House,2,REP,Jefferson,Precinct 21B,38,3,35
Ralph William Clark,Governor,,REP,Jefferson,Precinct 21B,17,3,14
Bill Maloney,Governor,,REP,Jefferson,Precinct 21B,90,21,69
Brian Savilla,Secretary of State,,REP,Jefferson,Precinct 21B,90,20,70
Larry V. Faircloth,Auditor,,REP,Jefferson,Precinct 21B,91,19,72
"Stephen R. ""Steve"" Connolly",Treasurer,,REP,Jefferson,Precinct 21B,57,14,43
Mike Hall,Treasurer,,REP,Jefferson,Precinct 21B,34,6,28
Patrick Morrisey,Attorney General,,REP,Jefferson,Precinct 21B,101,23,78
Jim Ruland,State Senate,16,REP,Jefferson,Precinct 21B,99,22,77
Paul Espinosa,House of Delegates,66,REP,Jefferson,Precinct 21B,97,23,74
Keith Judd,President,,DEM,Jefferson,Precinct 22,22,5,17
Barack Obama,President,,DEM,Jefferson,Precinct 22,85,18,67
Sheirl Fletcher,U.S. Senate,,DEM,Jefferson,Precinct 22,34,8,26
Joe Manchin III,U.S. Senate,,DEM,Jefferson,Precinct 22,79,18,61
Dugald Brown,U.S. House,2,DEM,Jefferson,Precinct 22,15,5,10
William McCann,U.S. House,2,DEM,Jefferson,Precinct 22,85,18,67
Howard Swint,U.S. House,2,DEM,Jefferson,Precinct 22,3,2,1
Earl Ray Tomblin,Governor,,DEM,Jefferson,Precinct 22,95,22,73
Arne Moltis,Governor,,DEM,Jefferson,Precinct 22,18,6,12
Natalie E. Tennant,Secretary of State,,DEM,Jefferson,Precinct 22,98,23,75
Glen B. Gainer III,Auditor,,DEM,Jefferson,Precinct 22,97,23,74
John D. Perdue,Treasurer,,DEM,Jefferson,Precinct 22,95,23,72
Steve Miller,Commissioner of Agriculture,,DEM,Jefferson,Precinct 22,3,1,2
Bobb Tabb,Commissioner of Agriculture,,DEM,Jefferson,Precinct 22,103,25,78
Joe Messineo,Commissioner of Agriculture,,DEM,Jefferson,Precinct 22,0,0,0
Sally Shepherd,Commissioner of Agriculture,,DEM,Jefferson,Precinct 22,5,2,3
Walt Helmick,Commissioner of Agriculture,,DEM,Jefferson,Precinct 22,2,0,2
"Darrell V. McGraw, Jr.",Attorney General,,DEM,Jefferson,Precinct 22,93,23,70
Herb Snyder,State Senate,16,DEM,Jefferson,Precinct 22,102,24,78
John Reese Maxey,House of Delegates,66,DEM,Jefferson,Precinct 22,83,20,63
Ron Paul,President,,REP,Jefferson,Precinct 22,11,1,10
Newt Gingrich,President,,REP,Jefferson,Precinct 22,4,0,4
Mitt Romney,President,,REP,Jefferson,Precinct 22,67,8,59
Rick Santorum,President,,REP,Jefferson,Precinct 22,8,0,8
"Charles ""Buddy"" Roemer",President,,REP,Jefferson,Precinct 22,0,0,0
John R. Raese,U.S. Senate,,REP,Jefferson,Precinct 22,77,9,68
Michael Davis,U.S. House,2,REP,Jefferson,Precinct 22,2,0,2
Shelley Moore Capito,U.S. House,2,REP,Jefferson,Precinct 22,52,8,44
Jonathan Miller,U.S. House,2,REP,Jefferson,Precinct 22,31,1,30
Ralph William Clark,Governor,,REP,Jefferson,Precinct 22,21,0,21
Bill Maloney,Governor,,REP,Jefferson,Precinct 22,64,9,55
Brian Savilla,Secretary of State,,REP,Jefferson,Precinct 22,69,8,61
Larry V. Faircloth,Auditor,,REP,Jefferson,Precinct 22,72,8,64
"Stephen R. ""Steve"" Connolly",Treasurer,,REP,Jefferson,Precinct 22,40,6,34
Mike Hall,Treasurer,,REP,Jefferson,Precinct 22,31,2,29
Patrick Morrisey,Attorney General,,REP,Jefferson,Precinct 22,74,8,66
Jim Ruland,State Senate,16,REP,Jefferson,Precinct 22,72,6,66
Paul Espinosa,House of Delegates,66,REP,Jefferson,Precinct 22,79,7,72
Keith Judd,President,,DEM,Jefferson,Precinct 23A,23,10,13
Barack Obama,President,,DEM,Jefferson,Precinct 23A,70,31,39
Sheirl Fletcher,U.S. Senate,,DEM,Jefferson,Precinct 23A,26,10,16
Joe Manchin III,U.S. Senate,,DEM,Jefferson,Precinct 23A,83,38,45
Dugald Brown,U.S. House,2,DEM,Jefferson,Precinct 23A,10,3,7
William McCann,U.S. House,2,DEM,Jefferson,Precinct 23A,81,37,44
Howard Swint,U.S. House,2,DEM,Jefferson,Precinct 23A,6,2,4
Earl Ray Tomblin,Governor,,DEM,Jefferson,Precinct 23A,93,44,49
Arne Moltis,Governor,,DEM,Jefferson,Precinct 23A,15,4,11
Natalie E. Tennant,Secretary of State,,DEM,Jefferson,Precinct 23A,87,37,50
Glen B. Gainer III,Auditor,,DEM,Jefferson,Precinct 23A,81,35,46
John D. Perdue,Treasurer,,DEM,Jefferson,Precinct 23A,84,36,48
Steve Miller,Commissioner of Agriculture,,DEM,Jefferson,Precinct 23A,3,0,3
Bobb Tabb,Commissioner of Agriculture,,DEM,Jefferson,Precinct 23A,100,45,55
Joe Messineo,Commissioner of Agriculture,,DEM,Jefferson,Precinct 23A,1,1,0
Sally Shepherd,Commissioner of Agriculture,,DEM,Jefferson,Precinct 23A,4,2,2
Walt Helmick,Commissioner of Agriculture,,DEM,Jefferson,Precinct 23A,3,1,2
"Darrell V. McGraw, Jr.",Attorney General,,DEM,Jefferson,Precinct 23A,76,31,45
Herb Snyder,State Senate,16,DEM,Jefferson,Precinct 23A,98,43,55
"Richard ""Rick"" Shuman II",House of Delegates,65,DEM,Jefferson,Precinct 23A,28,9,19
Tiffany Lawrence,House of Delegates,65,DEM,Jefferson,Precinct 23A,82,39,43
Ron Paul,President,,REP,Jefferson,Precinct 23A,15,2,13
Newt Gingrich,President,,REP,Jefferson,Precinct 23A,6,1,5
Mitt Romney,President,,REP,Jefferson,Precinct 23A,76,36,40
Rick Santorum,President,,REP,Jefferson,Precinct 23A,6,1,5
"Charles ""Buddy"" Roemer",President,,REP,Jefferson,Precinct 23A,2,1,1
John R. Raese,U.S. Senate,,REP,Jefferson,Precinct 23A,92,35,57
Michael Davis,U.S. House,2,REP,Jefferson,Precinct 23A,2,0,2
Shelley Moore Capito,U.S. House,2,REP,Jefferson,Precinct 23A,4,32,42
Jonathan Miller,U.S. House,2,REP,Jefferson,Precinct 23A,27,10,17
Ralph William Clark,Governor,,REP,Jefferson,Precinct 23A,25,8,17
Bill Maloney,Governor,,REP,Jefferson,Precinct 23A,68,28,40
Brian Savilla,Secretary of State,,REP,Jefferson,Precinct 23A,77,30,47
Larry V. Faircloth,Auditor,,REP,Jefferson,Precinct 23A,80,32,48
"Stephen R. ""Steve"" Connolly",Treasurer,,REP,Jefferson,Precinct 23A,52,23,29
Mike Hall,Treasurer,,REP,Jefferson,Precinct 23A,29,9,20
Patrick Morrisey,Attorney General,,REP,Jefferson,Precinct 23A,85,36,49
Jim Ruland,State Senate,16,REP,Jefferson,Precinct 23A,75,32,43
Jill Upson,House of Delegates,65,REP,Jefferson,Precinct 23A,82,32,50
Keith Judd,President,,DEM,Jefferson,Precinct 23B,34,16,18
Barack Obama,President,,DEM,Jefferson,Precinct 23B,82,22,60
Sheirl Fletcher,U.S. Senate,,DEM,Jefferson,Precinct 23B,29,12,17
Joe Manchin III,U.S. Senate,,DEM,Jefferson,Precinct 23B,111,38,73
Dugald Brown,U.S. House,2,DEM,Jefferson,Precinct 23B,12,4,8
William McCann,U.S. House,2,DEM,Jefferson,Precinct 23B,103,36,67
Howard Swint,U.S. House,2,DEM,Jefferson,Precinct 23B,4,2,2
Earl Ray Tomblin,Governor,,DEM,Jefferson,Precinct 23B,111,40,71
Arne Moltis,Governor,,DEM,Jefferson,Precinct 23B,18,8,10
Natalie E. Tennant,Secretary of State,,DEM,Jefferson,Precinct 23B,109,39,70
Glen B. Gainer III,Auditor,,DEM,Jefferson,Precinct 23B,107,39,68
John D. Perdue,Treasurer,,DEM,Jefferson,Precinct 23B,109,37,72
Steve Miller,Commissioner of Agriculture,,DEM,Jefferson,Precinct 23B,6,1,5
Bobb Tabb,Commissioner of Agriculture,,DEM,Jefferson,Precinct 23B,126,45,81
Joe Messineo,Commissioner of Agriculture,,DEM,Jefferson,Precinct 23B,2,1,1
Sally Shepherd,Commissioner of Agriculture,,DEM,Jefferson,Precinct 23B,2,1,1
Walt Helmick,Commissioner of Agriculture,,DEM,Jefferson,Precinct 23B,3,2,1
"Darrell V. McGraw, Jr.",Attorney General,,DEM,Jefferson,Precinct 23B,108,41,67
Herb Snyder,State Senate,16,DEM,Jefferson,Precinct 23B,123,45,78
"Richard ""Rick"" Shuman II",House of Delegates,65,DEM,Jefferson,Precinct 23B,31,11,20
Tiffany Lawrence,House of Delegates,65,DEM,Jefferson,Precinct 23B,111,40,71
Ron Paul,President,,REP,Jefferson,Precinct 23B,13,3,10
Newt Gingrich,President,,REP,Jefferson,Precinct 23B,4,2,2
Mitt Romney,President,,REP,Jefferson,Precinct 23B,73,34,39
Rick Santorum,President,,REP,Jefferson,Precinct 23B,9,6,3
"Charles ""Buddy"" Roemer",President,,REP,Jefferson,Precinct 23B,0,0,0
John R. Raese,U.S. Senate,,REP,Jefferson,Precinct 23B,75,35,40
Michael Davis,U.S. House,2,REP,Jefferson,Precinct 23B,3,1,2
Shelley Moore Capito,U.S. House,2,REP,Jefferson,Precinct 23B,66,31,35
Jonathan Miller,U.S. House,2,REP,Jefferson,Precinct 23B,28,11,17
Ralph William Clark,Governor,,REP,Jefferson,Precinct 23B,14,8,6
Bill Maloney,Governor,,REP,Jefferson,Precinct 23B,73,33,40
Brian Savilla,Secretary of State,,REP,Jefferson,Precinct 23B,64,32,32
Larry V. Faircloth,Auditor,,REP,Jefferson,Precinct 23B,67,32,35
"Stephen R. ""Steve"" Connolly",Treasurer,,REP,Jefferson,Precinct 23B,38,20,18
Mike Hall,Treasurer,,REP,Jefferson,Precinct 23B,27,12,15
Patrick Morrisey,Attorney General,,REP,Jefferson,Precinct 23B,77,36,41
Jim Ruland,State Senate,16,REP,Jefferson,Precinct 23B,79,38,41
Jill Upson,House of Delegates,65,REP,Jefferson,Precinct 23B,79,36,43
Keith Judd,President,,DEM,Jefferson,Precinct 24,4,0,4
Barack Obama,President,,DEM,Jefferson,Precinct 24,41,5,36
Sheirl Fletcher,U.S. Senate,,DEM,Jefferson,Precinct 24,6,0,6
Joe Manchin III,U.S. Senate,,DEM,Jefferson,Precinct 24,36,6,30
Dugald Brown,U.S. House,2,DEM,Jefferson,Precinct 24,3,0,3
William McCann,U.S. House,2,DEM,Jefferson,Precinct 24,33,5,28
Howard Swint,U.S. House,2,DEM,Jefferson,Precinct 24,5,1,4
Earl Ray Tomblin,Governor,,DEM,Jefferson,Precinct 24,37,5,32
Arne Moltis,Governor,,DEM,Jefferson,Precinct 24,5,1,4
Natalie E. Tennant,Secretary of State,,DEM,Jefferson,Precinct 24,38,6,32
Glen B. Gainer III,Auditor,,DEM,Jefferson,Precinct 24,38,6,32
John D. Perdue,Treasurer,,DEM,Jefferson,Precinct 24,39,6,33
Steve Miller,Commissioner of Agriculture,,DEM,Jefferson,Precinct 24,2,0,2
Bobb Tabb,Commissioner of Agriculture,,DEM,Jefferson,Precinct 24,37,5,32
Joe Messineo,Commissioner of Agriculture,,DEM,Jefferson,Precinct 24,1,0,1
Sally Shepherd,Commissioner of Agriculture,,DEM,Jefferson,Precinct 24,2,0,2
Walt Helmick,Commissioner of Agriculture,,DEM,Jefferson,Precinct 24,1,1,0
"Darrell V. McGraw, Jr.",Attorney General,,DEM,Jefferson,Precinct 24,40,6,34
Herb Snyder,State Senate,16,DEM,Jefferson,Precinct 24,37,6,31
"Richard ""Rick"" Shuman II",House of Delegates,65,DEM,Jefferson,Precinct 24,6,1,5
Tiffany Lawrence,House of Delegates,65,DEM,Jefferson,Precinct 24,39,5,34
Ron Paul,President,,REP,Jefferson,Precinct 24,9,4,5
Newt Gingrich,President,,REP,Jefferson,Precinct 24,1,1,0
Mitt Romney,President,,REP,Jefferson,Precinct 24,32,9,23
Rick Santorum,President,,REP,Jefferson,Precinct 24,5,1,4
"Charles ""Buddy"" Roemer",President,,REP,Jefferson,Precinct 24,0,0,0
John R. Raese,U.S. Senate,,REP,Jefferson,Precinct 24,38,12,26
Michael Davis,U.S. House,2,REP,Jefferson,Precinct 24,5,3,2
Shelley Moore Capito,U.S. House,2,REP,Jefferson,Precinct 24,24,9,15
Jonathan Miller,U.S. House,2,REP,Jefferson,Precinct 24,16,3,13
Ralph William Clark,Governor,,REP,Jefferson,Precinct 24,13,2,11
Bill Maloney,Governor,,REP,Jefferson,Precinct 24,30,13,17
Brian Savilla,Secretary of State,,REP,Jefferson,Precinct 24,35,11,24
Larry V. Faircloth,Auditor,,REP,Jefferson,Precinct 24,37,13,24
"Stephen R. ""Steve"" Connolly",Treasurer,,REP,Jefferson,Precinct 24,30,13,17
Mike Hall,Treasurer,,REP,Jefferson,Precinct 24,11,2,9
Patrick Morrisey,Attorney General,,REP,Jefferson,Precinct 24,39,13,26
Jim Ruland,State Senate,16,REP,Jefferson,Precinct 24,35,12,23
Jill Upson,House of Delegates,65,REP,Jefferson,Precinct 24,39,14,25
Keith Judd,President,,DEM,Jefferson,Precinct 25A,36,10,26
Barack Obama,President,,DEM,Jefferson,Precinct 25A,39,8,31
Sheirl Fletcher,U.S. Senate,,DEM,Jefferson,Precinct 25A,20,6,14
Joe Manchin III,U.S. Senate,,DEM,Jefferson,Precinct 25A,65,16,49
Dugald Brown,U.S. House,2,DEM,Jefferson,Precinct 25A,7,2,5
William McCann,U.S. House,2,DEM,Jefferson,Precinct 25A,62,14,48
Howard Swint,U.S. House,2,DEM,Jefferson,Precinct 25A,3,1,2
Earl Ray Tomblin,Governor,,DEM,Jefferson,Precinct 25A,64,13,51
Arne Moltis,Governor,,DEM,Jefferson,Precinct 25A,20,8,12
Natalie E. Tennant,Secretary of State,,DEM,Jefferson,Precinct 25A,65,15,50
Glen B. Gainer III,Auditor,,DEM,Jefferson,Precinct 25A,60,15,45
John D. Perdue,Treasurer,,DEM,Jefferson,Precinct 25A,64,14,50
Steve Miller,Commissioner of Agriculture,,DEM,Jefferson,Precinct 25A,6,3,3
Bobb Tabb,Commissioner of Agriculture,,DEM,Jefferson,Precinct 25A,75,18,57
Joe Messineo,Commissioner of Agriculture,,DEM,Jefferson,Precinct 25A,0,0,0
Sally Shepherd,Commissioner of Agriculture,,DEM,Jefferson,Precinct 25A,6,1,5
Walt Helmick,Commissioner of Agriculture,,DEM,Jefferson,Precinct 25A,0,0,0
"Darrell V. McGraw, Jr.",Attorney General,,DEM,Jefferson,Precinct 25A,62,14,48
Herb Snyder,State Senate,16,DEM,Jefferson,Precinct 25A,68,17,51
John Reese Maxey,House of Delegates,66,DEM,Jefferson,Precinct 25A,62,16,46
Ron Paul,President,,REP,Jefferson,Precinct 25A,8,3,5
Newt Gingrich,President,,REP,Jefferson,Precinct 25A,9,2,7
Mitt Romney,President,,REP,Jefferson,Precinct 25A,68,12,56
Rick Santorum,President,,REP,Jefferson,Precinct 25A,9,1,8
"Charles ""Buddy"" Roemer",President,,REP,Jefferson,Precinct 25A,0,0,0
John R. Raese,U.S. Senate,,REP,Jefferson,Precinct 25A,83,16,67
Michael Davis,U.S. House,2,REP,Jefferson,Precinct 25A,2,0,2
Shelley Moore Capito,U.S. House,2,REP,Jefferson,Precinct 25A,65,13,52
Jonathan Miller,U.S. House,2,REP,Jefferson,Precinct 25A,27,7,20
Ralph William Clark,Governor,,REP,Jefferson,Precinct 25A,19,5,14
Bill Maloney,Governor,,REP,Jefferson,Precinct 25A,65,12,53
Brian Savilla,Secretary of State,,REP,Jefferson,Precinct 25A,72,13,59
Larry V. Faircloth,Auditor,,REP,Jefferson,Precinct 25A,76,14,62
"Stephen R. ""Steve"" Connolly",Treasurer,,REP,Jefferson,Precinct 25A,42,8,34
Mike Hall,Treasurer,,REP,Jefferson,Precinct 25A,32,5,27
Patrick Morrisey,Attorney General,,REP,Jefferson,Precinct 25A,82,16,66
Jim Ruland,State Senate,16,REP,Jefferson,Precinct 25A,82,16,66
Paul Espinosa,House of Delegates,66,REP,Jefferson,Precinct 25A,84,17,67
Keith Judd,President,,DEM,Jefferson,Precinct 25B,26,5,21
Barack Obama,President,,DEM,Jefferson,Precinct 25B,51,9,42
Sheirl Fletcher,U.S. Senate,,DEM,Jefferson,Precinct 25B,23,2,21
Joe Manchin III,U.S. Senate,,DEM,Jefferson,Precinct 25B,74,21,53
Dugald Brown,U.S. House,2,DEM,Jefferson,Precinct 25B,7,1,6
William McCann,U.S. House,2,DEM,Jefferson,Precinct 25B,75,20,55
Howard Swint,U.S. House,2,DEM,Jefferson,Precinct 25B,2,0,2
Earl Ray Tomblin,Governor,,DEM,Jefferson,Precinct 25B,79,21,58
Arne Moltis,Governor,,DEM,Jefferson,Precinct 25B,15,2,13
Natalie E. Tennant,Secretary of State,,DEM,Jefferson,Precinct 25B,85,19,66
Glen B. Gainer III,Auditor,,DEM,Jefferson,Precinct 25B,77,16,61
John D. Perdue,Treasurer,,DEM,Jefferson,Precinct 25B,83,19,64
Steve Miller,Commissioner of Agriculture,,DEM,Jefferson,Precinct 25B,2,2,0
Bobb Tabb,Commissioner of Agriculture,,DEM,Jefferson,Precinct 25B,92,18,74
Joe Messineo,Commissioner of Agriculture,,DEM,Jefferson,Precinct 25B,0,0,0
Sally Shepherd,Commissioner of Agriculture,,DEM,Jefferson,Precinct 25B,5,3,2
Walt Helmick,Commissioner of Agriculture,,DEM,Jefferson,Precinct 25B,0,0,0
"Darrell V. McGraw, Jr.",Attorney General,,DEM,Jefferson,Precinct 25B,81,20,61
Herb Snyder,State Senate,16,DEM,Jefferson,Precinct 25B,88,22,66
John Reese Maxey,House of Delegates,66,DEM,Jefferson,Precinct 25B,74,20,54
Ron Paul,President,,REP,Jefferson,Precinct 25B,13,3,10
Newt Gingrich,President,,REP,Jefferson,Precinct 25B,0,0,0
Mitt Romney,President,,REP,Jefferson,Precinct 25B,38,10,28
Rick Santorum,President,,REP,Jefferson,Precinct 25B,5,1,4
"Charles ""Buddy"" Roemer",President,,REP,Jefferson,Precinct 25B,0,0,0
John R. Raese,U.S. Senate,,REP,Jefferson,Precinct 25B,48,11,37
Michael Davis,U.S. House,2,REP,Jefferson,Precinct 25B,2,1,1
Shelley Moore Capito,U.S. House,2,REP,Jefferson,Precinct 25B,27,9,18
Jonathan Miller,U.S. House,2,REP,Jefferson,Precinct 25B,24,2,22
Ralph William Clark,Governor,,REP,Jefferson,Precinct 25B,13,1,12
Bill Maloney,Governor,,REP,Jefferson,Precinct 25B,36,10,26
Brian Savilla,Secretary of State,,REP,Jefferson,Precinct 25B,41,8,33
Larry V. Faircloth,Auditor,,REP,Jefferson,Precinct 25B,44,8,36
"Stephen R. ""Steve"" Connolly",Treasurer,,REP,Jefferson,Precinct 25B,25,4,21
Mike Hall,Treasurer,,REP,Jefferson,Precinct 25B,18,4,14
Patrick Morrisey,Attorney General,,REP,Jefferson,Precinct 25B,48,11,37
Jim Ruland,State Senate,16,REP,Jefferson,Precinct 25B,45,9,36
Paul Espinosa,House of Delegates,66,REP,Jefferson,Precinct 25B,43,9,34
Keith Judd,President,,DEM,Jefferson,Precinct 26,59,13,46
Barack Obama,President,,DEM,Jefferson,Precinct 26,95,25,70
Sheirl Fletcher,U.S. Senate,,DEM,Jefferson,Precinct 26,35,8,27
Joe Manchin III,U.S. Senate,,DEM,Jefferson,Precinct 26,142,30,112
Dugald Brown,U.S. House,2,DEM,Jefferson,Precinct 26,16,9,7
William McCann,U.S. House,2,DEM,Jefferson,Precinct 26,138,28,110
Howard Swint,U.S. House,2,DEM,Jefferson,Precinct 26,5,1,4
Earl Ray Tomblin,Governor,,DEM,Jefferson,Precinct 26,138,31,107
Arne Moltis,Governor,,DEM,Jefferson,Precinct 26,31,7,24
Natalie E. Tennant,Secretary of State,,DEM,Jefferson,Precinct 26,134,33,101
Glen B. Gainer III,Auditor,,DEM,Jefferson,Precinct 26,132,31,101
John D. Perdue,Treasurer,,DEM,Jefferson,Precinct 26,139,33,106
Steve Miller,Commissioner of Agriculture,,DEM,Jefferson,Precinct 26,14,4,10
Bobb Tabb,Commissioner of Agriculture,,DEM,Jefferson,Precinct 26,161,37,124
Joe Messineo,Commissioner of Agriculture,,DEM,Jefferson,Precinct 26,0,0,0
Sally Shepherd,Commissioner of Agriculture,,DEM,Jefferson,Precinct 26,4,0,4
Walt Helmick,Commissioner of Agriculture,,DEM,Jefferson,Precinct 26,6,0,6
"Darrell V. McGraw, Jr.",Attorney General,,DEM,Jefferson,Precinct 26,132,33,99
Herb Snyder,State Senate,16,DEM,Jefferson,Precinct 26,158,36,122
John Reese Maxey,House of Delegates,66,DEM,Jefferson,Precinct 26,135,29,106
Ron Paul,President,,REP,Jefferson,Precinct 26,22,8,14
Newt Gingrich,President,,REP,Jefferson,Precinct 26,10,3,7
Mitt Romney,President,,REP,Jefferson,Precinct 26,95,19,76
Rick Santorum,President,,REP,Jefferson,Precinct 26,17,4,13
"Charles ""Buddy"" Roemer",President,,REP,Jefferson,Precinct 26,2,0,2
John R. Raese,U.S. Senate,,REP,Jefferson,Precinct 26,115,23,92
Michael Davis,U.S. House,2,REP,Jefferson,Precinct 26,3,1,2
Shelley Moore Capito,U.S. House,2,REP,Jefferson,Precinct 26,90,19,71
Jonathan Miller,U.S. House,2,REP,Jefferson,Precinct 26,48,11,37
Ralph William Clark,Governor,,REP,Jefferson,Precinct 26,27,2,25
Bill Maloney,Governor,,REP,Jefferson,Precinct 26,99,26,73
Brian Savilla,Secretary of State,,REP,Jefferson,Precinct 26,94,18,76
Larry V. Faircloth,Auditor,,REP,Jefferson,Precinct 26,110,21,89
"Stephen R. ""Steve"" Connolly",Treasurer,,REP,Jefferson,Precinct 26,65,10,55
Mike Hall,Treasurer,,REP,Jefferson,Precinct 26,33,12,21
Patrick Morrisey,Attorney General,,REP,Jefferson,Precinct 26,113,23,90
Jim Ruland,State Senate,16,REP,Jefferson,Precinct 26,110,26,84
Paul Espinosa,House of Delegates,66,REP,Jefferson,Precinct 26,119,29,90
Keith Judd,President,,DEM,Jefferson,Precinct 27,19,0,19
Barack Obama,President,,DEM,Jefferson,Precinct 27,62,13,49
Sheirl Fletcher,U.S. Senate,,DEM,Jefferson,Precinct 27,20,3,17
Joe Manchin III,U.S. Senate,,DEM,Jefferson,Precinct 27,72,14,58
Dugald Brown,U.S. House,2,DEM,Jefferson,Precinct 27,7,2,5
William McCann,U.S. House,2,DEM,Jefferson,Precinct 27,75,12,63
Howard Swint,U.S. House,2,DEM,Jefferson,Precinct 27,1,0,1
Earl Ray Tomblin,Governor,,DEM,Jefferson,Precinct 27,74,13,61
Arne Moltis,Governor,,DEM,Jefferson,Precinct 27,17,3,14
Natalie E. Tennant,Secretary of State,,DEM,Jefferson,Precinct 27,76,12,64
Glen B. Gainer III,Auditor,,DEM,Jefferson,Precinct 27,72,12,60
John D. Perdue,Treasurer,,DEM,Jefferson,Precinct 27,74,13,61
Steve Miller,Commissioner of Agriculture,,DEM,Jefferson,Precinct 27,5,0,5
Bobb Tabb,Commissioner of Agriculture,,DEM,Jefferson,Precinct 27,81,14,67
Joe Messineo,Commissioner of Agriculture,,DEM,Jefferson,Precinct 27,1,0,1
Sally Shepherd,Commissioner of Agriculture,,DEM,Jefferson,Precinct 27,4,1,3
Walt Helmick,Commissioner of Agriculture,,DEM,Jefferson,Precinct 27,1,1,0
"Darrell V. McGraw, Jr.",Attorney General,,DEM,Jefferson,Precinct 27,73,11,62
Herb Snyder,State Senate,16,DEM,Jefferson,Precinct 27,82,15,67
John Reese Maxey,House of Delegates,66,DEM,Jefferson,Precinct 27,76,13,63
Ron Paul,President,,REP,Jefferson,Precinct 27,8,0,8
Newt Gingrich,President,,REP,Jefferson,Precinct 27,1,0,1
Mitt Romney,President,,REP,Jefferson,Precinct 27,54,8,46
Rick Santorum,President,,REP,Jefferson,Precinct 27,12,2,10
"Charles ""Buddy"" Roemer",President,,REP,Jefferson,Precinct 27,0,0,0
John R. Raese,U.S. Senate,,REP,Jefferson,Precinct 27,68,9,59
Michael Davis,U.S. House,2,REP,Jefferson,Precinct 27,1,0,1
Shelley Moore Capito,U.S. House,2,REP,Jefferson,Precinct 27,44,6,38
Jonathan Miller,U.S. House,2,REP,Jefferson,Precinct 27,28,4,24
Ralph William Clark,Governor,,REP,Jefferson,Precinct 27,13,3,10
Bill Maloney,Governor,,REP,Jefferson,Precinct 27,54,5,49
Brian Savilla,Secretary of State,,REP,Jefferson,Precinct 27,60,8,52
Larry V. Faircloth,Auditor,,REP,Jefferson,Precinct 27,63,8,55
"Stephen R. ""Steve"" Connolly",Treasurer,,REP,Jefferson,Precinct 27,32,3,29
Mike Hall,Treasurer,,REP,Jefferson,Precinct 27,29,5,24
Patrick Morrisey,Attorney General,,REP,Jefferson,Precinct 27,64,8,56
Jim Ruland,State Senate,16,REP,Jefferson,Precinct 27,62,8,54
Paul Espinosa,House of Delegates,66,REP,Jefferson,Precinct 27,63,8,55
Keith Judd,President,,DEM,Jefferson,Precinct 28,30,7,23
Barack Obama,President,,DEM,Jefferson,Precinct 28,72,14,58
Sheirl Fletcher,U.S. Senate,,DEM,Jefferson,Precinct 28,23,3,20
Joe Manchin III,U.S. Senate,,DEM,Jefferson,Precinct 28,93,19,74
Dugald Brown,U.S. House,2,DEM,Jefferson,Precinct 28,8,2,6
William McCann,U.S. House,2,DEM,Jefferson,Precinct 28,98,17,81
Howard Swint,U.S. House,2,DEM,Jefferson,Precinct 28,5,1,4
Earl Ray Tomblin,Governor,,DEM,Jefferson,Precinct 28,104,19,85
Arne Moltis,Governor,,DEM,Jefferson,Precinct 28,10,1,9
Natalie E. Tennant,Secretary of State,,DEM,Jefferson,Precinct 28,110,22,88
Glen B. Gainer III,Auditor,,DEM,Jefferson,Precinct 28,101,20,81
John D. Perdue,Treasurer,,DEM,Jefferson,Precinct 28,101,19,82
Steve Miller,Commissioner of Agriculture,,DEM,Jefferson,Precinct 28,1,0,1
Bobb Tabb,Commissioner of Agriculture,,DEM,Jefferson,Precinct 28,112,22,90
Joe Messineo,Commissioner of Agriculture,,DEM,Jefferson,Precinct 28,0,0,0
Sally Shepherd,Commissioner of Agriculture,,DEM,Jefferson,Precinct 28,4,0,4
Walt Helmick,Commissioner of Agriculture,,DEM,Jefferson,Precinct 28,0,0,0
"Darrell V. McGraw, Jr.",Attorney General,,DEM,Jefferson,Precinct 28,104,20,84
Herb Snyder,State Senate,16,DEM,Jefferson,Precinct 28,110,19,91
"Richard ""Rick"" Shuman II",House of Delegates,65,DEM,Jefferson,Precinct 28,26,6,20
Tiffany Lawrence,House of Delegates,65,DEM,Jefferson,Precinct 28,88,16,72
Ron Paul,President,,REP,Jefferson,Precinct 28,12,4,8
Newt Gingrich,President,,REP,Jefferson,Precinct 28,2,0,2
Mitt Romney,President,,REP,Jefferson,Precinct 28,45,8,37
Rick Santorum,President,,REP,Jefferson,Precinct 28,6,1,5
"Charles ""Buddy"" Roemer",President,,REP,Jefferson,Precinct 28,0,0,0
John R. Raese,U.S. Senate,,REP,Jefferson,Precinct 28,52,9,43
Michael Davis,U.S. House,2,REP,Jefferson,Precinct 28,3,1,2
Shelley Moore Capito,U.S. House,2,REP,Jefferson,Precinct 28,49,8,41
Jonathan Miller,U.S. House,2,REP,Jefferson,Precinct 28,14,5,9
Ralph William Clark,Governor,,REP,Jefferson,Precinct 28,8,2,6
Bill Maloney,Governor,,REP,Jefferson,Precinct 28,51,8,43
Brian Savilla,Secretary of State,,REP,Jefferson,Precinct 28,50,9,41
Larry V. Faircloth,Auditor,,REP,Jefferson,Precinct 28,53,9,44
"Stephen R. ""Steve"" Connolly",Treasurer,,REP,Jefferson,Precinct 28,31,6,25
Mike Hall,Treasurer,,REP,Jefferson,Precinct 28,19,4,15
Patrick Morrisey,Attorney General,,REP,Jefferson,Precinct 28,56,10,46
Jim Ruland,State Senate,16,REP,Jefferson,Precinct 28,52,10,42
Jill Upson,House of Delegates,65,REP,Jefferson,Precinct 28,53,11,42
Keith Judd,President,,DEM,Jefferson,Precinct 29,15,2,13
Barack Obama,President,,DEM,Jefferson,Precinct 29,50,14,36
Sheirl Fletcher,U.S. Senate,,DEM,Jefferson,Precinct 29,14,2,12
Joe Manchin III,U.S. Senate,,DEM,Jefferson,Precinct 29,57,17,40
Dugald Brown,U.S. House,2,DEM,Jefferson,Precinct 29,14,4,10
William McCann,U.S. House,2,DEM,Jefferson,Precinct 29,46,7,39
Howard Swint,U.S. House,2,DEM,Jefferson,Precinct 29,5,4,1
Earl Ray Tomblin,Governor,,DEM,Jefferson,Precinct 29,60,17,43
Arne Moltis,Governor,,DEM,Jefferson,Precinct 29,10,2,8
Natalie E. Tennant,Secretary of State,,DEM,Jefferson,Precinct 29,56,17,39
Glen B. Gainer III,Auditor,,DEM,Jefferson,Precinct 29,51,16,35
John D. Perdue,Treasurer,,DEM,Jefferson,Precinct 29,51,16,35
Steve Miller,Commissioner of Agriculture,,DEM,Jefferson,Precinct 29,2,0,2
Bobb Tabb,Commissioner of Agriculture,,DEM,Jefferson,Precinct 29,65,16,49
Joe Messineo,Commissioner of Agriculture,,DEM,Jefferson,Precinct 29,0,0,0
Sally Shepherd,Commissioner of Agriculture,,DEM,Jefferson,Precinct 29,4,2,2
Walt Helmick,Commissioner of Agriculture,,DEM,Jefferson,Precinct 29,1,1,0
"Darrell V. McGraw, Jr.",Attorney General,,DEM,Jefferson,Precinct 29,52,16,36
Herb Snyder,State Senate,16,DEM,Jefferson,Precinct 29,58,17,41
John Reese Maxey,House of Delegates,66,DEM,Jefferson,Precinct 29,45,12,33
Ron Paul,President,,REP,Jefferson,Precinct 29,6,0,6
Newt Gingrich,President,,REP,Jefferson,Precinct 29,0,0,0
Mitt Romney,President,,REP,Jefferson,Precinct 29,36,6,30
Rick Santorum,President,,REP,Jefferson,Precinct 29,6,1,5
"Charles ""Buddy"" Roemer",President,,REP,Jefferson,Precinct 29,1,0,1
John R. Raese,U.S. Senate,,REP,Jefferson,Precinct 29,38,3,35
Michael Davis,U.S. House,2,REP,Jefferson,Precinct 29,1,0,1
Shelley Moore Capito,U.S. House,2,REP,Jefferson,Precinct 29,35,5,30
Jonathan Miller,U.S. House,2,REP,Jefferson,Precinct 29,13,1,12
Ralph William Clark,Governor,,REP,Jefferson,Precinct 29,7,1,6
Bill Maloney,Governor,,REP,Jefferson,Precinct 29,38,4,34
Brian Savilla,Secretary of State,,REP,Jefferson,Precinct 29,33,3,30
Larry V. Faircloth,Auditor,,REP,Jefferson,Precinct 29,37,4,33
"Stephen R. ""Steve"" Connolly",Treasurer,,REP,Jefferson,Precinct 29,19,2,17
Mike Hall,Treasurer,,REP,Jefferson,Precinct 29,16,2,14
Patrick Morrisey,Attorney General,,REP,Jefferson,Precinct 29,39,5,34
Jim Ruland,State Senate,16,REP,Jefferson,Precinct 29,39,5,34
Paul Espinosa,House of Delegates,66,REP,Jefferson,Precinct 29,39,5,34
Keith Judd,President,,DEM,Jefferson,Precinct 31,24,2,22
Barack Obama,President,,DEM,Jefferson,Precinct 31,139,22,117
Sheirl Fletcher,U.S. Senate,,DEM,Jefferson,Precinct 31,52,7,45
Joe Manchin III,U.S. Senate,,DEM,Jefferson,Precinct 31,113,17,96
Dugald Brown,U.S. House,2,DEM,Jefferson,Precinct 31,15,4,11
William McCann,U.S. House,2,DEM,Jefferson,Precinct 31,122,17,105
Howard Swint,U.S. House,2,DEM,Jefferson,Precinct 31,15,1,14
Earl Ray Tomblin,Governor,,DEM,Jefferson,Precinct 31,133,23,110
Arne Moltis,Governor,,DEM,Jefferson,Precinct 31,27,1,26
Natalie E. Tennant,Secretary of State,,DEM,Jefferson,Precinct 31,143,25,118
Glen B. Gainer III,Auditor,,DEM,Jefferson,Precinct 31,134,21,113
John D. Perdue,Treasurer,,DEM,Jefferson,Precinct 31,136,23,113
Steve Miller,Commissioner of Agriculture,,DEM,Jefferson,Precinct 31,6,1,5
Bobb Tabb,Commissioner of Agriculture,,DEM,Jefferson,Precinct 31,142,23,119
Joe Messineo,Commissioner of Agriculture,,DEM,Jefferson,Precinct 31,0,0,0
Sally Shepherd,Commissioner of Agriculture,,DEM,Jefferson,Precinct 31,15,2,13
Walt Helmick,Commissioner of Agriculture,,DEM,Jefferson,Precinct 31,6,0,6
"Darrell V. McGraw, Jr.",Attorney General,,DEM,Jefferson,Precinct 31,135,23,112
Herb Snyder,State Senate,16,DEM,Jefferson,Precinct 31,153,24,129
Stephen Skinner,House of Delegates,67,DEM,Jefferson,Precinct 31,149,24,125
Ron Paul,President,,REP,Jefferson,Precinct 31,21,2,19
Newt Gingrich,President,,REP,Jefferson,Precinct 31,3,0,3
Mitt Romney,President,,REP,Jefferson,Precinct 31,80,20,60
Rick Santorum,President,,REP,Jefferson,Precinct 31,12,0,12
"Charles ""Buddy"" Roemer",President,,REP,Jefferson,Precinct 31,1,0,1
John R. Raese,U.S. Senate,,REP,Jefferson,Precinct 31,95,16,79
Michael Davis,U.S. House,2,REP,Jefferson,Precinct 31,4,1,3
Shelley Moore Capito,U.S. House,2,REP,Jefferson,Precinct 31,84,16,68
Jonathan Miller,U.S. House,2,REP,Jefferson,Precinct 31,25,4,21
Ralph William Clark,Governor,,REP,Jefferson,Precinct 31,17,3,14
Bill Maloney,Governor,,REP,Jefferson,Precinct 31,84,16,68
Brian Savilla,Secretary of State,,REP,Jefferson,Precinct 31,81,14,67
Larry V. Faircloth,Auditor,,REP,Jefferson,Precinct 31,88,16,72
"Stephen R. ""Steve"" Connolly",Treasurer,,REP,Jefferson,Precinct 31,47,11,36
Mike Hall,Treasurer,,REP,Jefferson,Precinct 31,34,4,30
Patrick Morrisey,Attorney General,,REP,Jefferson,Precinct 31,92,17,75
Jim Ruland,State Senate,16,REP,Jefferson,Precinct 31,88,17,71
Elliot Simon,House of Delegates,67,REP,Jefferson,Precinct 31,71,12,59
W. Matthew Harris,House of Delegates,67,REP,Jefferson,Precinct 31,27,8,19
Keith Judd,President,,DEM,Jefferson,Precinct 32,42,4,38
Barack Obama,President,,DEM,Jefferson,Precinct 32,116,19,97
Sheirl Fletcher,U.S. Senate,,DEM,Jefferson,Precinct 32,48,8,40
Joe Manchin III,U.S. Senate,,DEM,Jefferson,Precinct 32,111,17,94
Dugald Brown,U.S. House,2,DEM,Jefferson,Precinct 32,9,3,6
William McCann,U.S. House,2,DEM,Jefferson,Precinct 32,137,19,118
Howard Swint,U.S. House,2,DEM,Jefferson,Precinct 32,7,1,6
Earl Ray Tomblin,Governor,,DEM,Jefferson,Precinct 32,133,21,112
Arne Moltis,Governor,,DEM,Jefferson,Precinct 32,25,4,21
Natalie E. Tennant,Secretary of State,,DEM,Jefferson,Precinct 32,128,20,108
Glen B. Gainer III,Auditor,,DEM,Jefferson,Precinct 32,124,19,105
John D. Perdue,Treasurer,,DEM,Jefferson,Precinct 32,123,19,104
Steve Miller,Commissioner of Agriculture,,DEM,Jefferson,Precinct 32,10,2,8
Bobb Tabb,Commissioner of Agriculture,,DEM,Jefferson,Precinct 32,138,21,117
Joe Messineo,Commissioner of Agriculture,,DEM,Jefferson,Precinct 32,2,0,2
Sally Shepherd,Commissioner of Agriculture,,DEM,Jefferson,Precinct 32,6,1,5
Walt Helmick,Commissioner of Agriculture,,DEM,Jefferson,Precinct 32,3,1,2
"Darrell V. McGraw, Jr.",Attorney General,,DEM,Jefferson,Precinct 32,122,19,103
Herb Snyder,State Senate,16,DEM,Jefferson,Precinct 32,140,21,119
Stephen Skinner,House of Delegates,67,DEM,Jefferson,Precinct 32,133,19,144
Ron Paul,President,,REP,Jefferson,Precinct 32,17,1,16
Newt Gingrich,President,,REP,Jefferson,Precinct 32,8,2,6
Mitt Romney,President,,REP,Jefferson,Precinct 32,105,18,87
Rick Santorum,President,,REP,Jefferson,Precinct 32,18,1,17
"Charles ""Buddy"" Roemer",President,,REP,Jefferson,Precinct 32,1,0,1
John R. Raese,U.S. Senate,,REP,Jefferson,Precinct 32,117,17,100
Michael Davis,U.S. House,2,REP,Jefferson,Precinct 32,2,0,2
Shelley Moore Capito,U.S. House,2,REP,Jefferson,Precinct 32,107,21,86
Jonathan Miller,U.S. House,2,REP,Jefferson,Precinct 32,33,1,32
Ralph William Clark,Governor,,REP,Jefferson,Precinct 32,22,1,21
Bill Maloney,Governor,,REP,Jefferson,Precinct 32,103,19,84
Brian Savilla,Secretary of State,,REP,Jefferson,Precinct 32,99,17,82
Larry V. Faircloth,Auditor,,REP,Jefferson,Precinct 32,106,17,89
"Stephen R. ""Steve"" Connolly",Treasurer,,REP,Jefferson,Precinct 32,58,12,46
Mike Hall,Treasurer,,REP,Jefferson,Precinct 32,37,5,32
Patrick Morrisey,Attorney General,,REP,Jefferson,Precinct 32,112,19,93
Jim Ruland,State Senate,16,REP,Jefferson,Precinct 32,117,19,98
Elliot Simon,House of Delegates,67,REP,Jefferson,Precinct 32,73,17,56
W. Matthew Harris,House of Delegates,67,REP,Jefferson,Precinct 32,46,3,43
Keith Judd,President,,DEM,Jefferson,Precinct 33,6,2,4
Barack Obama,President,,DEM,Jefferson,Precinct 33,116,9,107
Sheirl Fletcher,U.S. Senate,,DEM,Jefferson,Precinct 33,31,2,29
Joe Manchin III,U.S. Senate,,DEM,Jefferson,Precinct 33,79,8,71
Dugald Brown,U.S. House,2,DEM,Jefferson,Precinct 33,10,2,8
William McCann,U.S. House,2,DEM,Jefferson,Precinct 33,77,8,69
Howard Swint,U.S. House,2,DEM,Jefferson,Precinct 33,5,1,4
Earl Ray Tomblin,Governor,,DEM,Jefferson,Precinct 33,89,10,79
Arne Moltis,Governor,,DEM,Jefferson,Precinct 33,20,1,19
Natalie E. Tennant,Secretary of State,,DEM,Jefferson,Precinct 33,103,11,92
Glen B. Gainer III,Auditor,,DEM,Jefferson,Precinct 33,92,10,82
John D. Perdue,Treasurer,,DEM,Jefferson,Precinct 33,95,11,84
Steve Miller,Commissioner of Agriculture,,DEM,Jefferson,Precinct 33,5,0,5
Bobb Tabb,Commissioner of Agriculture,,DEM,Jefferson,Precinct 33,88,10,78
Joe Messineo,Commissioner of Agriculture,,DEM,Jefferson,Precinct 33,0,0,0
Sally Shepherd,Commissioner of Agriculture,,DEM,Jefferson,Precinct 33,13,1,12
Walt Helmick,Commissioner of Agriculture,,DEM,Jefferson,Precinct 33,1,0,1
"Darrell V. McGraw, Jr.",Attorney General,,DEM,Jefferson,Precinct 33,89,10,79
Herb Snyder,State Senate,16,DEM,Jefferson,Precinct 33,102,12,90
Stephen Skinner,House of Delegates,67,DEM,Jefferson,Precinct 33,102,9,93
Ron Paul,President,,REP,Jefferson,Precinct 33,3,0,3
Newt Gingrich,President,,REP,Jefferson,Precinct 33,1,1,0
Mitt Romney,President,,REP,Jefferson,Precinct 33,14,2,12
Rick Santorum,President,,REP,Jefferson,Precinct 33,0,0,0
"Charles ""Buddy"" Roemer",President,,REP,Jefferson,Precinct 33,0,0,0
John R. Raese,U.S. Senate,,REP,Jefferson,Precinct 33,14,3,11
Michael Davis,U.S. House,2,REP,Jefferson,Precinct 33,1,0,1
Shelley Moore Capito,U.S. House,2,REP,Jefferson,Precinct 33,15,3,12
Jonathan Miller,U.S. House,2,REP,Jefferson,Precinct 33,2,0,2
Ralph William Clark,Governor,,REP,Jefferson,Precinct 33,3,0,3
Bill Maloney,Governor,,REP,Jefferson,Precinct 33,12,3,9
Brian Savilla,Secretary of State,,REP,Jefferson,Precinct 33,13,3,10
Larry V. Faircloth,Auditor,,REP,Jefferson,Precinct 33,12,3,9
"Stephen R. ""Steve"" Connolly",Treasurer,,REP,Jefferson,Precinct 33,7,0,7
Mike Hall,Treasurer,,REP,Jefferson,Precinct 33,6,3,3
Patrick Morrisey,Attorney General,,REP,Jefferson,Precinct 33,13,3,10
Jim Ruland,State Senate,16,REP,Jefferson,Precinct 33,15,3,12
Elliot Simon,House of Delegates,67,REP,Jefferson,Precinct 33,9,3,6
W. Matthew Harris,House of Delegates,67,REP,Jefferson,Precinct 33,5,0,5
Keith Judd,President,,DEM,Jefferson,Precinct 34,37,8,29
Barack Obama,President,,DEM,Jefferson,Precinct 34,175,28,147
Sheirl Fletcher,U.S. Senate,,DEM,Jefferson,Precinct 34,65,10,55
Joe Manchin III,U.S. Senate,,DEM,Jefferson,Precinct 34,156,27,129
Dugald Brown,U.S. House,2,DEM,Jefferson,Precinct 34,23,4,19
William McCann,U.S. House,2,DEM,Jefferson,Precinct 34,157,25,132
Howard Swint,U.S. House,2,DEM,Jefferson,Precinct 34,18,3,15
Earl Ray Tomblin,Governor,,DEM,Jefferson,Precinct 34,171,27,144
Arne Moltis,Governor,,DEM,Jefferson,Precinct 34,44,8,36
Natalie E. Tennant,Secretary of State,,DEM,Jefferson,Precinct 34,203,33,170
Glen B. Gainer III,Auditor,,DEM,Jefferson,Precinct 34,180,28,152
John D. Perdue,Treasurer,,DEM,Jefferson,Precinct 34,185,27,158
Steve Miller,Commissioner of Agriculture,,DEM,Jefferson,Precinct 34,8,2,6
Bobb Tabb,Commissioner of Agriculture,,DEM,Jefferson,Precinct 34,188,28,160
Joe Messineo,Commissioner of Agriculture,,DEM,Jefferson,Precinct 34,1,0,1
Sally Shepherd,Commissioner of Agriculture,,DEM,Jefferson,Precinct 34,11,1,10
Walt Helmick,Commissioner of Agriculture,,DEM,Jefferson,Precinct 34,3,0,3
"Darrell V. McGraw, Jr.",Attorney General,,DEM,Jefferson,Precinct 34,185,30,155
Herb Snyder,State Senate,16,DEM,Jefferson,Precinct 34,200,32,168
Stephen Skinner,House of Delegates,67,DEM,Jefferson,Precinct 34,193,31,162
Ron Paul,President,,REP,Jefferson,Precinct 34,18,2,16
Newt Gingrich,President,,REP,Jefferson,Precinct 34,7,3,4
Mitt Romney,President,,REP,Jefferson,Precinct 34,89,15,74
Rick Santorum,President,,REP,Jefferson,Precinct 34,14,2,12
"Charles ""Buddy"" Roemer",President,,REP,Jefferson,Precinct 34,0,0,0
John R. Raese,U.S. Senate,,REP,Jefferson,Precinct 34,112,17,95
Michael Davis,U.S. House,2,REP,Jefferson,Precinct 34,2,1,1
Shelley Moore Capito,U.S. House,2,REP,Jefferson,Precinct 34,98,19,79
Jonathan Miller,U.S. House,2,REP,Jefferson,Precinct 34,22,2,20
Ralph William Clark,Governor,,REP,Jefferson,Precinct 34,27,6,21
Bill Maloney,Governor,,REP,Jefferson,Precinct 34,86,16,70
Brian Savilla,Secretary of State,,REP,Jefferson,Precinct 34,88,17,71
Larry V. Faircloth,Auditor,,REP,Jefferson,Precinct 34,96,18,78
"Stephen R. ""Steve"" Connolly",Treasurer,,REP,Jefferson,Precinct 34,55,9,46
Mike Hall,Treasurer,,REP,Jefferson,Precinct 34,26,6,20
Patrick Morrisey,Attorney General,,REP,Jefferson,Precinct 34,100,19,81
Jim Ruland,State Senate,16,REP,Jefferson,Precinct 34,102,20,82
Elliot Simon,House of Delegates,67,REP,Jefferson,Precinct 34,71,16,55
W. Matthew Harris,House of Delegates,67,REP,Jefferson,Precinct 34,24,5,19
Keith Judd,President,,DEM,Jefferson,Precinct 35A,15,2,13
Barack Obama,President,,DEM,Jefferson,Precinct 35A,130,14,116
Sheirl Fletcher,U.S. Senate,,DEM,Jefferson,Precinct 35A,44,4,40
Joe Manchin III,U.S. Senate,,DEM,Jefferson,Precinct 35A,104,11,93
Dugald Brown,U.S. House,2,DEM,Jefferson,Precinct 35A,10,1,9
William McCann,U.S. House,2,DEM,Jefferson,Precinct 35A,96,10,86
Howard Swint,U.S. House,2,DEM,Jefferson,Precinct 35A,16,2,14
Earl Ray Tomblin,Governor,,DEM,Jefferson,Precinct 35A,113,12,101
Arne Moltis,Governor,,DEM,Jefferson,Precinct 35A,25,4,21
Natalie E. Tennant,Secretary of State,,DEM,Jefferson,Precinct 35A,132,12,120
Glen B. Gainer III,Auditor,,DEM,Jefferson,Precinct 35A,125,12,113
John D. Perdue,Treasurer,,DEM,Jefferson,Precinct 35A,124,12,112
Steve Miller,Commissioner of Agriculture,,DEM,Jefferson,Precinct 35A,6,1,5
Bobb Tabb,Commissioner of Agriculture,,DEM,Jefferson,Precinct 35A,112,13,99
Joe Messineo,Commissioner of Agriculture,,DEM,Jefferson,Precinct 35A,1,0,1
Sally Shepherd,Commissioner of Agriculture,,DEM,Jefferson,Precinct 35A,14,1,13
Walt Helmick,Commissioner of Agriculture,,DEM,Jefferson,Precinct 35A,9,1,8
"Darrell V. McGraw, Jr.",Attorney General,,DEM,Jefferson,Precinct 35A,118,12,106
Herb Snyder,State Senate,16,DEM,Jefferson,Precinct 35A,133,11,122
Stephen Skinner,House of Delegates,67,DEM,Jefferson,Precinct 35A,141,13,128
Ron Paul,President,,REP,Jefferson,Precinct 35A,17,1,16
Newt Gingrich,President,,REP,Jefferson,Precinct 35A,2,0,2
Mitt Romney,President,,REP,Jefferson,Precinct 35A,68,10,58
Rick Santorum,President,,REP,Jefferson,Precinct 35A,7,0,7
"Charles ""Buddy"" Roemer",President,,REP,Jefferson,Precinct 35A,1,0,1
John R. Raese,U.S. Senate,,REP,Jefferson,Precinct 35A,80,9,71
Michael Davis,U.S. House,2,REP,Jefferson,Precinct 35A,1,0,1
Shelley Moore Capito,U.S. House,2,REP,Jefferson,Precinct 35A,77,9,68
Jonathan Miller,U.S. House,2,REP,Jefferson,Precinct 35A,14,2,12
Ralph William Clark,Governor,,REP,Jefferson,Precinct 35A,14,1,13
Bill Maloney,Governor,,REP,Jefferson,Precinct 35A,70,9,61
Brian Savilla,Secretary of State,,REP,Jefferson,Precinct 35A,73,8,65
Larry V. Faircloth,Auditor,,REP,Jefferson,Precinct 35A,77,8,69
"Stephen R. ""Steve"" Connolly",Treasurer,,REP,Jefferson,Precinct 35A,47,4,43
Mike Hall,Treasurer,,REP,Jefferson,Precinct 35A,22,4,18
Patrick Morrisey,Attorney General,,REP,Jefferson,Precinct 35A,80,9,71
Jim Ruland,State Senate,16,REP,Jefferson,Precinct 35A,79,9,70
Elliot Simon,House of Delegates,67,REP,Jefferson,Precinct 35A,55,5,50
W. Matthew Harris,House of Delegates,67,REP,Jefferson,Precinct 35A,23,4,19
Keith Judd,President,,DEM,Jefferson,Precinct 35B,18,0,18
Barack Obama,President,,DEM,Jefferson,Precinct 35B,167,26,141
Sheirl Fletcher,U.S. Senate,,DEM,Jefferson,Precinct 35B,61,7,54
Joe Manchin III,U.S. Senate,,DEM,Jefferson,Precinct 35B,122,17,105
Dugald Brown,U.S. House,2,DEM,Jefferson,Precinct 35B,24,3,21
William McCann,U.S. House,2,DEM,Jefferson,Precinct 35B,121,19,102
Howard Swint,U.S. House,2,DEM,Jefferson,Precinct 35B,12,1,11
Earl Ray Tomblin,Governor,,DEM,Jefferson,Precinct 35B,149,22,127
Arne Moltis,Governor,,DEM,Jefferson,Precinct 35B,34,4,30
Natalie E. Tennant,Secretary of State,,DEM,Jefferson,Precinct 35B,158,22,136
Glen B. Gainer III,Auditor,,DEM,Jefferson,Precinct 35B,145,19,126
John D. Perdue,Treasurer,,DEM,Jefferson,Precinct 35B,145,20,125
Steve Miller,Commissioner of Agriculture,,DEM,Jefferson,Precinct 35B,9,0,9
Bobb Tabb,Commissioner of Agriculture,,DEM,Jefferson,Precinct 35B,155,24,131
Joe Messineo,Commissioner of Agriculture,,DEM,Jefferson,Precinct 35B,3,0,3
Sally Shepherd,Commissioner of Agriculture,,DEM,Jefferson,Precinct 35B,10,2,8
Walt Helmick,Commissioner of Agriculture,,DEM,Jefferson,Precinct 35B,5,0,5
"Darrell V. McGraw, Jr.",Attorney General,,DEM,Jefferson,Precinct 35B,144,19,125
Herb Snyder,State Senate,16,DEM,Jefferson,Precinct 35B,159,22,137
Stephen Skinner,House of Delegates,67,DEM,Jefferson,Precinct 35B,165,20,145
Ron Paul,President,,REP,Jefferson,Precinct 35B,9,1,8
Newt Gingrich,President,,REP,Jefferson,Precinct 35B,8,1,7
Mitt Romney,President,,REP,Jefferson,Precinct 35B,63,5,58
Rick Santorum,President,,REP,Jefferson,Precinct 35B,7,0,7
"Charles ""Buddy"" Roemer",President,,REP,Jefferson,Precinct 35B,2,0,2
John R. Raese,U.S. Senate,,REP,Jefferson,Precinct 35B,72,8,64
Michael Davis,U.S. House,2,REP,Jefferson,Precinct 35B,3,0,3
Shelley Moore Capito,U.S. House,2,REP,Jefferson,Precinct 35B,58,6,52
Jonathan Miller,U.S. House,2,REP,Jefferson,Precinct 35B,25,2,23
Ralph William Clark,Governor,,REP,Jefferson,Precinct 35B,13,1,12
Bill Maloney,Governor,,REP,Jefferson,Precinct 35B,62,7,55
Brian Savilla,Secretary of State,,REP,Jefferson,Precinct 35B,64,7,57
Larry V. Faircloth,Auditor,,REP,Jefferson,Precinct 35B,68,7,61
"Stephen R. ""Steve"" Connolly",Treasurer,,REP,Jefferson,Precinct 35B,38,3,35
Mike Hall,Treasurer,,REP,Jefferson,Precinct 35B,33,5,28
Patrick Morrisey,Attorney General,,REP,Jefferson,Precinct 35B,78,8,70
Jim Ruland,State Senate,16,REP,Jefferson,Precinct 35B,78,8,70
Elliot Simon,House of Delegates,67,REP,Jefferson,Precinct 35B,49,6,43
W. Matthew Harris,House of Delegates,67,REP,Jefferson,Precinct 35B,24,2,22
,,,,,,,,
,,,,,,,,
,,,,,,,,
,,,,,,,,
,,,,,,,,
,,,,,,,,
,,,,,,,,
,,,,,,,,
,,,,,,,,
,,,,,,,,
,,,,,,,,
,,,,,,,,
,,,,,,,,
,,,,,,,,
,,,,,,,,
,,,,,,,,
,,,,,,,,
,,,,,,,,
,,,,,,,,
,,,,,,,,
,,,,,,,,
,,,,,,,,
,,,,,,,,
,,,,,,,,
,,,,,,,,
,,,,,,,,
,,,,,,,,
,,,,,,,,
,,,,,,,,
,,,,,,,,
,,,,,,,,
,,,,,,,,
,,,,,,,,
,,,,,,,,
,,,,,,,,
,,,,,,,,
,,,,,,,,
,,,,,,,,
,,,,,,,,
,,,,,,,,
,,,,,,,,
,,,,,,,,
,,,,,,,,
,,,,,,,,
,,,,,,,,
,,,,,,,,
,,,,,,,,
,,,,,,,,
,,,,,,,,
,,,,,,,,
,,,,,,,,
,,,,,,,,
,,,,,,,,
,,,,,,,,
,,,,,,,,
,,,,,,,,
,,,,,,,,
,,,,,,,,
,,,,,,,,
,,,,,,,,
,,,,,,,,
,,,,,,,,
,,,,,,,,
,,,,,,,,
,,,,,,,,
,,,,,,,,
,,,,,,,,
,,,,,,,,
,,,,,,,,
,,,,,,,,
,,,,,,,,
,,,,,,,,
,,,,,,,,
,,,,,,,,
,,,,,,,,
,,,,,,,,
,,,,,,,,
,,,,,,,,
,,,,,,,,
,,,,,,,,
,,,,,,,,
,,,,,,,,
,,,,,,,,
,,,,,,,,
,,,,,,,,
,,,,,,,,
,,,,,,,,
,,,,,,,,
,,,,,,,,
,,,,,,,,
,,,,,,,,
,,,,,,,,
,,,,,,,,
,,,,,,,,
,,,,,,,,
,,,,,,,,
,,,,,,,,
,,,,,,,,
,,,,,,,,
,,,,,,,,
,,,,,,,,
,,,,,,,,
,,,,,,,,
,,,,,,,,
,,,,,,,,
,,,,,,,,
,,,,,,,,
,,,,,,,,
,,,,,,,,
,,,,,,,,
,,,,,,,,
,,,,,,,,
,,,,,,,,
,,,,,,,,
,,,,,,,,
,,,,,,,,
,,,,,,,,
,,,,,,,,
,,,,,,,,
,,,,,,,,
,,,,,,,,
,,,,,,,,
,,,,,,,,
,,,,,,,,
,,,,,,,,
,,,,,,,,
,,,,,,,,
,,,,,,,,
,,,,,,,,
,,,,,,,,
,,,,,,,,
,,,,,,,,
,,,,,,,,
,,,,,,,,
,,,,,,,,
,,,,,,,,
,,,,,,,,
,,,,,,,,
,,,,,,,,
,,,,,,,,
,,,,,,,,
,,,,,,,,
,,,,,,,,
,,,,,,,,
,,,,,,,,
,,,,,,,,
,,,,,,,,
,,,,,,,,
,,,,,,,,
,,,,,,,,
,,,,,,,,
,,,,,,,,
,,,,,,,,
,,,,,,,,
,,,,,,,,
,,,,,,,,
,,,,,,,,
,,,,,,,,
,,,,,,,,
,,,,,,,,
,,,,,,,,
,,,,,,,,
,,,,,,,,
,,,,,,,,
,,,,,,,,
,,,,,,,,
,,,,,,,,
,,,,,,,,
,,,,,,,,
,,,,,,,,
,,,,,,,,
,,,,,,,,
,,,,,,,,
,,,,,,,,
,,,,,,,,
,,,,,,,,
,,,,,,,,
,,,,,,,,
,,,,,,,,
,,,,,,,,
,,,,,,,,
,,,,,,,,
,,,,,,,,
,,,,,,,,
,,,,,,,,
,,,,,,,,
,,,,,,,,
,,,,,,,,
,,,,,,,,
,,,,,,,,
,,,,,,,,
,,,,,,,,
,,,,,,,,
,,,,,,,,
