candidate,office,district,party,county,precinct,votes 
,Registered Voters ,,Democratic,Jefferson ,Precinct 2,0
,Registered Voters ,,Republican ,Jefferson ,Precinct 2,0
,Ballots Cast ,,Democratic,Jefferson ,Precinct 2,72
,Ballots Cast ,,Republican ,Jefferson ,Precinct 2,28
Earl Ray Tomblin,Governor,,,Jefferson ,Precinct 2,27
Jeffrey V. Kessler ,Governor,,,Jefferson ,Precinct 2,11
John D. Perdue,Governor,,,Jefferson ,Precinct 2,15
Rick Thompson,Governor,,,Jefferson ,Precinct 2,5
Arne Moltis,Governor,,,Jefferson ,Precinct 2,0
Natalie E. Tennant ,Governor,,,Jefferson ,Precinct 2,14
Bill Maloney ,Governor,,,Jefferson ,Precinct 2,6
Ralph William Clark,Governor,,,Jefferson ,Precinct 2,1
Larry V. Faircloth,Governor,,,Jefferson ,Precinct 2,7
Mark A. Sorsaia,Governor,,,Jefferson ,Precinct 2,0
Clark Barnes,Governor,,,Jefferson ,Precinct 2,1
Cliff Ellis,Governor,,,Jefferson ,Precinct 2,0
Betty Ireland,Governor,,,Jefferson ,Precinct 2,13
Mitch B. Carmichael ,Governor,,,Jefferson ,Precinct 2,0
,Registered Voters ,,Democratic,Jefferson ,Precinct 3,0
,Registered Voters ,,Republican ,Jefferson ,Precinct 3,0
,Ballots Cast ,,Democratic,Jefferson ,Precinct 3,102
,Ballots Cast ,,Republican ,Jefferson ,Precinct 3,47
Earl Ray Tomblin,Governor,,,Jefferson ,Precinct 3,44
Jeffrey V. Kessler ,Governor,,,Jefferson ,Precinct 3,16
John D. Perdue,Governor,,,Jefferson ,Precinct 3,7
Rick Thompson,Governor,,,Jefferson ,Precinct 3,11
Arne Moltis,Governor,,,Jefferson ,Precinct 3,1
Natalie E. Tennant ,Governor,,,Jefferson ,Precinct 3,23
Bill Maloney ,Governor,,,Jefferson ,Precinct 3,11
Ralph William Clark,Governor,,,Jefferson ,Precinct 3,0
Larry V. Faircloth,Governor,,,Jefferson ,Precinct 3,15
Mark A. Sorsaia,Governor,,,Jefferson ,Precinct 3,1
Clark Barnes,Governor,,,Jefferson ,Precinct 3,3
Cliff Ellis,Governor,,,Jefferson ,Precinct 3,0
Betty Ireland,Governor,,,Jefferson ,Precinct 3,17
Mitch B. Carmichael ,Governor,,,Jefferson ,Precinct 3,0
,Registered Voters ,,Democratic,Jefferson ,Precinct 4A,0
,Registered Voters ,,Republican ,Jefferson ,Precinct 4A,0
,Ballots Cast ,,Democratic,Jefferson ,Precinct 4A,61
,Ballots Cast ,,Republican ,Jefferson ,Precinct 4A,36
Earl Ray Tomblin,Governor,,,Jefferson ,Precinct 4A,34
Jeffrey V. Kessler ,Governor,,,Jefferson ,Precinct 4A,3
John D. Perdue,Governor,,,Jefferson ,Precinct 4A,4
Rick Thompson,Governor,,,Jefferson ,Precinct 4A,7
Arne Moltis,Governor,,,Jefferson ,Precinct 4A,0
Natalie E. Tennant ,Governor,,,Jefferson ,Precinct 4A,13
Bill Maloney ,Governor,,,Jefferson ,Precinct 4A,3
Ralph William Clark,Governor,,,Jefferson ,Precinct 4A,2
Larry V. Faircloth,Governor,,,Jefferson ,Precinct 4A,9
Mark A. Sorsaia,Governor,,,Jefferson ,Precinct 4A,2
Clark Barnes,Governor,,,Jefferson ,Precinct 4A,2
Cliff Ellis,Governor,,,Jefferson ,Precinct 4A,0
Betty Ireland,Governor,,,Jefferson ,Precinct 4A,18
Mitch B. Carmichael ,Governor,,,Jefferson ,Precinct 4A,0
,Registered Voters ,,Democratic,Jefferson ,Precinct 4B,0
,Registered Voters ,,Republican ,Jefferson ,Precinct 4B,0
,Ballots Cast ,,Democratic,Jefferson ,Precinct 4B,56
,Ballots Cast ,,Republican ,Jefferson ,Precinct 4B,43
Earl Ray Tomblin,Governor,,,Jefferson ,Precinct 4B,27
Jeffrey V. Kessler ,Governor,,,Jefferson ,Precinct 4B,6
John D. Perdue,Governor,,,Jefferson ,Precinct 4B,7
Rick Thompson,Governor,,,Jefferson ,Precinct 4B,8
Arne Moltis,Governor,,,Jefferson ,Precinct 4B,0
Natalie E. Tennant ,Governor,,,Jefferson ,Precinct 4B,8
Bill Maloney ,Governor,,,Jefferson ,Precinct 4B,8
Ralph William Clark,Governor,,,Jefferson ,Precinct 4B,1
Larry V. Faircloth,Governor,,,Jefferson ,Precinct 4B,18
Mark A. Sorsaia,Governor,,,Jefferson ,Precinct 4B,1
Clark Barnes,Governor,,,Jefferson ,Precinct 4B,6
Cliff Ellis,Governor,,,Jefferson ,Precinct 4B,0
Betty Ireland,Governor,,,Jefferson ,Precinct 4B,9
Mitch B. Carmichael ,Governor,,,Jefferson ,Precinct 4B,0
,Registered Voters ,,Democratic,Jefferson ,Precinct 6,0
,Registered Voters ,,Republican ,Jefferson ,Precinct 6,0
,Ballots Cast ,,Democratic,Jefferson ,Precinct 6,27
,Ballots Cast ,,Republican ,Jefferson ,Precinct 6,6
Earl Ray Tomblin,Governor,,,Jefferson ,Precinct 6,20
Jeffrey V. Kessler ,Governor,,,Jefferson ,Precinct 6,1
John D. Perdue,Governor,,,Jefferson ,Precinct 6,2
Rick Thompson,Governor,,,Jefferson ,Precinct 6,4
Arne Moltis,Governor,,,Jefferson ,Precinct 6,0
Natalie E. Tennant ,Governor,,,Jefferson ,Precinct 6,0
Bill Maloney ,Governor,,,Jefferson ,Precinct 6,1
Ralph William Clark,Governor,,,Jefferson ,Precinct 6,0
Larry V. Faircloth,Governor,,,Jefferson ,Precinct 6,0
Mark A. Sorsaia,Governor,,,Jefferson ,Precinct 6,0
Clark Barnes,Governor,,,Jefferson ,Precinct 6,0
Cliff Ellis,Governor,,,Jefferson ,Precinct 6,0
Betty Ireland,Governor,,,Jefferson ,Precinct 6,5
Mitch B. Carmichael ,Governor,,,Jefferson ,Precinct 6,0
,Registered Voters ,,Democratic,Jefferson ,Precinct 7,0
,Registered Voters ,,Republican ,Jefferson ,Precinct 7,0
,Ballots Cast ,,Democratic,Jefferson ,Precinct 7,65
,Ballots Cast ,,Republican ,Jefferson ,Precinct 7,20
Earl Ray Tomblin,Governor,,,Jefferson ,Precinct 7,38
Jeffrey V. Kessler ,Governor,,,Jefferson ,Precinct 7,4
John D. Perdue,Governor,,,Jefferson ,Precinct 7,2
Rick Thompson,Governor,,,Jefferson ,Precinct 7,16
Arne Moltis,Governor,,,Jefferson ,Precinct 7,0
Natalie E. Tennant ,Governor,,,Jefferson ,Precinct 7,5
Bill Maloney ,Governor,,,Jefferson ,Precinct 7,1
Ralph William Clark,Governor,,,Jefferson ,Precinct 7,0
Larry V. Faircloth,Governor,,,Jefferson ,Precinct 7,3
Mark A. Sorsaia,Governor,,,Jefferson ,Precinct 7,2
Clark Barnes,Governor,,,Jefferson ,Precinct 7,3
Cliff Ellis,Governor,,,Jefferson ,Precinct 7,0
Betty Ireland,Governor,,,Jefferson ,Precinct 7,10
Mitch B. Carmichael ,Governor,,,Jefferson ,Precinct 7,1
,Registered Voters ,,Democratic,Jefferson ,Precinct 12,0
,Registered Voters ,,Republican ,Jefferson ,Precinct 12,0
,Ballots Cast ,,Democratic,Jefferson ,Precinct 12,59
,Ballots Cast ,,Republican ,Jefferson ,Precinct 12,48
Earl Ray Tomblin,Governor,,,Jefferson ,Precinct 12,21
Jeffrey V. Kessler ,Governor,,,Jefferson ,Precinct 12,12
John D. Perdue,Governor,,,Jefferson ,Precinct 12,6
Rick Thompson,Governor,,,Jefferson ,Precinct 12,17
Arne Moltis,Governor,,,Jefferson ,Precinct 12,0
Natalie E. Tennant ,Governor,,,Jefferson ,Precinct 12,3
Bill Maloney ,Governor,,,Jefferson ,Precinct 12,11
Ralph William Clark,Governor,,,Jefferson ,Precinct 12,1
Larry V. Faircloth,Governor,,,Jefferson ,Precinct 12,15
Mark A. Sorsaia,Governor,,,Jefferson ,Precinct 12,1
Clark Barnes,Governor,,,Jefferson ,Precinct 12,3
Cliff Ellis,Governor,,,Jefferson ,Precinct 12,0
Betty Ireland,Governor,,,Jefferson ,Precinct 12,16
Mitch B. Carmichael ,Governor,,,Jefferson ,Precinct 12,1
,Registered Voters ,,Democratic,Jefferson ,Precinct 13A,0
,Registered Voters ,,Republican ,Jefferson ,Precinct 13A,0
,Ballots Cast ,,Democratic,Jefferson ,Precinct 13A,44
,Ballots Cast ,,Republican ,Jefferson ,Precinct 13A,41
Earl Ray Tomblin,Governor,,,Jefferson ,Precinct 13A,16
Jeffrey V. Kessler ,Governor,,,Jefferson ,Precinct 13A,3
John D. Perdue,Governor,,,Jefferson ,Precinct 13A,10
Rick Thompson,Governor,,,Jefferson ,Precinct 13A,4
Arne Moltis,Governor,,,Jefferson ,Precinct 13A,0
Natalie E. Tennant ,Governor,,,Jefferson ,Precinct 13A,11
Bill Maloney ,Governor,,,Jefferson ,Precinct 13A,11
Ralph William Clark,Governor,,,Jefferson ,Precinct 13A,0
Larry V. Faircloth,Governor,,,Jefferson ,Precinct 13A,5
Mark A. Sorsaia,Governor,,,Jefferson ,Precinct 13A,3
Clark Barnes,Governor,,,Jefferson ,Precinct 13A,2
Cliff Ellis,Governor,,,Jefferson ,Precinct 13A,0
Betty Ireland,Governor,,,Jefferson ,Precinct 13A,20
Mitch B. Carmichael ,Governor,,,Jefferson ,Precinct 13A,0
,Registered Voters ,,Democratic,Jefferson ,Precinct 13B,0
,Registered Voters ,,Republican ,Jefferson ,Precinct 13B,0
,Ballots Cast ,,Democratic,Jefferson ,Precinct 13B,31
,Ballots Cast ,,Republican ,Jefferson ,Precinct 13B,29
Earl Ray Tomblin,Governor,,,Jefferson ,Precinct 13B,13
Jeffrey V. Kessler ,Governor,,,Jefferson ,Precinct 13B,2
John D. Perdue,Governor,,,Jefferson ,Precinct 13B,5
Rick Thompson,Governor,,,Jefferson ,Precinct 13B,1
Arne Moltis,Governor,,,Jefferson ,Precinct 13B,2
Natalie E. Tennant ,Governor,,,Jefferson ,Precinct 13B,7
Bill Maloney ,Governor,,,Jefferson ,Precinct 13B,9
Ralph William Clark,Governor,,,Jefferson ,Precinct 13B,0
Larry V. Faircloth,Governor,,,Jefferson ,Precinct 13B,6
Mark A. Sorsaia,Governor,,,Jefferson ,Precinct 13B,3
Clark Barnes,Governor,,,Jefferson ,Precinct 13B,1
Cliff Ellis,Governor,,,Jefferson ,Precinct 13B,0
Betty Ireland,Governor,,,Jefferson ,Precinct 13B,10
Mitch B. Carmichael ,Governor,,,Jefferson ,Precinct 13B,0
,Registered Voters ,,Democratic,Jefferson ,Precinct 14,0
,Registered Voters ,,Republican ,Jefferson ,Precinct 14,0
,Ballots Cast ,,Democratic,Jefferson ,Precinct 14,52
,Ballots Cast ,,Republican ,Jefferson ,Precinct 14,11
Earl Ray Tomblin,Governor,,,Jefferson ,Precinct 14,9
Jeffrey V. Kessler ,Governor,,,Jefferson ,Precinct 14,15
John D. Perdue,Governor,,,Jefferson ,Precinct 14,7
Rick Thompson,Governor,,,Jefferson ,Precinct 14,4
Arne Moltis,Governor,,,Jefferson ,Precinct 14,0
Natalie E. Tennant ,Governor,,,Jefferson ,Precinct 14,17
Bill Maloney ,Governor,,,Jefferson ,Precinct 14,1
Ralph William Clark,Governor,,,Jefferson ,Precinct 14,0
Larry V. Faircloth,Governor,,,Jefferson ,Precinct 14,2
Mark A. Sorsaia,Governor,,,Jefferson ,Precinct 14,1
Clark Barnes,Governor,,,Jefferson ,Precinct 14,0
Cliff Ellis,Governor,,,Jefferson ,Precinct 14,1
Betty Ireland,Governor,,,Jefferson ,Precinct 14,6
Mitch B. Carmichael ,Governor,,,Jefferson ,Precinct 14,0
,Registered Voters ,,Democratic,Jefferson ,Precinct 15,0
,Registered Voters ,,Republican ,Jefferson ,Precinct 15,0
,Ballots Cast ,,Democratic,Jefferson ,Precinct 15,39
,Ballots Cast ,,Republican ,Jefferson ,Precinct 15,18
Earl Ray Tomblin,Governor,,,Jefferson ,Precinct 15,15
Jeffrey V. Kessler ,Governor,,,Jefferson ,Precinct 15,10
John D. Perdue,Governor,,,Jefferson ,Precinct 15,3
Rick Thompson,Governor,,,Jefferson ,Precinct 15,3
Arne Moltis,Governor,,,Jefferson ,Precinct 15,0
Natalie E. Tennant ,Governor,,,Jefferson ,Precinct 15,8
Bill Maloney ,Governor,,,Jefferson ,Precinct 15,4
Ralph William Clark,Governor,,,Jefferson ,Precinct 15,0
Larry V. Faircloth,Governor,,,Jefferson ,Precinct 15,3
Mark A. Sorsaia,Governor,,,Jefferson ,Precinct 15,2
Clark Barnes,Governor,,,Jefferson ,Precinct 15,1
Cliff Ellis,Governor,,,Jefferson ,Precinct 15,0
Betty Ireland,Governor,,,Jefferson ,Precinct 15,8
Mitch B. Carmichael ,Governor,,,Jefferson ,Precinct 15,0
,Registered Voters ,,Democratic,Jefferson ,Precinct 16,0
,Registered Voters ,,Republican ,Jefferson ,Precinct 16,0
,Ballots Cast ,,Democratic,Jefferson ,Precinct 16,53
,Ballots Cast ,,Republican ,Jefferson ,Precinct 16,29
Earl Ray Tomblin,Governor,,,Jefferson ,Precinct 16,26
Jeffrey V. Kessler ,Governor,,,Jefferson ,Precinct 16,8
John D. Perdue,Governor,,,Jefferson ,Precinct 16,4
Rick Thompson,Governor,,,Jefferson ,Precinct 16,14
Arne Moltis,Governor,,,Jefferson ,Precinct 16,0
Natalie E. Tennant ,Governor,,,Jefferson ,Precinct 16,1
Bill Maloney ,Governor,,,Jefferson ,Precinct 16,4
Ralph William Clark,Governor,,,Jefferson ,Precinct 16,0
Larry V. Faircloth,Governor,,,Jefferson ,Precinct 16,11
Mark A. Sorsaia,Governor,,,Jefferson ,Precinct 16,2
Clark Barnes,Governor,,,Jefferson ,Precinct 16,6
Cliff Ellis,Governor,,,Jefferson ,Precinct 16,0
Betty Ireland,Governor,,,Jefferson ,Precinct 16,6
Mitch B. Carmichael ,Governor,,,Jefferson ,Precinct 16,0
,Registered Voters ,,Democratic,Jefferson ,Precinct 17,0
,Registered Voters ,,Republican ,Jefferson ,Precinct 17,0
,Ballots Cast ,,Democratic,Jefferson ,Precinct 17,58
,Ballots Cast ,,Republican ,Jefferson ,Precinct 17,62
Earl Ray Tomblin,Governor,,,Jefferson ,Precinct 17,12
Jeffrey V. Kessler ,Governor,,,Jefferson ,Precinct 17,22
John D. Perdue,Governor,,,Jefferson ,Precinct 17,6
Rick Thompson,Governor,,,Jefferson ,Precinct 17,5
Arne Moltis,Governor,,,Jefferson ,Precinct 17,0
Natalie E. Tennant ,Governor,,,Jefferson ,Precinct 17,13
Bill Maloney ,Governor,,,Jefferson ,Precinct 17,17
Ralph William Clark,Governor,,,Jefferson ,Precinct 17,1
Larry V. Faircloth,Governor,,,Jefferson ,Precinct 17,20
Mark A. Sorsaia,Governor,,,Jefferson ,Precinct 17,3
Clark Barnes,Governor,,,Jefferson ,Precinct 17,2
Cliff Ellis,Governor,,,Jefferson ,Precinct 17,0
Betty Ireland,Governor,,,Jefferson ,Precinct 17,18
Mitch B. Carmichael ,Governor,,,Jefferson ,Precinct 17,1
,Registered Voters ,,Democratic,Jefferson ,Precinct 19,0
,Registered Voters ,,Republican ,Jefferson ,Precinct 19,0
,Ballots Cast ,,Democratic,Jefferson ,Precinct 19,38
,Ballots Cast ,,Republican ,Jefferson ,Precinct 19,35
Earl Ray Tomblin,Governor,,,Jefferson ,Precinct 19,10
Jeffrey V. Kessler ,Governor,,,Jefferson ,Precinct 19,8
John D. Perdue,Governor,,,Jefferson ,Precinct 19,8
Rick Thompson,Governor,,,Jefferson ,Precinct 19,4
Arne Moltis,Governor,,,Jefferson ,Precinct 19,0
Natalie E. Tennant ,Governor,,,Jefferson ,Precinct 19,8
Bill Maloney ,Governor,,,Jefferson ,Precinct 19,9
Ralph William Clark,Governor,,,Jefferson ,Precinct 19,0
Larry V. Faircloth,Governor,,,Jefferson ,Precinct 19,7
Mark A. Sorsaia,Governor,,,Jefferson ,Precinct 19,0
Clark Barnes,Governor,,,Jefferson ,Precinct 19,4
Cliff Ellis,Governor,,,Jefferson ,Precinct 19,0
Betty Ireland,Governor,,,Jefferson ,Precinct 19,14
Mitch B. Carmichael ,Governor,,,Jefferson ,Precinct 19,1
,Registered Voters ,,Democratic,Jefferson ,Precinct 20,0
,Registered Voters ,,Republican ,Jefferson ,Precinct 20,0
,Ballots Cast ,,Democratic,Jefferson ,Precinct 20,48
,Ballots Cast ,,Republican ,Jefferson ,Precinct 20,55
Earl Ray Tomblin,Governor,,,Jefferson ,Precinct 20,18
Jeffrey V. Kessler ,Governor,,,Jefferson ,Precinct 20,4
John D. Perdue,Governor,,,Jefferson ,Precinct 20,13
Rick Thompson,Governor,,,Jefferson ,Precinct 20,10
Arne Moltis,Governor,,,Jefferson ,Precinct 20,0
Natalie E. Tennant ,Governor,,,Jefferson ,Precinct 20,3
Bill Maloney ,Governor,,,Jefferson ,Precinct 20,18
Ralph William Clark,Governor,,,Jefferson ,Precinct 20,0
Larry V. Faircloth,Governor,,,Jefferson ,Precinct 20,16
Mark A. Sorsaia,Governor,,,Jefferson ,Precinct 20,0
Clark Barnes,Governor,,,Jefferson ,Precinct 20,6
Cliff Ellis,Governor,,,Jefferson ,Precinct 20,0
Betty Ireland,Governor,,,Jefferson ,Precinct 20,15
Mitch B. Carmichael ,Governor,,,Jefferson ,Precinct 20,0
,Registered Voters ,,Democratic,Jefferson ,Precinct 21A,0
,Registered Voters ,,Republican ,Jefferson ,Precinct 21A,0
,Ballots Cast ,,Democratic,Jefferson ,Precinct 21A,48
,Ballots Cast ,,Republican ,Jefferson ,Precinct 21A,38
Earl Ray Tomblin,Governor,,,Jefferson ,Precinct 21A,22
Jeffrey V. Kessler ,Governor,,,Jefferson ,Precinct 21A,3
John D. Perdue,Governor,,,Jefferson ,Precinct 21A,1
Rick Thompson,Governor,,,Jefferson ,Precinct 21A,10
Arne Moltis,Governor,,,Jefferson ,Precinct 21A,0
Natalie E. Tennant ,Governor,,,Jefferson ,Precinct 21A,12
Bill Maloney ,Governor,,,Jefferson ,Precinct 21A,10
Ralph William Clark,Governor,,,Jefferson ,Precinct 21A,1
Larry V. Faircloth,Governor,,,Jefferson ,Precinct 21A,16
Mark A. Sorsaia,Governor,,,Jefferson ,Precinct 21A,2
Clark Barnes,Governor,,,Jefferson ,Precinct 21A,1
Cliff Ellis,Governor,,,Jefferson ,Precinct 21A,0
Betty Ireland,Governor,,,Jefferson ,Precinct 21A,7
Mitch B. Carmichael ,Governor,,,Jefferson ,Precinct 21A,1
,Registered Voters ,,Democratic,Jefferson ,Precinct 21B,0
,Registered Voters ,,Republican ,Jefferson ,Precinct 21B,0
,Ballots Cast ,,Democratic,Jefferson ,Precinct 21B,37
,Ballots Cast ,,Republican ,Jefferson ,Precinct 21B,53
Earl Ray Tomblin,Governor,,,Jefferson ,Precinct 21B,15
Jeffrey V. Kessler ,Governor,,,Jefferson ,Precinct 21B,7
John D. Perdue,Governor,,,Jefferson ,Precinct 21B,2
Rick Thompson,Governor,,,Jefferson ,Precinct 21B,6
Arne Moltis,Governor,,,Jefferson ,Precinct 21B,0
Natalie E. Tennant ,Governor,,,Jefferson ,Precinct 21B,7
Bill Maloney ,Governor,,,Jefferson ,Precinct 21B,14
Ralph William Clark,Governor,,,Jefferson ,Precinct 21B,2
Larry V. Faircloth,Governor,,,Jefferson ,Precinct 21B,15
Mark A. Sorsaia,Governor,,,Jefferson ,Precinct 21B,0
Clark Barnes,Governor,,,Jefferson ,Precinct 21B,0
Cliff Ellis,Governor,,,Jefferson ,Precinct 21B,0
Betty Ireland,Governor,,,Jefferson ,Precinct 21B,21
Mitch B. Carmichael ,Governor,,,Jefferson ,Precinct 21B,1
,Registered Voters ,,Democratic,Jefferson ,Precinct 22A,0
,Registered Voters ,,Republican ,Jefferson ,Precinct 22A,0
,Ballots Cast ,,Democratic,Jefferson ,Precinct 22A,45
,Ballots Cast ,,Republican ,Jefferson ,Precinct 22A,33
Earl Ray Tomblin,Governor,,,Jefferson ,Precinct 22A,14
Jeffrey V. Kessler ,Governor,,,Jefferson ,Precinct 22A,4
John D. Perdue,Governor,,,Jefferson ,Precinct 22A,12
Rick Thompson,Governor,,,Jefferson ,Precinct 22A,5
Arne Moltis,Governor,,,Jefferson ,Precinct 22A,0
Natalie E. Tennant ,Governor,,,Jefferson ,Precinct 22A,10
Bill Maloney ,Governor,,,Jefferson ,Precinct 22A,8
Ralph William Clark,Governor,,,Jefferson ,Precinct 22A,1
Larry V. Faircloth,Governor,,,Jefferson ,Precinct 22A,8
Mark A. Sorsaia,Governor,,,Jefferson ,Precinct 22A,2
Clark Barnes,Governor,,,Jefferson ,Precinct 22A,2
Cliff Ellis,Governor,,,Jefferson ,Precinct 22A,0
Betty Ireland,Governor,,,Jefferson ,Precinct 22A,12
Mitch B. Carmichael ,Governor,,,Jefferson ,Precinct 22A,0
,Registered Voters ,,Democratic,Jefferson ,Precinct 22B,0
,Registered Voters ,,Republican ,Jefferson ,Precinct 22B,0
,Ballots Cast ,,Democratic,Jefferson ,Precinct 22B,47
,Ballots Cast ,,Republican ,Jefferson ,Precinct 22B,31
Earl Ray Tomblin,Governor,,,Jefferson ,Precinct 22B,15
Jeffrey V. Kessler ,Governor,,,Jefferson ,Precinct 22B,2
John D. Perdue,Governor,,,Jefferson ,Precinct 22B,7
Rick Thompson,Governor,,,Jefferson ,Precinct 22B,9
Arne Moltis,Governor,,,Jefferson ,Precinct 22B,0
Natalie E. Tennant ,Governor,,,Jefferson ,Precinct 22B,14
Bill Maloney ,Governor,,,Jefferson ,Precinct 22B,7
Ralph William Clark,Governor,,,Jefferson ,Precinct 22B,3
Larry V. Faircloth,Governor,,,Jefferson ,Precinct 22B,11
Mark A. Sorsaia,Governor,,,Jefferson ,Precinct 22B,2
Clark Barnes,Governor,,,Jefferson ,Precinct 22B,3
Cliff Ellis,Governor,,,Jefferson ,Precinct 22B,0
Betty Ireland,Governor,,,Jefferson ,Precinct 22B,5
Mitch B. Carmichael ,Governor,,,Jefferson ,Precinct 22B,0
,Registered Voters ,,Democratic,Jefferson ,Precinct 23A,0
,Registered Voters ,,Republican ,Jefferson ,Precinct 23A,0
,Ballots Cast ,,Democratic,Jefferson ,Precinct 23A,74
,Ballots Cast ,,Republican ,Jefferson ,Precinct 23A,45
Earl Ray Tomblin,Governor,,,Jefferson ,Precinct 23A,29
Jeffrey V. Kessler ,Governor,,,Jefferson ,Precinct 23A,10
John D. Perdue,Governor,,,Jefferson ,Precinct 23A,14
Rick Thompson,Governor,,,Jefferson ,Precinct 23A,12
Arne Moltis,Governor,,,Jefferson ,Precinct 23A,0
Natalie E. Tennant ,Governor,,,Jefferson ,Precinct 23A,8
Bill Maloney ,Governor,,,Jefferson ,Precinct 23A,10
Ralph William Clark,Governor,,,Jefferson ,Precinct 23A,1
Larry V. Faircloth,Governor,,,Jefferson ,Precinct 23A,10
Mark A. Sorsaia,Governor,,,Jefferson ,Precinct 23A,1
Clark Barnes,Governor,,,Jefferson ,Precinct 23A,3
Cliff Ellis,Governor,,,Jefferson ,Precinct 23A,0
Betty Ireland,Governor,,,Jefferson ,Precinct 23A,20
Mitch B. Carmichael ,Governor,,,Jefferson ,Precinct 23A,0
,Registered Voters ,,Democratic,Jefferson ,Precinct 25A,0
,Registered Voters ,,Republican ,Jefferson ,Precinct 25A,0
,Ballots Cast ,,Democratic,Jefferson ,Precinct 25A,46
,Ballots Cast ,,Republican ,Jefferson ,Precinct 25A,44
Earl Ray Tomblin,Governor,,,Jefferson ,Precinct 25A,16
Jeffrey V. Kessler ,Governor,,,Jefferson ,Precinct 25A,5
John D. Perdue,Governor,,,Jefferson ,Precinct 25A,7
Rick Thompson,Governor,,,Jefferson ,Precinct 25A,10
Arne Moltis,Governor,,,Jefferson ,Precinct 25A,2
Natalie E. Tennant ,Governor,,,Jefferson ,Precinct 25A,6
Bill Maloney ,Governor,,,Jefferson ,Precinct 25A,9
Ralph William Clark,Governor,,,Jefferson ,Precinct 25A,1
Larry V. Faircloth,Governor,,,Jefferson ,Precinct 25A,5
Mark A. Sorsaia,Governor,,,Jefferson ,Precinct 25A,1
Clark Barnes,Governor,,,Jefferson ,Precinct 25A,3
Cliff Ellis,Governor,,,Jefferson ,Precinct 25A,1
Betty Ireland,Governor,,,Jefferson ,Precinct 25A,22
Mitch B. Carmichael ,Governor,,,Jefferson ,Precinct 25A,1
,Registered Voters ,,Democratic,Jefferson ,Precinct 25B,0
,Registered Voters ,,Republican ,Jefferson ,Precinct 25B,0
,Ballots Cast ,,Democratic,Jefferson ,Precinct 25B,51
,Ballots Cast ,,Republican ,Jefferson ,Precinct 25B,17
Earl Ray Tomblin,Governor,,,Jefferson ,Precinct 25B,19
Jeffrey V. Kessler ,Governor,,,Jefferson ,Precinct 25B,3
John D. Perdue,Governor,,,Jefferson ,Precinct 25B,10
Rick Thompson,Governor,,,Jefferson ,Precinct 25B,11
Arne Moltis,Governor,,,Jefferson ,Precinct 25B,1
Natalie E. Tennant ,Governor,,,Jefferson ,Precinct 25B,7
Bill Maloney ,Governor,,,Jefferson ,Precinct 25B,7
Ralph William Clark,Governor,,,Jefferson ,Precinct 25B,0
Larry V. Faircloth,Governor,,,Jefferson ,Precinct 25B,7
Mark A. Sorsaia,Governor,,,Jefferson ,Precinct 25B,0
Clark Barnes,Governor,,,Jefferson ,Precinct 25B,2
Cliff Ellis,Governor,,,Jefferson ,Precinct 25B,0
Betty Ireland,Governor,,,Jefferson ,Precinct 25B,1
Mitch B. Carmichael ,Governor,,,Jefferson ,Precinct 25B,0
,Registered Voters ,,Democratic,Jefferson ,Precinct 26,0
,Registered Voters ,,Republican ,Jefferson ,Precinct 26,0
,Ballots Cast ,,Democratic,Jefferson ,Precinct 26,105
,Ballots Cast ,,Republican ,Jefferson ,Precinct 26,50
Earl Ray Tomblin,Governor,,,Jefferson ,Precinct 26,34
Jeffrey V. Kessler ,Governor,,,Jefferson ,Precinct 26,9
John D. Perdue,Governor,,,Jefferson ,Precinct 26,29
Rick Thompson,Governor,,,Jefferson ,Precinct 26,10
Arne Moltis,Governor,,,Jefferson ,Precinct 26,0
Natalie E. Tennant ,Governor,,,Jefferson ,Precinct 26,23
Bill Maloney ,Governor,,,Jefferson ,Precinct 26,16
Ralph William Clark,Governor,,,Jefferson ,Precinct 26,2
Larry V. Faircloth,Governor,,,Jefferson ,Precinct 26,12
Mark A. Sorsaia,Governor,,,Jefferson ,Precinct 26,0
Clark Barnes,Governor,,,Jefferson ,Precinct 26,5
Cliff Ellis,Governor,,,Jefferson ,Precinct 26,1
Betty Ireland,Governor,,,Jefferson ,Precinct 26,12
Mitch B. Carmichael ,Governor,,,Jefferson ,Precinct 26,1
,Registered Voters ,,Democratic,Jefferson ,Precinct 27,0
,Registered Voters ,,Republican ,Jefferson ,Precinct 27,0
,Ballots Cast ,,Democratic,Jefferson ,Precinct 27,88
,Ballots Cast ,,Republican ,Jefferson ,Precinct 27,53
Earl Ray Tomblin,Governor,,,Jefferson ,Precinct 27,36
Jeffrey V. Kessler ,Governor,,,Jefferson ,Precinct 27,12
John D. Perdue,Governor,,,Jefferson ,Precinct 27,7
Rick Thompson,Governor,,,Jefferson ,Precinct 27,16
Arne Moltis,Governor,,,Jefferson ,Precinct 27,1
Natalie E. Tennant ,Governor,,,Jefferson ,Precinct 27,16
Bill Maloney ,Governor,,,Jefferson ,Precinct 27,13
Ralph William Clark,Governor,,,Jefferson ,Precinct 27,2
Larry V. Faircloth,Governor,,,Jefferson ,Precinct 27,24
Mark A. Sorsaia,Governor,,,Jefferson ,Precinct 27,0
Clark Barnes,Governor,,,Jefferson ,Precinct 27,4
Cliff Ellis,Governor,,,Jefferson ,Precinct 27,0
Betty Ireland,Governor,,,Jefferson ,Precinct 27,10
Mitch B. Carmichael ,Governor,,,Jefferson ,Precinct 27,0
,Registered Voters ,,Democratic,Jefferson ,Precinct 28,0
,Registered Voters ,,Republican ,Jefferson ,Precinct 28,0
,Ballots Cast ,,Democratic,Jefferson ,Precinct 28,75
,Ballots Cast ,,Republican ,Jefferson ,Precinct 28,45
Earl Ray Tomblin,Governor,,,Jefferson ,Precinct 28,36
Jeffrey V. Kessler ,Governor,,,Jefferson ,Precinct 28,12
John D. Perdue,Governor,,,Jefferson ,Precinct 28,11
Rick Thompson,Governor,,,Jefferson ,Precinct 28,7
Arne Moltis,Governor,,,Jefferson ,Precinct 28,0
Natalie E. Tennant ,Governor,,,Jefferson ,Precinct 28,9
Bill Maloney ,Governor,,,Jefferson ,Precinct 28,16
Ralph William Clark,Governor,,,Jefferson ,Precinct 28,0
Larry V. Faircloth,Governor,,,Jefferson ,Precinct 28,5
Mark A. Sorsaia,Governor,,,Jefferson ,Precinct 28,0
Clark Barnes,Governor,,,Jefferson ,Precinct 28,7
Cliff Ellis,Governor,,,Jefferson ,Precinct 28,0
Betty Ireland,Governor,,,Jefferson ,Precinct 28,17
Mitch B. Carmichael ,Governor,,,Jefferson ,Precinct 28,0
,Registered Voters ,,Democratic,Jefferson ,Precinct 31,0
,Registered Voters ,,Republican ,Jefferson ,Precinct 31,0
,Ballots Cast ,,Democratic,Jefferson ,Precinct 31,104
,Ballots Cast ,,Republican ,Jefferson ,Precinct 31,54
Earl Ray Tomblin,Governor,,,Jefferson ,Precinct 31,28
Jeffrey V. Kessler ,Governor,,,Jefferson ,Precinct 31,24
John D. Perdue,Governor,,,Jefferson ,Precinct 31,7
Rick Thompson,Governor,,,Jefferson ,Precinct 31,12
Arne Moltis,Governor,,,Jefferson ,Precinct 31,0
Natalie E. Tennant ,Governor,,,Jefferson ,Precinct 31,33
Bill Maloney ,Governor,,,Jefferson ,Precinct 31,14
Ralph William Clark,Governor,,,Jefferson ,Precinct 31,0
Larry V. Faircloth,Governor,,,Jefferson ,Precinct 31,18
Mark A. Sorsaia,Governor,,,Jefferson ,Precinct 31,1
Clark Barnes,Governor,,,Jefferson ,Precinct 31,5
Cliff Ellis,Governor,,,Jefferson ,Precinct 31,0
Betty Ireland,Governor,,,Jefferson ,Precinct 31,16
Mitch B. Carmichael ,Governor,,,Jefferson ,Precinct 31,0
,Registered Voters ,,Democratic,Jefferson ,Precinct 32,0
,Registered Voters ,,Republican ,Jefferson ,Precinct 32,0
,Ballots Cast ,,Democratic,Jefferson ,Precinct 32,98
,Ballots Cast ,,Republican ,Jefferson ,Precinct 32,73
Earl Ray Tomblin,Governor,,,Jefferson ,Precinct 32,34
Jeffrey V. Kessler ,Governor,,,Jefferson ,Precinct 32,19
John D. Perdue,Governor,,,Jefferson ,Precinct 32,17
Rick Thompson,Governor,,,Jefferson ,Precinct 32,9
Arne Moltis,Governor,,,Jefferson ,Precinct 32,0
Natalie E. Tennant ,Governor,,,Jefferson ,Precinct 32,18
Bill Maloney ,Governor,,,Jefferson ,Precinct 32,16
Ralph William Clark,Governor,,,Jefferson ,Precinct 32,0
Larry V. Faircloth,Governor,,,Jefferson ,Precinct 32,24
Mark A. Sorsaia,Governor,,,Jefferson ,Precinct 32,3
Clark Barnes,Governor,,,Jefferson ,Precinct 32,2
Cliff Ellis,Governor,,,Jefferson ,Precinct 32,0
Betty Ireland,Governor,,,Jefferson ,Precinct 32,27
Mitch B. Carmichael ,Governor,,,Jefferson ,Precinct 32,0
,Registered Voters ,,Democratic,Jefferson ,Precinct 33,0
,Registered Voters ,,Republican ,Jefferson ,Precinct 33,0
,Ballots Cast ,,Democratic,Jefferson ,Precinct 33,86
,Ballots Cast ,,Republican ,Jefferson ,Precinct 33,11
Earl Ray Tomblin,Governor,,,Jefferson ,Precinct 33,23
Jeffrey V. Kessler ,Governor,,,Jefferson ,Precinct 33,25
John D. Perdue,Governor,,,Jefferson ,Precinct 33,8
Rick Thompson,Governor,,,Jefferson ,Precinct 33,9
Arne Moltis,Governor,,,Jefferson ,Precinct 33,0
Natalie E. Tennant ,Governor,,,Jefferson ,Precinct 33,21
Bill Maloney ,Governor,,,Jefferson ,Precinct 33,4
Ralph William Clark,Governor,,,Jefferson ,Precinct 33,0
Larry V. Faircloth,Governor,,,Jefferson ,Precinct 33,1
Mark A. Sorsaia,Governor,,,Jefferson ,Precinct 33,0
Clark Barnes,Governor,,,Jefferson ,Precinct 33,0
Cliff Ellis,Governor,,,Jefferson ,Precinct 33,0
Betty Ireland,Governor,,,Jefferson ,Precinct 33,5
Mitch B. Carmichael ,Governor,,,Jefferson ,Precinct 33,1
,Registered Voters ,,Democratic,Jefferson ,Precinct 34,0
,Registered Voters ,,Republican ,Jefferson ,Precinct 34,0
,Ballots Cast ,,Democratic,Jefferson ,Precinct 34,136
,Ballots Cast ,,Republican ,Jefferson ,Precinct 34,74
Earl Ray Tomblin,Governor,,,Jefferson ,Precinct 34,55
Jeffrey V. Kessler ,Governor,,,Jefferson ,Precinct 34,26
John D. Perdue,Governor,,,Jefferson ,Precinct 34,13
Rick Thompson,Governor,,,Jefferson ,Precinct 34,14
Arne Moltis,Governor,,,Jefferson ,Precinct 34,0
Natalie E. Tennant ,Governor,,,Jefferson ,Precinct 34,28
Bill Maloney ,Governor,,,Jefferson ,Precinct 34,11
Ralph William Clark,Governor,,,Jefferson ,Precinct 34,2
Larry V. Faircloth,Governor,,,Jefferson ,Precinct 34,10
Mark A. Sorsaia,Governor,,,Jefferson ,Precinct 34,4
Clark Barnes,Governor,,,Jefferson ,Precinct 34,12
Cliff Ellis,Governor,,,Jefferson ,Precinct 34,1
Betty Ireland,Governor,,,Jefferson ,Precinct 34,34
Mitch B. Carmichael ,Governor,,,Jefferson ,Precinct 34,0
,Registered Voters ,,Democratic,Jefferson ,Precinct 35A,0
,Registered Voters ,,Republican ,Jefferson ,Precinct 35A,0
,Ballots Cast ,,Democratic,Jefferson ,Precinct 35A,111
,Ballots Cast ,,Republican ,Jefferson ,Precinct 35A,47
Earl Ray Tomblin,Governor,,,Jefferson ,Precinct 35A,41
Jeffrey V. Kessler ,Governor,,,Jefferson ,Precinct 35A,21
John D. Perdue,Governor,,,Jefferson ,Precinct 35A,16
Rick Thompson,Governor,,,Jefferson ,Precinct 35A,7
Arne Moltis,Governor,,,Jefferson ,Precinct 35A,0
Natalie E. Tennant ,Governor,,,Jefferson ,Precinct 35A,26
Bill Maloney ,Governor,,,Jefferson ,Precinct 35A,12
Ralph William Clark,Governor,,,Jefferson ,Precinct 35A,2
Larry V. Faircloth,Governor,,,Jefferson ,Precinct 35A,7
Mark A. Sorsaia,Governor,,,Jefferson ,Precinct 35A,2
Clark Barnes,Governor,,,Jefferson ,Precinct 35A,2
Cliff Ellis,Governor,,,Jefferson ,Precinct 35A,0
Betty Ireland,Governor,,,Jefferson ,Precinct 35A,21
Mitch B. Carmichael ,Governor,,,Jefferson ,Precinct 35A,1
,Registered Voters ,,Democratic,Jefferson ,Precinct 35B,0
,Registered Voters ,,Republican ,Jefferson ,Precinct 35B,0
,Ballots Cast ,,Democratic,Jefferson ,Precinct 35B,121
,Ballots Cast ,,Republican ,Jefferson ,Precinct 35B,45
Earl Ray Tomblin,Governor,,,Jefferson ,Precinct 35B,38
Jeffrey V. Kessler ,Governor,,,Jefferson ,Precinct 35B,28
John D. Perdue,Governor,,,Jefferson ,Precinct 35B,14
Rick Thompson,Governor,,,Jefferson ,Precinct 35B,14
Arne Moltis,Governor,,,Jefferson ,Precinct 35B,0
Natalie E. Tennant ,Governor,,,Jefferson ,Precinct 35B,27
Bill Maloney ,Governor,,,Jefferson ,Precinct 35B,2
Ralph William Clark,Governor,,,Jefferson ,Precinct 35B,1
Larry V. Faircloth,Governor,,,Jefferson ,Precinct 35B,7
Mark A. Sorsaia,Governor,,,Jefferson ,Precinct 35B,2
Clark Barnes,Governor,,,Jefferson ,Precinct 35B,2
Cliff Ellis,Governor,,,Jefferson ,Precinct 35B,0
Betty Ireland,Governor,,,Jefferson ,Precinct 35B,31
Mitch B. Carmichael ,Governor,,,Jefferson ,Precinct 35B,0