county,precinct,office,district,candidate,party,votes
Boone,1,,,STRAIGHT PARTY,REPUBLICAN,14
Boone,2,,,STRAIGHT PARTY,REPUBLICAN,16
Boone,3,,,STRAIGHT PARTY,REPUBLICAN,18
Boone,4,,,STRAIGHT PARTY,REPUBLICAN,7
Boone,5,,,STRAIGHT PARTY,REPUBLICAN,7
Boone,7,,,STRAIGHT PARTY,REPUBLICAN,15
Boone,9,,,STRAIGHT PARTY,REPUBLICAN,25
Boone,11,,,STRAIGHT PARTY,REPUBLICAN,21
Boone,12,,,STRAIGHT PARTY,REPUBLICAN,41
Boone,13,,,STRAIGHT PARTY,REPUBLICAN,16
Boone,14,,,STRAIGHT PARTY,REPUBLICAN,24
Boone,15,,,STRAIGHT PARTY,REPUBLICAN,18
Boone,16,,,STRAIGHT PARTY,REPUBLICAN,11
Boone,17,,,STRAIGHT PARTY,REPUBLICAN,27
Boone,18,,,STRAIGHT PARTY,REPUBLICAN,18
Boone,19,,,STRAIGHT PARTY,REPUBLICAN,25
Boone,22,,,STRAIGHT PARTY,REPUBLICAN,32
Boone,23,,,STRAIGHT PARTY,REPUBLICAN,17
Boone,25,,,STRAIGHT PARTY,REPUBLICAN,57
Boone,30,,,STRAIGHT PARTY,REPUBLICAN,21
Boone,31,,,STRAIGHT PARTY,REPUBLICAN,16
Boone,32,,,STRAIGHT PARTY,REPUBLICAN,12
Boone,33,,,STRAIGHT PARTY,REPUBLICAN,13
Boone,35,,,STRAIGHT PARTY,REPUBLICAN,6
Boone,36,,,STRAIGHT PARTY,REPUBLICAN,18
Boone,38,,,STRAIGHT PARTY,REPUBLICAN,14
Boone,40,,,STRAIGHT PARTY,REPUBLICAN,22
Boone,41,,,STRAIGHT PARTY,REPUBLICAN,10
Boone,45,,,STRAIGHT PARTY,REPUBLICAN,17
Boone,46,,,STRAIGHT PARTY,REPUBLICAN,9
Boone,47,,,STRAIGHT PARTY,REPUBLICAN,4
Boone,48,,,STRAIGHT PARTY,REPUBLICAN,3
Boone,49,,,STRAIGHT PARTY,REPUBLICAN,8
Boone,50,,,STRAIGHT PARTY,REPUBLICAN,4
Boone,51,,,STRAIGHT PARTY,REPUBLICAN,13
Boone,52,,,STRAIGHT PARTY,REPUBLICAN,14
Boone,53,,,STRAIGHT PARTY,REPUBLICAN,2
Boone,Total,,,STRAIGHT PARTY,REPUBLICAN,615
Boone,1,,,STRAIGHT PARTY,DEMOCRATIC,57
Boone,2,,,STRAIGHT PARTY,DEMOCRATIC,102
Boone,3,,,STRAIGHT PARTY,DEMOCRATIC,61
Boone,4,,,STRAIGHT PARTY,DEMOCRATIC,50
Boone,5,,,STRAIGHT PARTY,DEMOCRATIC,48
Boone,7,,,STRAIGHT PARTY,DEMOCRATIC,94
Boone,9,,,STRAIGHT PARTY,DEMOCRATIC,60
Boone,11,,,STRAIGHT PARTY,DEMOCRATIC,22
Boone,12,,,STRAIGHT PARTY,DEMOCRATIC,108
Boone,13,,,STRAIGHT PARTY,DEMOCRATIC,73
Boone,14,,,STRAIGHT PARTY,DEMOCRATIC,92
Boone,15,,,STRAIGHT PARTY,DEMOCRATIC,123
Boone,16,,,STRAIGHT PARTY,DEMOCRATIC,19
Boone,17,,,STRAIGHT PARTY,DEMOCRATIC,59
Boone,18,,,STRAIGHT PARTY,DEMOCRATIC,18
Boone,19,,,STRAIGHT PARTY,DEMOCRATIC,58
Boone,22,,,STRAIGHT PARTY,DEMOCRATIC,92
Boone,23,,,STRAIGHT PARTY,DEMOCRATIC,103
Boone,25,,,STRAIGHT PARTY,DEMOCRATIC,103
Boone,30,,,STRAIGHT PARTY,DEMOCRATIC,91
Boone,31,,,STRAIGHT PARTY,DEMOCRATIC,67
Boone,32,,,STRAIGHT PARTY,DEMOCRATIC,54
Boone,33,,,STRAIGHT PARTY,DEMOCRATIC,74
Boone,35,,,STRAIGHT PARTY,DEMOCRATIC,26
Boone,36,,,STRAIGHT PARTY,DEMOCRATIC,41
Boone,38,,,STRAIGHT PARTY,DEMOCRATIC,35
Boone,40,,,STRAIGHT PARTY,DEMOCRATIC,45
Boone,41,,,STRAIGHT PARTY,DEMOCRATIC,45
Boone,45,,,STRAIGHT PARTY,DEMOCRATIC,133
Boone,46,,,STRAIGHT PARTY,DEMOCRATIC,85
Boone,47,,,STRAIGHT PARTY,DEMOCRATIC,31
Boone,48,,,STRAIGHT PARTY,DEMOCRATIC,39
Boone,49,,,STRAIGHT PARTY,DEMOCRATIC,44
Boone,50,,,STRAIGHT PARTY,DEMOCRATIC,34
Boone,51,,,STRAIGHT PARTY,DEMOCRATIC,58
Boone,52,,,STRAIGHT PARTY,DEMOCRATIC,52
Boone,53,,,STRAIGHT PARTY,DEMOCRATIC,55
Boone,Total,,,STRAIGHT PARTY,DEMOCRATIC,2351
Boone,1,,,STRAIGHT PARTY,MOUNTAIN,1
Boone,2,,,STRAIGHT PARTY,MOUNTAIN,3
Boone,3,,,STRAIGHT PARTY,MOUNTAIN,0
Boone,4,,,STRAIGHT PARTY,MOUNTAIN,0
Boone,5,,,STRAIGHT PARTY,MOUNTAIN,2
Boone,7,,,STRAIGHT PARTY,MOUNTAIN,1
Boone,9,,,STRAIGHT PARTY,MOUNTAIN,0
Boone,11,,,STRAIGHT PARTY,MOUNTAIN,0
Boone,12,,,STRAIGHT PARTY,MOUNTAIN,1
Boone,13,,,STRAIGHT PARTY,MOUNTAIN,0
Boone,14,,,STRAIGHT PARTY,MOUNTAIN,1
Boone,15,,,STRAIGHT PARTY,MOUNTAIN,3
Boone,16,,,STRAIGHT PARTY,MOUNTAIN,0
Boone,17,,,STRAIGHT PARTY,MOUNTAIN,1
Boone,18,,,STRAIGHT PARTY,MOUNTAIN,0
Boone,19,,,STRAIGHT PARTY,MOUNTAIN,0
Boone,22,,,STRAIGHT PARTY,MOUNTAIN,1
Boone,23,,,STRAIGHT PARTY,MOUNTAIN,2
Boone,25,,,STRAIGHT PARTY,MOUNTAIN,2
Boone,30,,,STRAIGHT PARTY,MOUNTAIN,2
Boone,31,,,STRAIGHT PARTY,MOUNTAIN,2
Boone,32,,,STRAIGHT PARTY,MOUNTAIN,0
Boone,33,,,STRAIGHT PARTY,MOUNTAIN,1
Boone,35,,,STRAIGHT PARTY,MOUNTAIN,1
Boone,36,,,STRAIGHT PARTY,MOUNTAIN,0
Boone,38,,,STRAIGHT PARTY,MOUNTAIN,0
Boone,40,,,STRAIGHT PARTY,MOUNTAIN,1
Boone,41,,,STRAIGHT PARTY,MOUNTAIN,0
Boone,45,,,STRAIGHT PARTY,MOUNTAIN,3
Boone,46,,,STRAIGHT PARTY,MOUNTAIN,2
Boone,47,,,STRAIGHT PARTY,MOUNTAIN,1
Boone,48,,,STRAIGHT PARTY,MOUNTAIN,1
Boone,49,,,STRAIGHT PARTY,MOUNTAIN,1
Boone,50,,,STRAIGHT PARTY,MOUNTAIN,0
Boone,51,,,STRAIGHT PARTY,MOUNTAIN,0
Boone,52,,,STRAIGHT PARTY,MOUNTAIN,1
Boone,53,,,STRAIGHT PARTY,MOUNTAIN,1
Boone,Total,,,STRAIGHT PARTY,MOUNTAIN,35
Boone,1,PRESIDENT,,JOHN McCAIN,REPUBLICAN,92
Boone,2,PRESIDENT,,JOHN McCAIN,REPUBLICAN,97
Boone,3,PRESIDENT,,JOHN McCAIN,REPUBLICAN,125
Boone,4,PRESIDENT,,JOHN McCAIN,REPUBLICAN,59
Boone,5,PRESIDENT,,JOHN McCAIN,REPUBLICAN,54
Boone,7,PRESIDENT,,JOHN McCAIN,REPUBLICAN,138
Boone,9,PRESIDENT,,JOHN McCAIN,REPUBLICAN,111
Boone,11,PRESIDENT,,JOHN McCAIN,REPUBLICAN,88
Boone,12,PRESIDENT,,JOHN McCAIN,REPUBLICAN,236
Boone,13,PRESIDENT,,JOHN McCAIN,REPUBLICAN,152
Boone,14,PRESIDENT,,JOHN McCAIN,REPUBLICAN,167
Boone,15,PRESIDENT,,JOHN McCAIN,REPUBLICAN,223
Boone,16,PRESIDENT,,JOHN McCAIN,REPUBLICAN,61
Boone,17,PRESIDENT,,JOHN McCAIN,REPUBLICAN,124
Boone,18,PRESIDENT,,JOHN McCAIN,REPUBLICAN,77
Boone,19,PRESIDENT,,JOHN McCAIN,REPUBLICAN,139
Boone,22,PRESIDENT,,JOHN McCAIN,REPUBLICAN,132
Boone,23,PRESIDENT,,JOHN McCAIN,REPUBLICAN,116
Boone,25,PRESIDENT,,JOHN McCAIN,REPUBLICAN,174
Boone,30,PRESIDENT,,JOHN McCAIN,REPUBLICAN,156
Boone,31,PRESIDENT,,JOHN McCAIN,REPUBLICAN,114
Boone,32,PRESIDENT,,JOHN McCAIN,REPUBLICAN,88
Boone,33,PRESIDENT,,JOHN McCAIN,REPUBLICAN,93
Boone,35,PRESIDENT,,JOHN McCAIN,REPUBLICAN,38
Boone,36,PRESIDENT,,JOHN McCAIN,REPUBLICAN,87
Boone,38,PRESIDENT,,JOHN McCAIN,REPUBLICAN,59
Boone,40,PRESIDENT,,JOHN McCAIN,REPUBLICAN,68
Boone,41,PRESIDENT,,JOHN McCAIN,REPUBLICAN,78
Boone,45,PRESIDENT,,JOHN McCAIN,REPUBLICAN,114
Boone,46,PRESIDENT,,JOHN McCAIN,REPUBLICAN,90
Boone,47,PRESIDENT,,JOHN McCAIN,REPUBLICAN,32
Boone,48,PRESIDENT,,JOHN McCAIN,REPUBLICAN,16
Boone,49,PRESIDENT,,JOHN McCAIN,REPUBLICAN,44
Boone,50,PRESIDENT,,JOHN McCAIN,REPUBLICAN,42
Boone,51,PRESIDENT,,JOHN McCAIN,REPUBLICAN,45
Boone,52,PRESIDENT,,JOHN McCAIN,REPUBLICAN,55
Boone,53,PRESIDENT,,JOHN McCAIN,REPUBLICAN,49
Boone,Total,PRESIDENT,,JOHN McCAIN,REPUBLICAN,3632
Boone,1,PRESIDENT,,BARACK OBAMA,DEMOCRATIC,102
Boone,2,PRESIDENT,,BARACK OBAMA,DEMOCRATIC,182
Boone,3,PRESIDENT,,BARACK OBAMA,DEMOCRATIC,110
Boone,4,PRESIDENT,,BARACK OBAMA,DEMOCRATIC,97
Boone,5,PRESIDENT,,BARACK OBAMA,DEMOCRATIC,69
Boone,7,PRESIDENT,,BARACK OBAMA,DEMOCRATIC,200
Boone,9,PRESIDENT,,BARACK OBAMA,DEMOCRATIC,107
Boone,11,PRESIDENT,,BARACK OBAMA,DEMOCRATIC,50
Boone,12,PRESIDENT,,BARACK OBAMA,DEMOCRATIC,254
Boone,13,PRESIDENT,,BARACK OBAMA,DEMOCRATIC,205
Boone,14,PRESIDENT,,BARACK OBAMA,DEMOCRATIC,205
Boone,15,PRESIDENT,,BARACK OBAMA,DEMOCRATIC,276
Boone,16,PRESIDENT,,BARACK OBAMA,DEMOCRATIC,36
Boone,17,PRESIDENT,,BARACK OBAMA,DEMOCRATIC,109
Boone,18,PRESIDENT,,BARACK OBAMA,DEMOCRATIC,36
Boone,19,PRESIDENT,,BARACK OBAMA,DEMOCRATIC,169
Boone,22,PRESIDENT,,BARACK OBAMA,DEMOCRATIC,173
Boone,23,PRESIDENT,,BARACK OBAMA,DEMOCRATIC,152
Boone,25,PRESIDENT,,BARACK OBAMA,DEMOCRATIC,184
Boone,30,PRESIDENT,,BARACK OBAMA,DEMOCRATIC,207
Boone,31,PRESIDENT,,BARACK OBAMA,DEMOCRATIC,103
Boone,32,PRESIDENT,,BARACK OBAMA,DEMOCRATIC,98
Boone,33,PRESIDENT,,BARACK OBAMA,DEMOCRATIC,120
Boone,35,PRESIDENT,,BARACK OBAMA,DEMOCRATIC,50
Boone,36,PRESIDENT,,BARACK OBAMA,DEMOCRATIC,90
Boone,38,PRESIDENT,,BARACK OBAMA,DEMOCRATIC,62
Boone,40,PRESIDENT,,BARACK OBAMA,DEMOCRATIC,73
Boone,41,PRESIDENT,,BARACK OBAMA,DEMOCRATIC,92
Boone,45,PRESIDENT,,BARACK OBAMA,DEMOCRATIC,218
Boone,46,PRESIDENT,,BARACK OBAMA,DEMOCRATIC,146
Boone,47,PRESIDENT,,BARACK OBAMA,DEMOCRATIC,51
Boone,48,PRESIDENT,,BARACK OBAMA,DEMOCRATIC,76
Boone,49,PRESIDENT,,BARACK OBAMA,DEMOCRATIC,62
Boone,50,PRESIDENT,,BARACK OBAMA,DEMOCRATIC,64
Boone,51,PRESIDENT,,BARACK OBAMA,DEMOCRATIC,94
Boone,52,PRESIDENT,,BARACK OBAMA,DEMOCRATIC,103
Boone,53,PRESIDENT,,BARACK OBAMA,DEMOCRATIC,104
Boone,Total,PRESIDENT,,BARACK OBAMA,DEMOCRATIC,4529
Boone,1,PRESIDENT,,CYNTHIA MCKINNEY,MOUNTAIN,0
Boone,2,PRESIDENT,,CYNTHIA MCKINNEY,MOUNTAIN,2
Boone,3,PRESIDENT,,CYNTHIA MCKINNEY,MOUNTAIN,3
Boone,4,PRESIDENT,,CYNTHIA MCKINNEY,MOUNTAIN,0
Boone,5,PRESIDENT,,CYNTHIA MCKINNEY,MOUNTAIN,1
Boone,7,PRESIDENT,,CYNTHIA MCKINNEY,MOUNTAIN,3
Boone,9,PRESIDENT,,CYNTHIA MCKINNEY,MOUNTAIN,2
Boone,11,PRESIDENT,,CYNTHIA MCKINNEY,MOUNTAIN,1
Boone,12,PRESIDENT,,CYNTHIA MCKINNEY,MOUNTAIN,0
Boone,13,PRESIDENT,,CYNTHIA MCKINNEY,MOUNTAIN,3
Boone,14,PRESIDENT,,CYNTHIA MCKINNEY,MOUNTAIN,1
Boone,15,PRESIDENT,,CYNTHIA MCKINNEY,MOUNTAIN,0
Boone,16,PRESIDENT,,CYNTHIA MCKINNEY,MOUNTAIN,0
Boone,17,PRESIDENT,,CYNTHIA MCKINNEY,MOUNTAIN,1
Boone,18,PRESIDENT,,CYNTHIA MCKINNEY,MOUNTAIN,1
Boone,19,PRESIDENT,,CYNTHIA MCKINNEY,MOUNTAIN,0
Boone,22,PRESIDENT,,CYNTHIA MCKINNEY,MOUNTAIN,4
Boone,23,PRESIDENT,,CYNTHIA MCKINNEY,MOUNTAIN,0
Boone,25,PRESIDENT,,CYNTHIA MCKINNEY,MOUNTAIN,2
Boone,30,PRESIDENT,,CYNTHIA MCKINNEY,MOUNTAIN,3
Boone,31,PRESIDENT,,CYNTHIA MCKINNEY,MOUNTAIN,1
Boone,32,PRESIDENT,,CYNTHIA MCKINNEY,MOUNTAIN,0
Boone,33,PRESIDENT,,CYNTHIA MCKINNEY,MOUNTAIN,3
Boone,35,PRESIDENT,,CYNTHIA MCKINNEY,MOUNTAIN,0
Boone,36,PRESIDENT,,CYNTHIA MCKINNEY,MOUNTAIN,2
Boone,38,PRESIDENT,,CYNTHIA MCKINNEY,MOUNTAIN,0
Boone,40,PRESIDENT,,CYNTHIA MCKINNEY,MOUNTAIN,1
Boone,41,PRESIDENT,,CYNTHIA MCKINNEY,MOUNTAIN,4
Boone,45,PRESIDENT,,CYNTHIA MCKINNEY,MOUNTAIN,3
Boone,46,PRESIDENT,,CYNTHIA MCKINNEY,MOUNTAIN,2
Boone,47,PRESIDENT,,CYNTHIA MCKINNEY,MOUNTAIN,0
Boone,48,PRESIDENT,,CYNTHIA MCKINNEY,MOUNTAIN,1
Boone,49,PRESIDENT,,CYNTHIA MCKINNEY,MOUNTAIN,1
Boone,50,PRESIDENT,,CYNTHIA MCKINNEY,MOUNTAIN,1
Boone,51,PRESIDENT,,CYNTHIA MCKINNEY,MOUNTAIN,1
Boone,52,PRESIDENT,,CYNTHIA MCKINNEY,MOUNTAIN,3
Boone,53,PRESIDENT,,CYNTHIA MCKINNEY,MOUNTAIN,1
Boone,Total,PRESIDENT,,CYNTHIA MCKINNEY,MOUNTAIN,51
Boone,1,PRESIDENT,,RALPH NADER,,5
Boone,2,PRESIDENT,,RALPH NADER,,3
Boone,3,PRESIDENT,,RALPH NADER,,0
Boone,4,PRESIDENT,,RALPH NADER,,2
Boone,5,PRESIDENT,,RALPH NADER,,1
Boone,7,PRESIDENT,,RALPH NADER,,8
Boone,9,PRESIDENT,,RALPH NADER,,2
Boone,11,PRESIDENT,,RALPH NADER,,1
Boone,12,PRESIDENT,,RALPH NADER,,7
Boone,13,PRESIDENT,,RALPH NADER,,7
Boone,14,PRESIDENT,,RALPH NADER,,7
Boone,15,PRESIDENT,,RALPH NADER,,3
Boone,16,PRESIDENT,,RALPH NADER,,1
Boone,17,PRESIDENT,,RALPH NADER,,2
Boone,18,PRESIDENT,,RALPH NADER,,2
Boone,19,PRESIDENT,,RALPH NADER,,3
Boone,22,PRESIDENT,,RALPH NADER,,4
Boone,23,PRESIDENT,,RALPH NADER,,3
Boone,25,PRESIDENT,,RALPH NADER,,11
Boone,30,PRESIDENT,,RALPH NADER,,3
Boone,31,PRESIDENT,,RALPH NADER,,5
Boone,32,PRESIDENT,,RALPH NADER,,1
Boone,33,PRESIDENT,,RALPH NADER,,4
Boone,35,PRESIDENT,,RALPH NADER,,0
Boone,36,PRESIDENT,,RALPH NADER,,1
Boone,38,PRESIDENT,,RALPH NADER,,1
Boone,40,PRESIDENT,,RALPH NADER,,0
Boone,41,PRESIDENT,,RALPH NADER,,0
Boone,45,PRESIDENT,,RALPH NADER,,5
Boone,46,PRESIDENT,,RALPH NADER,,2
Boone,47,PRESIDENT,,RALPH NADER,,1
Boone,48,PRESIDENT,,RALPH NADER,,0
Boone,49,PRESIDENT,,RALPH NADER,,5
Boone,50,PRESIDENT,,RALPH NADER,,2
Boone,51,PRESIDENT,,RALPH NADER,,1
Boone,52,PRESIDENT,,RALPH NADER,,2
Boone,53,PRESIDENT,,RALPH NADER,,1
Boone,Total,PRESIDENT,,RALPH NADER,,106
Boone,1,PRESIDENT,,CHUCK BALDWIN,CONSTITUTION,1
Boone,2,PRESIDENT,,CHUCK BALDWIN,CONSTITUTION,3
Boone,3,PRESIDENT,,CHUCK BALDWIN,CONSTITUTION,1
Boone,4,PRESIDENT,,CHUCK BALDWIN,CONSTITUTION,1
Boone,5,PRESIDENT,,CHUCK BALDWIN,CONSTITUTION,6
Boone,7,PRESIDENT,,CHUCK BALDWIN,CONSTITUTION,3
Boone,9,PRESIDENT,,CHUCK BALDWIN,CONSTITUTION,2
Boone,11,PRESIDENT,,CHUCK BALDWIN,CONSTITUTION,0
Boone,12,PRESIDENT,,CHUCK BALDWIN,CONSTITUTION,1
Boone,13,PRESIDENT,,CHUCK BALDWIN,CONSTITUTION,0
Boone,14,PRESIDENT,,CHUCK BALDWIN,CONSTITUTION,3
Boone,15,PRESIDENT,,CHUCK BALDWIN,CONSTITUTION,3
Boone,16,PRESIDENT,,CHUCK BALDWIN,CONSTITUTION,0
Boone,17,PRESIDENT,,CHUCK BALDWIN,CONSTITUTION,1
Boone,18,PRESIDENT,,CHUCK BALDWIN,CONSTITUTION,0
Boone,19,PRESIDENT,,CHUCK BALDWIN,CONSTITUTION,2
Boone,22,PRESIDENT,,CHUCK BALDWIN,CONSTITUTION,2
Boone,23,PRESIDENT,,CHUCK BALDWIN,CONSTITUTION,3
Boone,25,PRESIDENT,,CHUCK BALDWIN,CONSTITUTION,5
Boone,30,PRESIDENT,,CHUCK BALDWIN,CONSTITUTION,1
Boone,31,PRESIDENT,,CHUCK BALDWIN,CONSTITUTION,2
Boone,32,PRESIDENT,,CHUCK BALDWIN,CONSTITUTION,2
Boone,33,PRESIDENT,,CHUCK BALDWIN,CONSTITUTION,1
Boone,35,PRESIDENT,,CHUCK BALDWIN,CONSTITUTION,0
Boone,36,PRESIDENT,,CHUCK BALDWIN,CONSTITUTION,2
Boone,38,PRESIDENT,,CHUCK BALDWIN,CONSTITUTION,2
Boone,40,PRESIDENT,,CHUCK BALDWIN,CONSTITUTION,1
Boone,41,PRESIDENT,,CHUCK BALDWIN,CONSTITUTION,3
Boone,45,PRESIDENT,,CHUCK BALDWIN,CONSTITUTION,1
Boone,46,PRESIDENT,,CHUCK BALDWIN,CONSTITUTION,1
Boone,47,PRESIDENT,,CHUCK BALDWIN,CONSTITUTION,0
Boone,48,PRESIDENT,,CHUCK BALDWIN,CONSTITUTION,0
Boone,49,PRESIDENT,,CHUCK BALDWIN,CONSTITUTION,0
Boone,50,PRESIDENT,,CHUCK BALDWIN,CONSTITUTION,1
Boone,51,PRESIDENT,,CHUCK BALDWIN,CONSTITUTION,0
Boone,52,PRESIDENT,,CHUCK BALDWIN,CONSTITUTION,0
Boone,53,PRESIDENT,,CHUCK BALDWIN,CONSTITUTION,0
Boone,Total,PRESIDENT,,CHUCK BALDWIN,CONSTITUTION,48
Boone,1,U.S. Senate,,JAY WOLFE,REPUBLICAN,61
Boone,2,U.S. Senate,,JAY WOLFE,REPUBLICAN,58
Boone,3,U.S. Senate,,JAY WOLFE,REPUBLICAN,65
Boone,4,U.S. Senate,,JAY WOLFE,REPUBLICAN,36
Boone,5,U.S. Senate,,JAY WOLFE,REPUBLICAN,25
Boone,7,U.S. Senate,,JAY WOLFE,REPUBLICAN,90
Boone,9,U.S. Senate,,JAY WOLFE,REPUBLICAN,66
Boone,11,U.S. Senate,,JAY WOLFE,REPUBLICAN,54
Boone,12,U.S. Senate,,JAY WOLFE,REPUBLICAN,135
Boone,13,U.S. Senate,,JAY WOLFE,REPUBLICAN,110
Boone,14,U.S. Senate,,JAY WOLFE,REPUBLICAN,98
Boone,15,U.S. Senate,,JAY WOLFE,REPUBLICAN,133
Boone,16,U.S. Senate,,JAY WOLFE,REPUBLICAN,33
Boone,17,U.S. Senate,,JAY WOLFE,REPUBLICAN,85
Boone,18,U.S. Senate,,JAY WOLFE,REPUBLICAN,55
Boone,19,U.S. Senate,,JAY WOLFE,REPUBLICAN,87
Boone,22,U.S. Senate,,JAY WOLFE,REPUBLICAN,84
Boone,23,U.S. Senate,,JAY WOLFE,REPUBLICAN,52
Boone,25,U.S. Senate,,JAY WOLFE,REPUBLICAN,129
Boone,30,U.S. Senate,,JAY WOLFE,REPUBLICAN,85
Boone,31,U.S. Senate,,JAY WOLFE,REPUBLICAN,58
Boone,32,U.S. Senate,,JAY WOLFE,REPUBLICAN,47
Boone,33,U.S. Senate,,JAY WOLFE,REPUBLICAN,50
Boone,35,U.S. Senate,,JAY WOLFE,REPUBLICAN,21
Boone,36,U.S. Senate,,JAY WOLFE,REPUBLICAN,44
Boone,38,U.S. Senate,,JAY WOLFE,REPUBLICAN,34
Boone,40,U.S. Senate,,JAY WOLFE,REPUBLICAN,30
Boone,41,U.S. Senate,,JAY WOLFE,REPUBLICAN,42
Boone,45,U.S. Senate,,JAY WOLFE,REPUBLICAN,65
Boone,46,U.S. Senate,,JAY WOLFE,REPUBLICAN,49
Boone,47,U.S. Senate,,JAY WOLFE,REPUBLICAN,23
Boone,48,U.S. Senate,,JAY WOLFE,REPUBLICAN,14
Boone,49,U.S. Senate,,JAY WOLFE,REPUBLICAN,26
Boone,50,U.S. Senate,,JAY WOLFE,REPUBLICAN,19
Boone,51,U.S. Senate,,JAY WOLFE,REPUBLICAN,32
Boone,52,U.S. Senate,,JAY WOLFE,REPUBLICAN,28
Boone,53,U.S. Senate,,JAY WOLFE,REPUBLICAN,32
Boone,Total,U.S. Senate,,JAY WOLFE,REPUBLICAN,2155
Boone,1,U.S. Senate,,JAY ROCKFELLER,DEMOCRATIC,142
Boone,2,U.S. Senate,,JAY ROCKFELLER,DEMOCRATIC,227
Boone,3,U.S. Senate,,JAY ROCKFELLER,DEMOCRATIC,176
Boone,4,U.S. Senate,,JAY ROCKFELLER,DEMOCRATIC,120
Boone,5,U.S. Senate,,JAY ROCKFELLER,DEMOCRATIC,100
Boone,7,U.S. Senate,,JAY ROCKFELLER,DEMOCRATIC,262
Boone,9,U.S. Senate,,JAY ROCKFELLER,DEMOCRATIC,156
Boone,11,U.S. Senate,,JAY ROCKFELLER,DEMOCRATIC,84
Boone,12,U.S. Senate,,JAY ROCKFELLER,DEMOCRATIC,360
Boone,13,U.S. Senate,,JAY ROCKFELLER,DEMOCRATIC,247
Boone,14,U.S. Senate,,JAY ROCKFELLER,DEMOCRATIC,277
Boone,15,U.S. Senate,,JAY ROCKFELLER,DEMOCRATIC,366
Boone,16,U.S. Senate,,JAY ROCKFELLER,DEMOCRATIC,62
Boone,17,U.S. Senate,,JAY ROCKFELLER,DEMOCRATIC,148
Boone,18,U.S. Senate,,JAY ROCKFELLER,DEMOCRATIC,59
Boone,19,U.S. Senate,,JAY ROCKFELLER,DEMOCRATIC,224
Boone,22,U.S. Senate,,JAY ROCKFELLER,DEMOCRATIC,235
Boone,23,U.S. Senate,,JAY ROCKFELLER,DEMOCRATIC,224
Boone,25,U.S. Senate,,JAY ROCKFELLER,DEMOCRATIC,246
Boone,30,U.S. Senate,,JAY ROCKFELLER,DEMOCRATIC,287
Boone,31,U.S. Senate,,JAY ROCKFELLER,DEMOCRATIC,178
Boone,32,U.S. Senate,,JAY ROCKFELLER,DEMOCRATIC,143
Boone,33,U.S. Senate,,JAY ROCKFELLER,DEMOCRATIC,176
Boone,35,U.S. Senate,,JAY ROCKFELLER,DEMOCRATIC,65
Boone,36,U.S. Senate,,JAY ROCKFELLER,DEMOCRATIC,136
Boone,38,U.S. Senate,,JAY ROCKFELLER,DEMOCRATIC,90
Boone,40,U.S. Senate,,JAY ROCKFELLER,DEMOCRATIC,110
Boone,41,U.S. Senate,,JAY ROCKFELLER,DEMOCRATIC,136
Boone,45,U.S. Senate,,JAY ROCKFELLER,DEMOCRATIC,262
Boone,46,U.S. Senate,,JAY ROCKFELLER,DEMOCRATIC,196
Boone,47,U.S. Senate,,JAY ROCKFELLER,DEMOCRATIC,56
Boone,48,U.S. Senate,,JAY ROCKFELLER,DEMOCRATIC,80
Boone,49,U.S. Senate,,JAY ROCKFELLER,DEMOCRATIC,84
Boone,50,U.S. Senate,,JAY ROCKFELLER,DEMOCRATIC,93
Boone,51,U.S. Senate,,JAY ROCKFELLER,DEMOCRATIC,108
Boone,52,U.S. Senate,,JAY ROCKFELLER,DEMOCRATIC,135
Boone,53,U.S. Senate,,JAY ROCKFELLER,DEMOCRATIC,120
Boone,Total,U.S. Senate,,JAY ROCKFELLER,DEMOCRATIC,6192
Boone,1,U.S. HOUSE,3,MARTY GEARHEART,REPUBLICAN,50
Boone,2,U.S. HOUSE,3,MARTY GEARHEART,REPUBLICAN,47
Boone,3,U.S. HOUSE,3,MARTY GEARHEART,REPUBLICAN,71
Boone,4,U.S. HOUSE,3,MARTY GEARHEART,REPUBLICAN,29
Boone,5,U.S. HOUSE,3,MARTY GEARHEART,REPUBLICAN,21
Boone,7,U.S. HOUSE,3,MARTY GEARHEART,REPUBLICAN,74
Boone,9,U.S. HOUSE,3,MARTY GEARHEART,REPUBLICAN,65
Boone,11,U.S. HOUSE,3,MARTY GEARHEART,REPUBLICAN,45
Boone,12,U.S. HOUSE,3,MARTY GEARHEART,REPUBLICAN,136
Boone,13,U.S. HOUSE,3,MARTY GEARHEART,REPUBLICAN,91
Boone,14,U.S. HOUSE,3,MARTY GEARHEART,REPUBLICAN,90
Boone,15,U.S. HOUSE,3,MARTY GEARHEART,REPUBLICAN,111
Boone,16,U.S. HOUSE,3,MARTY GEARHEART,REPUBLICAN,27
Boone,17,U.S. HOUSE,3,MARTY GEARHEART,REPUBLICAN,76
Boone,18,U.S. HOUSE,3,MARTY GEARHEART,REPUBLICAN,38
Boone,19,U.S. HOUSE,3,MARTY GEARHEART,REPUBLICAN,85
Boone,22,U.S. HOUSE,3,MARTY GEARHEART,REPUBLICAN,88
Boone,23,U.S. HOUSE,3,MARTY GEARHEART,REPUBLICAN,54
Boone,25,U.S. HOUSE,3,MARTY GEARHEART,REPUBLICAN,117
Boone,30,U.S. HOUSE,3,MARTY GEARHEART,REPUBLICAN,85
Boone,31,U.S. HOUSE,3,MARTY GEARHEART,REPUBLICAN,56
Boone,32,U.S. HOUSE,3,MARTY GEARHEART,REPUBLICAN,4.6
Boone,33,U.S. HOUSE,3,MARTY GEARHEART,REPUBLICAN,46
Boone,35,U.S. HOUSE,3,MARTY GEARHEART,REPUBLICAN,19
Boone,36,U.S. HOUSE,3,MARTY GEARHEART,REPUBLICAN,43
Boone,38,U.S. HOUSE,3,MARTY GEARHEART,REPUBLICAN,33
Boone,40,U.S. HOUSE,3,MARTY GEARHEART,REPUBLICAN,39
Boone,41,U.S. HOUSE,3,MARTY GEARHEART,REPUBLICAN,35
Boone,45,U.S. HOUSE,3,MARTY GEARHEART,REPUBLICAN,58
Boone,46,U.S. HOUSE,3,MARTY GEARHEART,REPUBLICAN,40
Boone,47,U.S. HOUSE,3,MARTY GEARHEART,REPUBLICAN,17
Boone,48,U.S. HOUSE,3,MARTY GEARHEART,REPUBLICAN,16
Boone,49,U.S. HOUSE,3,MARTY GEARHEART,REPUBLICAN,26
Boone,50,U.S. HOUSE,3,MARTY GEARHEART,REPUBLICAN,21
Boone,51,U.S. HOUSE,3,MARTY GEARHEART,REPUBLICAN,23
Boone,52,U.S. HOUSE,3,MARTY GEARHEART,REPUBLICAN,19
Boone,53,U.S. HOUSE,3,MARTY GEARHEART,REPUBLICAN,21
Boone,Total,U.S. HOUSE,3,MARTY GEARHEART,REPUBLICAN,1958
Boone,1,U.S. HOUSE,3,NICK JOE RAHALL. II,DEMOCRATIC,151
Boone,2,U.S. HOUSE,3,NICK JOE RAHALL. II,DEMOCRATIC,235
Boone,3,U.S. HOUSE,3,NICK JOE RAHALL. II,DEMOCRATIC,160
Boone,4,U.S. HOUSE,3,NICK JOE RAHALL. II,DEMOCRATIC,123
Boone,5,U.S. HOUSE,3,NICK JOE RAHALL. II,DEMOCRATIC,103
Boone,7,U.S. HOUSE,3,NICK JOE RAHALL. II,DEMOCRATIC,266
Boone,9,U.S. HOUSE,3,NICK JOE RAHALL. II,DEMOCRATIC,155
Boone,11,U.S. HOUSE,3,NICK JOE RAHALL. II,DEMOCRATIC,85
Boone,12,U.S. HOUSE,3,NICK JOE RAHALL. II,DEMOCRATIC,356
Boone,13,U.S. HOUSE,3,NICK JOE RAHALL. II,DEMOCRATIC,256
Boone,14,U.S. HOUSE,3,NICK JOE RAHALL. II,DEMOCRATIC,275
Boone,15,U.S. HOUSE,3,NICK JOE RAHALL. II,DEMOCRATIC,380
Boone,16,U.S. HOUSE,3,NICK JOE RAHALL. II,DEMOCRATIC,62
Boone,17,U.S. HOUSE,3,NICK JOE RAHALL. II,DEMOCRATIC,152
Boone,18,U.S. HOUSE,3,NICK JOE RAHALL. II,DEMOCRATIC,67
Boone,19,U.S. HOUSE,3,NICK JOE RAHALL. II,DEMOCRATIC,215
Boone,22,U.S. HOUSE,3,NICK JOE RAHALL. II,DEMOCRATIC,225
Boone,23,U.S. HOUSE,3,NICK JOE RAHALL. II,DEMOCRATIC,215
Boone,25,U.S. HOUSE,3,NICK JOE RAHALL. II,DEMOCRATIC,242
Boone,30,U.S. HOUSE,3,NICK JOE RAHALL. II,DEMOCRATIC,282
Boone,31,U.S. HOUSE,3,NICK JOE RAHALL. II,DEMOCRATIC,174
Boone,32,U.S. HOUSE,3,NICK JOE RAHALL. II,DEMOCRATIC,141
Boone,33,U.S. HOUSE,3,NICK JOE RAHALL. II,DEMOCRATIC,174
Boone,35,U.S. HOUSE,3,NICK JOE RAHALL. II,DEMOCRATIC,66
Boone,36,U.S. HOUSE,3,NICK JOE RAHALL. II,DEMOCRATIC,137
Boone,38,U.S. HOUSE,3,NICK JOE RAHALL. II,DEMOCRATIC,90
Boone,40,U.S. HOUSE,3,NICK JOE RAHALL. II,DEMOCRATIC,95
Boone,41,U.S. HOUSE,3,NICK JOE RAHALL. II,DEMOCRATIC,139
Boone,45,U.S. HOUSE,3,NICK JOE RAHALL. II,DEMOCRATIC,280
Boone,46,U.S. HOUSE,3,NICK JOE RAHALL. II,DEMOCRATIC,202
Boone,47,U.S. HOUSE,3,NICK JOE RAHALL. II,DEMOCRATIC,65
Boone,48,U.S. HOUSE,3,NICK JOE RAHALL. II,DEMOCRATIC,78
Boone,49,U.S. HOUSE,3,NICK JOE RAHALL. II,DEMOCRATIC,86
Boone,50,U.S. HOUSE,3,NICK JOE RAHALL. II,DEMOCRATIC,89
Boone,51,U.S. HOUSE,3,NICK JOE RAHALL. II,DEMOCRATIC,113
Boone,52,U.S. HOUSE,3,NICK JOE RAHALL. II,DEMOCRATIC,138
Boone,53,U.S. HOUSE,3,NICK JOE RAHALL. II,DEMOCRATIC,131
Boone,Total,U.S. HOUSE,3,NICK JOE RAHALL. II,DEMOCRATIC,6207
Boone,1,GOVERNOR,,RUSS WEEKS,REPUBLICAN,42
Boone,2,GOVERNOR,,RUSS WEEKS,REPUBLICAN,52
Boone,3,GOVERNOR,,RUSS WEEKS,REPUBLICAN,54
Boone,4,GOVERNOR,,RUSS WEEKS,REPUBLICAN,17
Boone,5,GOVERNOR,,RUSS WEEKS,REPUBLICAN,19
Boone,7,GOVERNOR,,RUSS WEEKS,REPUBLICAN,69
Boone,9,GOVERNOR,,RUSS WEEKS,REPUBLICAN,50
Boone,11,GOVERNOR,,RUSS WEEKS,REPUBLICAN,36
Boone,12,GOVERNOR,,RUSS WEEKS,REPUBLICAN,132
Boone,13,GOVERNOR,,RUSS WEEKS,REPUBLICAN,88
Boone,14,GOVERNOR,,RUSS WEEKS,REPUBLICAN,82
Boone,15,GOVERNOR,,RUSS WEEKS,REPUBLICAN,93
Boone,16,GOVERNOR,,RUSS WEEKS,REPUBLICAN,18
Boone,17,GOVERNOR,,RUSS WEEKS,REPUBLICAN,73
Boone,18,GOVERNOR,,RUSS WEEKS,REPUBLICAN,28
Boone,19,GOVERNOR,,RUSS WEEKS,REPUBLICAN,75
Boone,22,GOVERNOR,,RUSS WEEKS,REPUBLICAN,64
Boone,23,GOVERNOR,,RUSS WEEKS,REPUBLICAN,52
Boone,25,GOVERNOR,,RUSS WEEKS,REPUBLICAN,106
Boone,30,GOVERNOR,,RUSS WEEKS,REPUBLICAN,82
Boone,31,GOVERNOR,,RUSS WEEKS,REPUBLICAN,46
Boone,32,GOVERNOR,,RUSS WEEKS,REPUBLICAN,36
Boone,33,GOVERNOR,,RUSS WEEKS,REPUBLICAN,45
Boone,35,GOVERNOR,,RUSS WEEKS,REPUBLICAN,14
Boone,36,GOVERNOR,,RUSS WEEKS,REPUBLICAN,40
Boone,38,GOVERNOR,,RUSS WEEKS,REPUBLICAN,25
Boone,40,GOVERNOR,,RUSS WEEKS,REPUBLICAN,24
Boone,41,GOVERNOR,,RUSS WEEKS,REPUBLICAN,39
Boone,45,GOVERNOR,,RUSS WEEKS,REPUBLICAN,41
Boone,46,GOVERNOR,,RUSS WEEKS,REPUBLICAN,30
Boone,47,GOVERNOR,,RUSS WEEKS,REPUBLICAN,15
Boone,48,GOVERNOR,,RUSS WEEKS,REPUBLICAN,18
Boone,49,GOVERNOR,,RUSS WEEKS,REPUBLICAN,19
Boone,50,GOVERNOR,,RUSS WEEKS,REPUBLICAN,21
Boone,51,GOVERNOR,,RUSS WEEKS,REPUBLICAN,25
Boone,52,GOVERNOR,,RUSS WEEKS,REPUBLICAN,25
Boone,53,GOVERNOR,,RUSS WEEKS,REPUBLICAN,24
Boone,Total,GOVERNOR,,RUSS WEEKS,REPUBLICAN,1729
Boone,1,GOVERNOR,,JOE MANCHIN III,DEMOCRATIC,151
Boone,2,GOVERNOR,,JOE MANCHIN III,DEMOCRATIC,222
Boone,3,GOVERNOR,,JOE MANCHIN III,DEMOCRATIC,174
Boone,4,GOVERNOR,,JOE MANCHIN III,DEMOCRATIC,125
Boone,5,GOVERNOR,,JOE MANCHIN III,DEMOCRATIC,101
Boone,7,GOVERNOR,,JOE MANCHIN III,DEMOCRATIC,257
Boone,9,GOVERNOR,,JOE MANCHIN III,DEMOCRATIC,152
Boone,11,GOVERNOR,,JOE MANCHIN III,DEMOCRATIC,99
Boone,12,GOVERNOR,,JOE MANCHIN III,DEMOCRATIC,337
Boone,13,GOVERNOR,,JOE MANCHIN III,DEMOCRATIC,245
Boone,14,GOVERNOR,,JOE MANCHIN III,DEMOCRATIC,268
Boone,15,GOVERNOR,,JOE MANCHIN III,DEMOCRATIC,380
Boone,16,GOVERNOR,,JOE MANCHIN III,DEMOCRATIC,73
Boone,17,GOVERNOR,,JOE MANCHIN III,DEMOCRATIC,147
Boone,18,GOVERNOR,,JOE MANCHIN III,DEMOCRATIC,76
Boone,19,GOVERNOR,,JOE MANCHIN III,DEMOCRATIC,218
Boone,22,GOVERNOR,,JOE MANCHIN III,DEMOCRATIC,225
Boone,23,GOVERNOR,,JOE MANCHIN III,DEMOCRATIC,207
Boone,25,GOVERNOR,,JOE MANCHIN III,DEMOCRATIC,237
Boone,30,GOVERNOR,,JOE MANCHIN III,DEMOCRATIC,264
Boone,31,GOVERNOR,,JOE MANCHIN III,DEMOCRATIC,177
Boone,32,GOVERNOR,,JOE MANCHIN III,DEMOCRATIC,141
Boone,33,GOVERNOR,,JOE MANCHIN III,DEMOCRATIC,173
Boone,35,GOVERNOR,,JOE MANCHIN III,DEMOCRATIC,68
Boone,36,GOVERNOR,,JOE MANCHIN III,DEMOCRATIC,125
Boone,38,GOVERNOR,,JOE MANCHIN III,DEMOCRATIC,97
Boone,40,GOVERNOR,,JOE MANCHIN III,DEMOCRATIC,107
Boone,41,GOVERNOR,,JOE MANCHIN III,DEMOCRATIC,127
Boone,45,GOVERNOR,,JOE MANCHIN III,DEMOCRATIC,282
Boone,46,GOVERNOR,,JOE MANCHIN III,DEMOCRATIC,204
Boone,47,GOVERNOR,,JOE MANCHIN III,DEMOCRATIC,64
Boone,48,GOVERNOR,,JOE MANCHIN III,DEMOCRATIC,73
Boone,49,GOVERNOR,,JOE MANCHIN III,DEMOCRATIC,77
Boone,50,GOVERNOR,,JOE MANCHIN III,DEMOCRATIC,88
Boone,51,GOVERNOR,,JOE MANCHIN III,DEMOCRATIC,107
Boone,52,GOVERNOR,,JOE MANCHIN III,DEMOCRATIC,133
Boone,53,GOVERNOR,,JOE MANCHIN III,DEMOCRATIC,123
Boone,Total,GOVERNOR,,JOE MANCHIN III,DEMOCRATIC,6124
Boone,1,GOVERNOR,,JESSE JOHNSON,MOUNTAIN,16
Boone,2,GOVERNOR,,JESSE JOHNSON,MOUNTAIN,10
Boone,3,GOVERNOR,,JESSE JOHNSON,MOUNTAIN,9
Boone,4,GOVERNOR,,JESSE JOHNSON,MOUNTAIN,12
Boone,5,GOVERNOR,,JESSE JOHNSON,MOUNTAIN,6
Boone,7,GOVERNOR,,JESSE JOHNSON,MOUNTAIN,28
Boone,9,GOVERNOR,,JESSE JOHNSON,MOUNTAIN,14
Boone,11,GOVERNOR,,JESSE JOHNSON,MOUNTAIN,8
Boone,12,GOVERNOR,,JESSE JOHNSON,MOUNTAIN,28
Boone,13,GOVERNOR,,JESSE JOHNSON,MOUNTAIN,20
Boone,14,GOVERNOR,,JESSE JOHNSON,MOUNTAIN,21
Boone,15,GOVERNOR,,JESSE JOHNSON,MOUNTAIN,26
Boone,16,GOVERNOR,,JESSE JOHNSON,MOUNTAIN,5
Boone,17,GOVERNOR,,JESSE JOHNSON,MOUNTAIN,11
Boone,18,GOVERNOR,,JESSE JOHNSON,MOUNTAIN,5
Boone,19,GOVERNOR,,JESSE JOHNSON,MOUNTAIN,15
Boone,22,GOVERNOR,,JESSE JOHNSON,MOUNTAIN,29
Boone,23,GOVERNOR,,JESSE JOHNSON,MOUNTAIN,15
Boone,25,GOVERNOR,,JESSE JOHNSON,MOUNTAIN,30
Boone,30,GOVERNOR,,JESSE JOHNSON,MOUNTAIN,26
Boone,31,GOVERNOR,,JESSE JOHNSON,MOUNTAIN,15
Boone,32,GOVERNOR,,JESSE JOHNSON,MOUNTAIN,11
Boone,33,GOVERNOR,,JESSE JOHNSON,MOUNTAIN,8
Boone,35,GOVERNOR,,JESSE JOHNSON,MOUNTAIN,5
Boone,36,GOVERNOR,,JESSE JOHNSON,MOUNTAIN,13
Boone,38,GOVERNOR,,JESSE JOHNSON,MOUNTAIN,4
Boone,40,GOVERNOR,,JESSE JOHNSON,MOUNTAIN,7
Boone,41,GOVERNOR,,JESSE JOHNSON,MOUNTAIN,12
Boone,45,GOVERNOR,,JESSE JOHNSON,MOUNTAIN,22
Boone,46,GOVERNOR,,JESSE JOHNSON,MOUNTAIN,13
Boone,47,GOVERNOR,,JESSE JOHNSON,MOUNTAIN,6
Boone,48,GOVERNOR,,JESSE JOHNSON,MOUNTAIN,2
Boone,49,GOVERNOR,,JESSE JOHNSON,MOUNTAIN,15
Boone,50,GOVERNOR,,JESSE JOHNSON,MOUNTAIN,3
Boone,51,GOVERNOR,,JESSE JOHNSON,MOUNTAIN,9
Boone,52,GOVERNOR,,JESSE JOHNSON,MOUNTAIN,6
Boone,53,GOVERNOR,,JESSE JOHNSON,MOUNTAIN,4
Boone,Total,GOVERNOR,,JESSE JOHNSON,MOUNTAIN,489
Boone,1,SECRETARY OF STATE,,CHARLES MINIMAH,REPUBLICAN,41
Boone,2,SECRETARY OF STATE,,CHARLES MINIMAH,REPUBLICAN,32
Boone,3,SECRETARY OF STATE,,CHARLES MINIMAH,REPUBLICAN,48
Boone,4,SECRETARY OF STATE,,CHARLES MINIMAH,REPUBLICAN,20
Boone,5,SECRETARY OF STATE,,CHARLES MINIMAH,REPUBLICAN,18
Boone,7,SECRETARY OF STATE,,CHARLES MINIMAH,REPUBLICAN,50
Boone,9,SECRETARY OF STATE,,CHARLES MINIMAH,REPUBLICAN,51
Boone,11,SECRETARY OF STATE,,CHARLES MINIMAH,REPUBLICAN,44
Boone,12,SECRETARY OF STATE,,CHARLES MINIMAH,REPUBLICAN,80
Boone,13,SECRETARY OF STATE,,CHARLES MINIMAH,REPUBLICAN,54
Boone,14,SECRETARY OF STATE,,CHARLES MINIMAH,REPUBLICAN,76
Boone,15,SECRETARY OF STATE,,CHARLES MINIMAH,REPUBLICAN,85
Boone,16,SECRETARY OF STATE,,CHARLES MINIMAH,REPUBLICAN,26
Boone,17,SECRETARY OF STATE,,CHARLES MINIMAH,REPUBLICAN,59
Boone,18,SECRETARY OF STATE,,CHARLES MINIMAH,REPUBLICAN,41
Boone,19,SECRETARY OF STATE,,CHARLES MINIMAH,REPUBLICAN,50
Boone,22,SECRETARY OF STATE,,CHARLES MINIMAH,REPUBLICAN,59
Boone,23,SECRETARY OF STATE,,CHARLES MINIMAH,REPUBLICAN,41
Boone,25,SECRETARY OF STATE,,CHARLES MINIMAH,REPUBLICAN,92
Boone,30,SECRETARY OF STATE,,CHARLES MINIMAH,REPUBLICAN,57
Boone,31,SECRETARY OF STATE,,CHARLES MINIMAH,REPUBLICAN,44
Boone,32,SECRETARY OF STATE,,CHARLES MINIMAH,REPUBLICAN,28
Boone,33,SECRETARY OF STATE,,CHARLES MINIMAH,REPUBLICAN,32
Boone,35,SECRETARY OF STATE,,CHARLES MINIMAH,REPUBLICAN,12
Boone,36,SECRETARY OF STATE,,CHARLES MINIMAH,REPUBLICAN,44
Boone,38,SECRETARY OF STATE,,CHARLES MINIMAH,REPUBLICAN,24
Boone,40,SECRETARY OF STATE,,CHARLES MINIMAH,REPUBLICAN,29
Boone,41,SECRETARY OF STATE,,CHARLES MINIMAH,REPUBLICAN,39
Boone,45,SECRETARY OF STATE,,CHARLES MINIMAH,REPUBLICAN,47
Boone,46,SECRETARY OF STATE,,CHARLES MINIMAH,REPUBLICAN,29
Boone,47,SECRETARY OF STATE,,CHARLES MINIMAH,REPUBLICAN,12
Boone,48,SECRETARY OF STATE,,CHARLES MINIMAH,REPUBLICAN,6
Boone,49,SECRETARY OF STATE,,CHARLES MINIMAH,REPUBLICAN,24
Boone,50,SECRETARY OF STATE,,CHARLES MINIMAH,REPUBLICAN,21
Boone,51,SECRETARY OF STATE,,CHARLES MINIMAH,REPUBLICAN,23
Boone,52,SECRETARY OF STATE,,CHARLES MINIMAH,REPUBLICAN,24
Boone,53,SECRETARY OF STATE,,CHARLES MINIMAH,REPUBLICAN,23
Boone,Total,SECRETARY OF STATE,,CHARLES MINIMAH,REPUBLICAN,1485
Boone,1,SECRETARY OF STATE,,NATALIE TENNANT,DEMOCRATIC,161
Boone,2,SECRETARY OF STATE,,NATALIE TENNANT,DEMOCRATIC,245
Boone,3,SECRETARY OF STATE,,NATALIE TENNANT,DEMOCRATIC,188
Boone,4,SECRETARY OF STATE,,NATALIE TENNANT,DEMOCRATIC,134
Boone,5,SECRETARY OF STATE,,NATALIE TENNANT,DEMOCRATIC,107
Boone,7,SECRETARY OF STATE,,NATALIE TENNANT,DEMOCRATIC,286
Boone,9,SECRETARY OF STATE,,NATALIE TENNANT,DEMOCRATIC,165
Boone,11,SECRETARY OF STATE,,NATALIE TENNANT,DEMOCRATIC,91
Boone,12,SECRETARY OF STATE,,NATALIE TENNANT,DEMOCRATIC,399
Boone,13,SECRETARY OF STATE,,NATALIE TENNANT,DEMOCRATIC,301
Boone,14,SECRETARY OF STATE,,NATALIE TENNANT,DEMOCRATIC,293
Boone,15,SECRETARY OF STATE,,NATALIE TENNANT,DEMOCRATIC,408
Boone,16,SECRETARY OF STATE,,NATALIE TENNANT,DEMOCRATIC,71
Boone,17,SECRETARY OF STATE,,NATALIE TENNANT,DEMOCRATIC,173
Boone,18,SECRETARY OF STATE,,NATALIE TENNANT,DEMOCRATIC,69
Boone,19,SECRETARY OF STATE,,NATALIE TENNANT,DEMOCRATIC,256
Boone,22,SECRETARY OF STATE,,NATALIE TENNANT,DEMOCRATIC,257
Boone,23,SECRETARY OF STATE,,NATALIE TENNANT,DEMOCRATIC,230
Boone,25,SECRETARY OF STATE,,NATALIE TENNANT,DEMOCRATIC,273
Boone,30,SECRETARY OF STATE,,NATALIE TENNANT,DEMOCRATIC,314
Boone,31,SECRETARY OF STATE,,NATALIE TENNANT,DEMOCRATIC,191
Boone,32,SECRETARY OF STATE,,NATALIE TENNANT,DEMOCRATIC,159
Boone,33,SECRETARY OF STATE,,NATALIE TENNANT,DEMOCRATIC,196
Boone,35,SECRETARY OF STATE,,NATALIE TENNANT,DEMOCRATIC,73
Boone,36,SECRETARY OF STATE,,NATALIE TENNANT,DEMOCRATIC,132
Boone,38,SECRETARY OF STATE,,NATALIE TENNANT,DEMOCRATIC,100
Boone,40,SECRETARY OF STATE,,NATALIE TENNANT,DEMOCRATIC,110
Boone,41,SECRETARY OF STATE,,NATALIE TENNANT,DEMOCRATIC,138
Boone,45,SECRETARY OF STATE,,NATALIE TENNANT,DEMOCRATIC,294
Boone,46,SECRETARY OF STATE,,NATALIE TENNANT,DEMOCRATIC,212
Boone,47,SECRETARY OF STATE,,NATALIE TENNANT,DEMOCRATIC,75
Boone,48,SECRETARY OF STATE,,NATALIE TENNANT,DEMOCRATIC,82
Boone,49,SECRETARY OF STATE,,NATALIE TENNANT,DEMOCRATIC,88
Boone,50,SECRETARY OF STATE,,NATALIE TENNANT,DEMOCRATIC,87
Boone,51,SECRETARY OF STATE,,NATALIE TENNANT,DEMOCRATIC,113
Boone,52,SECRETARY OF STATE,,NATALIE TENNANT,DEMOCRATIC,131
Boone,53,SECRETARY OF STATE,,NATALIE TENNANT,DEMOCRATIC,127
Boone,Total,SECRETARY OF STATE,,NATALIE TENNANT,DEMOCRATIC,6731
Boone,1,AUDITOR,,GLEN B. GAINER III  ,DEMOCRATIC,168
Boone,2,AUDITOR,,GLEN B. GAINER III  ,DEMOCRATIC,245
Boone,3,AUDITOR,,GLEN B. GAINER III  ,DEMOCRATIC,197
Boone,4,AUDITOR,,GLEN B. GAINER III  ,DEMOCRATIC,138
Boone,5,AUDITOR,,GLEN B. GAINER III  ,DEMOCRATIC,116
Boone,7,AUDITOR,,GLEN B. GAINER III  ,DEMOCRATIC,292
Boone,9,AUDITOR,,GLEN B. GAINER III  ,DEMOCRATIC,179
Boone,11,AUDITOR,,GLEN B. GAINER III  ,DEMOCRATIC,102
Boone,12,AUDITOR,,GLEN B. GAINER III  ,DEMOCRATIC,395
Boone,13,AUDITOR,,GLEN B. GAINER III  ,DEMOCRATIC,292
Boone,14,AUDITOR,,GLEN B. GAINER III  ,DEMOCRATIC,315
Boone,15,AUDITOR,,GLEN B. GAINER III  ,DEMOCRATIC,436
Boone,16,AUDITOR,,GLEN B. GAINER III  ,DEMOCRATIC,78
Boone,17,AUDITOR,,GLEN B. GAINER III  ,DEMOCRATIC,185
Boone,18,AUDITOR,,GLEN B. GAINER III  ,DEMOCRATIC,73
Boone,19,AUDITOR,,GLEN B. GAINER III  ,DEMOCRATIC,253
Boone,22,AUDITOR,,GLEN B. GAINER III  ,DEMOCRATIC,260
Boone,23,AUDITOR,,GLEN B. GAINER III  ,DEMOCRATIC,239
Boone,25,AUDITOR,,GLEN B. GAINER III  ,DEMOCRATIC,281
Boone,30,AUDITOR,,GLEN B. GAINER III  ,DEMOCRATIC,319
Boone,31,AUDITOR,,GLEN B. GAINER III  ,DEMOCRATIC,206
Boone,32,AUDITOR,,GLEN B. GAINER III  ,DEMOCRATIC,164
Boone,33,AUDITOR,,GLEN B. GAINER III  ,DEMOCRATIC,200
Boone,35,AUDITOR,,GLEN B. GAINER III  ,DEMOCRATIC,75
Boone,36,AUDITOR,,GLEN B. GAINER III  ,DEMOCRATIC,147
Boone,38,AUDITOR,,GLEN B. GAINER III  ,DEMOCRATIC,103
Boone,40,AUDITOR,,GLEN B. GAINER III  ,DEMOCRATIC,112
Boone,41,AUDITOR,,GLEN B. GAINER III  ,DEMOCRATIC,153
Boone,45,AUDITOR,,GLEN B. GAINER III  ,DEMOCRATIC,298
Boone,46,AUDITOR,,GLEN B. GAINER III  ,DEMOCRATIC,216
Boone,47,AUDITOR,,GLEN B. GAINER III  ,DEMOCRATIC,72
Boone,48,AUDITOR,,GLEN B. GAINER III  ,DEMOCRATIC,82
Boone,49,AUDITOR,,GLEN B. GAINER III  ,DEMOCRATIC,92
Boone,50,AUDITOR,,GLEN B. GAINER III  ,DEMOCRATIC,94
Boone,51,AUDITOR,,GLEN B. GAINER III  ,DEMOCRATIC,117
Boone,52,AUDITOR,,GLEN B. GAINER III  ,DEMOCRATIC,130
Boone,53,AUDITOR,,GLEN B. GAINER III  ,DEMOCRATIC,138
Boone,Total,AUDITOR,,GLEN B. GAINER III  ,DEMOCRATIC,6955
Boone,1,TREASURER,,JOHN D. PERDUE,DEMOCRATIC,176
Boone,2,TREASURER,,JOHN D. PERDUE,DEMOCRATIC,252
Boone,3,TREASURER,,JOHN D. PERDUE,DEMOCRATIC,213
Boone,4,TREASURER,,JOHN D. PERDUE,DEMOCRATIC,142
Boone,5,TREASURER,,JOHN D. PERDUE,DEMOCRATIC,118
Boone,7,TREASURER,,JOHN D. PERDUE,DEMOCRATIC,319
Boone,9,TREASURER,,JOHN D. PERDUE,DEMOCRATIC,182
Boone,11,TREASURER,,JOHN D. PERDUE,DEMOCRATIC,109
Boone,12,TREASURER,,JOHN D. PERDUE,DEMOCRATIC,422
Boone,13,TREASURER,,JOHN D. PERDUE,DEMOCRATIC,307
Boone,14,TREASURER,,JOHN D. PERDUE,DEMOCRATIC,334
Boone,15,TREASURER,,JOHN D. PERDUE,DEMOCRATIC,446
Boone,16,TREASURER,,JOHN D. PERDUE,DEMOCRATIC,79
Boone,17,TREASURER,,JOHN D. PERDUE,DEMOCRATIC,187
Boone,18,TREASURER,,JOHN D. PERDUE,DEMOCRATIC,71
Boone,19,TREASURER,,JOHN D. PERDUE,DEMOCRATIC,267
Boone,22,TREASURER,,JOHN D. PERDUE,DEMOCRATIC,267
Boone,23,TREASURER,,JOHN D. PERDUE,DEMOCRATIC,242
Boone,25,TREASURER,,JOHN D. PERDUE,DEMOCRATIC,285
Boone,30,TREASURER,,JOHN D. PERDUE,DEMOCRATIC,326
Boone,31,TREASURER,,JOHN D. PERDUE,DEMOCRATIC,206
Boone,32,TREASURER,,JOHN D. PERDUE,DEMOCRATIC,165
Boone,33,TREASURER,,JOHN D. PERDUE,DEMOCRATIC,196
Boone,35,TREASURER,,JOHN D. PERDUE,DEMOCRATIC,76
Boone,36,TREASURER,,JOHN D. PERDUE,DEMOCRATIC,154
Boone,38,TREASURER,,JOHN D. PERDUE,DEMOCRATIC,102
Boone,40,TREASURER,,JOHN D. PERDUE,DEMOCRATIC,101
Boone,41,TREASURER,,JOHN D. PERDUE,DEMOCRATIC,157
Boone,45,TREASURER,,JOHN D. PERDUE,DEMOCRATIC,300
Boone,46,TREASURER,,JOHN D. PERDUE,DEMOCRATIC,217
Boone,47,TREASURER,,JOHN D. PERDUE,DEMOCRATIC,71
Boone,48,TREASURER,,JOHN D. PERDUE,DEMOCRATIC,84
Boone,49,TREASURER,,JOHN D. PERDUE,DEMOCRATIC,96
Boone,50,TREASURER,,JOHN D. PERDUE,DEMOCRATIC,94
Boone,51,TREASURER,,JOHN D. PERDUE,DEMOCRATIC,116
Boone,52,TREASURER,,JOHN D. PERDUE,DEMOCRATIC,130
Boone,53,TREASURER,,JOHN D. PERDUE,DEMOCRATIC,142
Boone,Total,TREASURER,,JOHN D. PERDUE,DEMOCRATIC,7151
Boone,1,COMMISSIONER OF AGRICULTURE,,J. MICHAEL TEETS,REPUBLICAN,52
Boone,2,COMMISSIONER OF AGRICULTURE,,J. MICHAEL TEETS,REPUBLICAN,68
Boone,3,COMMISSIONER OF AGRICULTURE,,J. MICHAEL TEETS,REPUBLICAN,54
Boone,4,COMMISSIONER OF AGRICULTURE,,J. MICHAEL TEETS,REPUBLICAN,33
Boone,5,COMMISSIONER OF AGRICULTURE,,J. MICHAEL TEETS,REPUBLICAN,22
Boone,7,COMMISSIONER OF AGRICULTURE,,J. MICHAEL TEETS,REPUBLICAN,86
Boone,9,COMMISSIONER OF AGRICULTURE,,J. MICHAEL TEETS,REPUBLICAN,69
Boone,11,COMMISSIONER OF AGRICULTURE,,J. MICHAEL TEETS,REPUBLICAN,47
Boone,12,COMMISSIONER OF AGRICULTURE,,J. MICHAEL TEETS,REPUBLICAN,140
Boone,13,COMMISSIONER OF AGRICULTURE,,J. MICHAEL TEETS,REPUBLICAN,100
Boone,14,COMMISSIONER OF AGRICULTURE,,J. MICHAEL TEETS,REPUBLICAN,97
Boone,15,COMMISSIONER OF AGRICULTURE,,J. MICHAEL TEETS,REPUBLICAN,135
Boone,16,COMMISSIONER OF AGRICULTURE,,J. MICHAEL TEETS,REPUBLICAN,31
Boone,17,COMMISSIONER OF AGRICULTURE,,J. MICHAEL TEETS,REPUBLICAN,89
Boone,18,COMMISSIONER OF AGRICULTURE,,J. MICHAEL TEETS,REPUBLICAN,50
Boone,19,COMMISSIONER OF AGRICULTURE,,J. MICHAEL TEETS,REPUBLICAN,95
Boone,22,COMMISSIONER OF AGRICULTURE,,J. MICHAEL TEETS,REPUBLICAN,101
Boone,23,COMMISSIONER OF AGRICULTURE,,J. MICHAEL TEETS,REPUBLICAN,49
Boone,25,COMMISSIONER OF AGRICULTURE,,J. MICHAEL TEETS,REPUBLICAN,128
Boone,30,COMMISSIONER OF AGRICULTURE,,J. MICHAEL TEETS,REPUBLICAN,92
Boone,31,COMMISSIONER OF AGRICULTURE,,J. MICHAEL TEETS,REPUBLICAN,64
Boone,32,COMMISSIONER OF AGRICULTURE,,J. MICHAEL TEETS,REPUBLICAN,50
Boone,33,COMMISSIONER OF AGRICULTURE,,J. MICHAEL TEETS,REPUBLICAN,47
Boone,35,COMMISSIONER OF AGRICULTURE,,J. MICHAEL TEETS,REPUBLICAN,20
Boone,36,COMMISSIONER OF AGRICULTURE,,J. MICHAEL TEETS,REPUBLICAN,42
Boone,38,COMMISSIONER OF AGRICULTURE,,J. MICHAEL TEETS,REPUBLICAN,33
Boone,40,COMMISSIONER OF AGRICULTURE,,J. MICHAEL TEETS,REPUBLICAN,39
Boone,41,COMMISSIONER OF AGRICULTURE,,J. MICHAEL TEETS,REPUBLICAN,46
Boone,45,COMMISSIONER OF AGRICULTURE,,J. MICHAEL TEETS,REPUBLICAN,61
Boone,46,COMMISSIONER OF AGRICULTURE,,J. MICHAEL TEETS,REPUBLICAN,45
Boone,47,COMMISSIONER OF AGRICULTURE,,J. MICHAEL TEETS,REPUBLICAN,12
Boone,48,COMMISSIONER OF AGRICULTURE,,J. MICHAEL TEETS,REPUBLICAN,15
Boone,49,COMMISSIONER OF AGRICULTURE,,J. MICHAEL TEETS,REPUBLICAN,27
Boone,50,COMMISSIONER OF AGRICULTURE,,J. MICHAEL TEETS,REPUBLICAN,28
Boone,51,COMMISSIONER OF AGRICULTURE,,J. MICHAEL TEETS,REPUBLICAN,29
Boone,52,COMMISSIONER OF AGRICULTURE,,J. MICHAEL TEETS,REPUBLICAN,34
Boone,53,COMMISSIONER OF AGRICULTURE,,J. MICHAEL TEETS,REPUBLICAN,29
Boone,Total,COMMISSIONER OF AGRICULTURE,,J. MICHAEL TEETS,REPUBLICAN,2155
Boone,1,COMMISSIONER OF AGRICULTURE,,GUS R. DOUGLASS,DEMOCRATIC,150
Boone,2,COMMISSIONER OF AGRICULTURE,,GUS R. DOUGLASS,DEMOCRATIC,206
Boone,3,COMMISSIONER OF AGRICULTURE,,GUS R. DOUGLASS,DEMOCRATIC,175
Boone,4,COMMISSIONER OF AGRICULTURE,,GUS R. DOUGLASS,DEMOCRATIC,114
Boone,5,COMMISSIONER OF AGRICULTURE,,GUS R. DOUGLASS,DEMOCRATIC,101
Boone,7,COMMISSIONER OF AGRICULTURE,,GUS R. DOUGLASS,DEMOCRATIC,249
Boone,9,COMMISSIONER OF AGRICULTURE,,GUS R. DOUGLASS,DEMOCRATIC,143
Boone,11,COMMISSIONER OF AGRICULTURE,,GUS R. DOUGLASS,DEMOCRATIC,79
Boone,12,COMMISSIONER OF AGRICULTURE,,GUS R. DOUGLASS,DEMOCRATIC,326
Boone,13,COMMISSIONER OF AGRICULTURE,,GUS R. DOUGLASS,DEMOCRATIC,244
Boone,14,COMMISSIONER OF AGRICULTURE,,GUS R. DOUGLASS,DEMOCRATIC,270
Boone,15,COMMISSIONER OF AGRICULTURE,,GUS R. DOUGLASS,DEMOCRATIC,353
Boone,16,COMMISSIONER OF AGRICULTURE,,GUS R. DOUGLASS,DEMOCRATIC,61
Boone,17,COMMISSIONER OF AGRICULTURE,,GUS R. DOUGLASS,DEMOCRATIC,142
Boone,18,COMMISSIONER OF AGRICULTURE,,GUS R. DOUGLASS,DEMOCRATIC,50
Boone,19,COMMISSIONER OF AGRICULTURE,,GUS R. DOUGLASS,DEMOCRATIC,194
Boone,22,COMMISSIONER OF AGRICULTURE,,GUS R. DOUGLASS,DEMOCRATIC,205
Boone,23,COMMISSIONER OF AGRICULTURE,,GUS R. DOUGLASS,DEMOCRATIC,218
Boone,25,COMMISSIONER OF AGRICULTURE,,GUS R. DOUGLASS,DEMOCRATIC,228
Boone,30,COMMISSIONER OF AGRICULTURE,,GUS R. DOUGLASS,DEMOCRATIC,266
Boone,31,COMMISSIONER OF AGRICULTURE,,GUS R. DOUGLASS,DEMOCRATIC,164
Boone,32,COMMISSIONER OF AGRICULTURE,,GUS R. DOUGLASS,DEMOCRATIC,133
Boone,33,COMMISSIONER OF AGRICULTURE,,GUS R. DOUGLASS,DEMOCRATIC,178
Boone,35,COMMISSIONER OF AGRICULTURE,,GUS R. DOUGLASS,DEMOCRATIC,65
Boone,36,COMMISSIONER OF AGRICULTURE,,GUS R. DOUGLASS,DEMOCRATIC,137
Boone,38,COMMISSIONER OF AGRICULTURE,,GUS R. DOUGLASS,DEMOCRATIC,88
Boone,40,COMMISSIONER OF AGRICULTURE,,GUS R. DOUGLASS,DEMOCRATIC,97
Boone,41,COMMISSIONER OF AGRICULTURE,,GUS R. DOUGLASS,DEMOCRATIC,124
Boone,45,COMMISSIONER OF AGRICULTURE,,GUS R. DOUGLASS,DEMOCRATIC,272
Boone,46,COMMISSIONER OF AGRICULTURE,,GUS R. DOUGLASS,DEMOCRATIC,193
Boone,47,COMMISSIONER OF AGRICULTURE,,GUS R. DOUGLASS,DEMOCRATIC,70
Boone,48,COMMISSIONER OF AGRICULTURE,,GUS R. DOUGLASS,DEMOCRATIC,76
Boone,49,COMMISSIONER OF AGRICULTURE,,GUS R. DOUGLASS,DEMOCRATIC,81
Boone,50,COMMISSIONER OF AGRICULTURE,,GUS R. DOUGLASS,DEMOCRATIC,77
Boone,51,COMMISSIONER OF AGRICULTURE,,GUS R. DOUGLASS,DEMOCRATIC,108
Boone,52,COMMISSIONER OF AGRICULTURE,,GUS R. DOUGLASS,DEMOCRATIC,120
Boone,53,COMMISSIONER OF AGRICULTURE,,GUS R. DOUGLASS,DEMOCRATIC,118
Boone,Total,COMMISSIONER OF AGRICULTURE,,GUS R. DOUGLASS,DEMOCRATIC,5875
Boone,1,ATTORNEY GENERAL,,DAN GREEAR,REPUBLICAN,65
Boone,2,ATTORNEY GENERAL,,DAN GREEAR,REPUBLICAN,72
Boone,3,ATTORNEY GENERAL,,DAN GREEAR,REPUBLICAN,94
Boone,4,ATTORNEY GENERAL,,DAN GREEAR,REPUBLICAN,40
Boone,5,ATTORNEY GENERAL,,DAN GREEAR,REPUBLICAN,22
Boone,7,ATTORNEY GENERAL,,DAN GREEAR,REPUBLICAN,100
Boone,9,ATTORNEY GENERAL,,DAN GREEAR,REPUBLICAN,76
Boone,11,ATTORNEY GENERAL,,DAN GREEAR,REPUBLICAN,59
Boone,12,ATTORNEY GENERAL,,DAN GREEAR,REPUBLICAN,187
Boone,13,ATTORNEY GENERAL,,DAN GREEAR,REPUBLICAN,132
Boone,14,ATTORNEY GENERAL,,DAN GREEAR,REPUBLICAN,118
Boone,15,ATTORNEY GENERAL,,DAN GREEAR,REPUBLICAN,174
Boone,16,ATTORNEY GENERAL,,DAN GREEAR,REPUBLICAN,31
Boone,17,ATTORNEY GENERAL,,DAN GREEAR,REPUBLICAN,83
Boone,18,ATTORNEY GENERAL,,DAN GREEAR,REPUBLICAN,50
Boone,19,ATTORNEY GENERAL,,DAN GREEAR,REPUBLICAN,121
Boone,22,ATTORNEY GENERAL,,DAN GREEAR,REPUBLICAN,97
Boone,23,ATTORNEY GENERAL,,DAN GREEAR,REPUBLICAN,69
Boone,25,ATTORNEY GENERAL,,DAN GREEAR,REPUBLICAN,138
Boone,30,ATTORNEY GENERAL,,DAN GREEAR,REPUBLICAN,125
Boone,31,ATTORNEY GENERAL,,DAN GREEAR,REPUBLICAN,80
Boone,32,ATTORNEY GENERAL,,DAN GREEAR,REPUBLICAN,55
Boone,33,ATTORNEY GENERAL,,DAN GREEAR,REPUBLICAN,70
Boone,35,ATTORNEY GENERAL,,DAN GREEAR,REPUBLICAN,30
Boone,36,ATTORNEY GENERAL,,DAN GREEAR,REPUBLICAN,52
Boone,38,ATTORNEY GENERAL,,DAN GREEAR,REPUBLICAN,36
Boone,40,ATTORNEY GENERAL,,DAN GREEAR,REPUBLICAN,46
Boone,41,ATTORNEY GENERAL,,DAN GREEAR,REPUBLICAN,45
Boone,45,ATTORNEY GENERAL,,DAN GREEAR,REPUBLICAN,90
Boone,46,ATTORNEY GENERAL,,DAN GREEAR,REPUBLICAN,50
Boone,47,ATTORNEY GENERAL,,DAN GREEAR,REPUBLICAN,16
Boone,48,ATTORNEY GENERAL,,DAN GREEAR,REPUBLICAN,21
Boone,49,ATTORNEY GENERAL,,DAN GREEAR,REPUBLICAN,34
Boone,50,ATTORNEY GENERAL,,DAN GREEAR,REPUBLICAN,25
Boone,51,ATTORNEY GENERAL,,DAN GREEAR,REPUBLICAN,38
Boone,52,ATTORNEY GENERAL,,DAN GREEAR,REPUBLICAN,46
Boone,53,ATTORNEY GENERAL,,DAN GREEAR,REPUBLICAN,36
Boone,Total,ATTORNEY GENERAL,,DAN GREEAR,REPUBLICAN,2623
Boone,1,ATTORNEY GENERAL,,DARRELL McGRAW,DEMOCRATIC,141
Boone,2,ATTORNEY GENERAL,,DARRELL McGRAW,DEMOCRATIC,211
Boone,3,ATTORNEY GENERAL,,DARRELL McGRAW,DEMOCRATIC,144
Boone,4,ATTORNEY GENERAL,,DARRELL McGRAW,DEMOCRATIC,111
Boone,5,ATTORNEY GENERAL,,DARRELL McGRAW,DEMOCRATIC,103
Boone,7,ATTORNEY GENERAL,,DARRELL McGRAW,DEMOCRATIC,233
Boone,9,ATTORNEY GENERAL,,DARRELL McGRAW,DEMOCRATIC,143
Boone,11,ATTORNEY GENERAL,,DARRELL McGRAW,DEMOCRATIC,74
Boone,12,ATTORNEY GENERAL,,DARRELL McGRAW,DEMOCRATIC,300
Boone,13,ATTORNEY GENERAL,,DARRELL McGRAW,DEMOCRATIC,219
Boone,14,ATTORNEY GENERAL,,DARRELL McGRAW,DEMOCRATIC,251
Boone,15,ATTORNEY GENERAL,,DARRELL McGRAW,DEMOCRATIC,318
Boone,16,ATTORNEY GENERAL,,DARRELL McGRAW,DEMOCRATIC,63
Boone,17,ATTORNEY GENERAL,,DARRELL McGRAW,DEMOCRATIC,149
Boone,18,ATTORNEY GENERAL,,DARRELL McGRAW,DEMOCRATIC,58
Boone,19,ATTORNEY GENERAL,,DARRELL McGRAW,DEMOCRATIC,184
Boone,22,ATTORNEY GENERAL,,DARRELL McGRAW,DEMOCRATIC,221
Boone,23,ATTORNEY GENERAL,,DARRELL McGRAW,DEMOCRATIC,206
Boone,25,ATTORNEY GENERAL,,DARRELL McGRAW,DEMOCRATIC,241
Boone,30,ATTORNEY GENERAL,,DARRELL McGRAW,DEMOCRATIC,240
Boone,31,ATTORNEY GENERAL,,DARRELL McGRAW,DEMOCRATIC,154
Boone,32,ATTORNEY GENERAL,,DARRELL McGRAW,DEMOCRATIC,134
Boone,33,ATTORNEY GENERAL,,DARRELL McGRAW,DEMOCRATIC,150
Boone,35,ATTORNEY GENERAL,,DARRELL McGRAW,DEMOCRATIC,56
Boone,36,ATTORNEY GENERAL,,DARRELL McGRAW,DEMOCRATIC,126
Boone,38,ATTORNEY GENERAL,,DARRELL McGRAW,DEMOCRATIC,86
Boone,40,ATTORNEY GENERAL,,DARRELL McGRAW,DEMOCRATIC,89
Boone,41,ATTORNEY GENERAL,,DARRELL McGRAW,DEMOCRATIC,131
Boone,45,ATTORNEY GENERAL,,DARRELL McGRAW,DEMOCRATIC,248
Boone,46,ATTORNEY GENERAL,,DARRELL McGRAW,DEMOCRATIC,194
Boone,47,ATTORNEY GENERAL,,DARRELL McGRAW,DEMOCRATIC,66
Boone,48,ATTORNEY GENERAL,,DARRELL McGRAW,DEMOCRATIC,72
Boone,49,ATTORNEY GENERAL,,DARRELL McGRAW,DEMOCRATIC,76
Boone,50,ATTORNEY GENERAL,,DARRELL McGRAW,DEMOCRATIC,85
Boone,51,ATTORNEY GENERAL,,DARRELL McGRAW,DEMOCRATIC,99
Boone,52,ATTORNEY GENERAL,,DARRELL McGRAW,DEMOCRATIC,113
Boone,53,ATTORNEY GENERAL,,DARRELL McGRAW,DEMOCRATIC,114
Boone,Total,ATTORNEY GENERAL,,DARRELL McGRAW,DEMOCRATIC,5603
Boone,1,STATE SENATOR,7,BILLY MARCUM,REPUBLICAN,39
Boone,2,STATE SENATOR,7,BILLY MARCUM,REPUBLICAN,68
Boone,3,STATE SENATOR,7,BILLY MARCUM,REPUBLICAN,62
Boone,4,STATE SENATOR,7,BILLY MARCUM,REPUBLICAN,28
Boone,5,STATE SENATOR,7,BILLY MARCUM,REPUBLICAN,18
Boone,7,STATE SENATOR,7,BILLY MARCUM,REPUBLICAN,69
Boone,9,STATE SENATOR,7,BILLY MARCUM,REPUBLICAN,69
Boone,11,STATE SENATOR,7,BILLY MARCUM,REPUBLICAN,45
Boone,12,STATE SENATOR,7,BILLY MARCUM,REPUBLICAN,109
Boone,13,STATE SENATOR,7,BILLY MARCUM,REPUBLICAN,73
Boone,14,STATE SENATOR,7,BILLY MARCUM,REPUBLICAN,88
Boone,15,STATE SENATOR,7,BILLY MARCUM,REPUBLICAN,107
Boone,16,STATE SENATOR,7,BILLY MARCUM,REPUBLICAN,21
Boone,17,STATE SENATOR,7,BILLY MARCUM,REPUBLICAN,69
Boone,18,STATE SENATOR,7,BILLY MARCUM,REPUBLICAN,41
Boone,19,STATE SENATOR,7,BILLY MARCUM,REPUBLICAN,71
Boone,22,STATE SENATOR,7,BILLY MARCUM,REPUBLICAN,88
Boone,23,STATE SENATOR,7,BILLY MARCUM,REPUBLICAN,58
Boone,25,STATE SENATOR,7,BILLY MARCUM,REPUBLICAN,113
Boone,30,STATE SENATOR,7,BILLY MARCUM,REPUBLICAN,85
Boone,31,STATE SENATOR,7,BILLY MARCUM,REPUBLICAN,64
Boone,32,STATE SENATOR,7,BILLY MARCUM,REPUBLICAN,48
Boone,33,STATE SENATOR,7,BILLY MARCUM,REPUBLICAN,56
Boone,35,STATE SENATOR,7,BILLY MARCUM,REPUBLICAN,22
Boone,36,STATE SENATOR,7,BILLY MARCUM,REPUBLICAN,43
Boone,38,STATE SENATOR,7,BILLY MARCUM,REPUBLICAN,38
Boone,40,STATE SENATOR,7,BILLY MARCUM,REPUBLICAN,39
Boone,41,STATE SENATOR,7,BILLY MARCUM,REPUBLICAN,39
Boone,45,STATE SENATOR,7,BILLY MARCUM,REPUBLICAN,65
Boone,46,STATE SENATOR,7,BILLY MARCUM,REPUBLICAN,44
Boone,47,STATE SENATOR,7,BILLY MARCUM,REPUBLICAN,15
Boone,48,STATE SENATOR,7,BILLY MARCUM,REPUBLICAN,14
Boone,49,STATE SENATOR,7,BILLY MARCUM,REPUBLICAN,22
Boone,50,STATE SENATOR,7,BILLY MARCUM,REPUBLICAN,20
Boone,51,STATE SENATOR,7,BILLY MARCUM,REPUBLICAN,29
Boone,52,STATE SENATOR,7,BILLY MARCUM,REPUBLICAN,28
Boone,53,STATE SENATOR,7,BILLY MARCUM,REPUBLICAN,28
Boone,Total,STATE SENATOR,7,BILLY MARCUM,REPUBLICAN,1935
Boone,1,STATE SENATOR,7,EARL RAY TOMBLIN,DEMOCRATIC,164
Boone,2,STATE SENATOR,7,EARL RAY TOMBLIN,DEMOCRATIC,212
Boone,3,STATE SENATOR,7,EARL RAY TOMBLIN,DEMOCRATIC,172
Boone,4,STATE SENATOR,7,EARL RAY TOMBLIN,DEMOCRATIC,127
Boone,5,STATE SENATOR,7,EARL RAY TOMBLIN,DEMOCRATIC,107
Boone,7,STATE SENATOR,7,EARL RAY TOMBLIN,DEMOCRATIC,269
Boone,9,STATE SENATOR,7,EARL RAY TOMBLIN,DEMOCRATIC,152
Boone,11,STATE SENATOR,7,EARL RAY TOMBLIN,DEMOCRATIC,90
Boone,12,STATE SENATOR,7,EARL RAY TOMBLIN,DEMOCRATIC,380
Boone,13,STATE SENATOR,7,EARL RAY TOMBLIN,DEMOCRATIC,274
Boone,14,STATE SENATOR,7,EARL RAY TOMBLIN,DEMOCRATIC,278
Boone,15,STATE SENATOR,7,EARL RAY TOMBLIN,DEMOCRATIC,387
Boone,16,STATE SENATOR,7,EARL RAY TOMBLIN,DEMOCRATIC,71
Boone,17,STATE SENATOR,7,EARL RAY TOMBLIN,DEMOCRATIC,157
Boone,18,STATE SENATOR,7,EARL RAY TOMBLIN,DEMOCRATIC,65
Boone,19,STATE SENATOR,7,EARL RAY TOMBLIN,DEMOCRATIC,232
Boone,22,STATE SENATOR,7,EARL RAY TOMBLIN,DEMOCRATIC,221
Boone,23,STATE SENATOR,7,EARL RAY TOMBLIN,DEMOCRATIC,203
Boone,25,STATE SENATOR,7,EARL RAY TOMBLIN,DEMOCRATIC,244
Boone,30,STATE SENATOR,7,EARL RAY TOMBLIN,DEMOCRATIC,276
Boone,31,STATE SENATOR,7,EARL RAY TOMBLIN,DEMOCRATIC,167
Boone,32,STATE SENATOR,7,EARL RAY TOMBLIN,DEMOCRATIC,138
Boone,33,STATE SENATOR,7,EARL RAY TOMBLIN,DEMOCRATIC,164
Boone,35,STATE SENATOR,7,EARL RAY TOMBLIN,DEMOCRATIC,64
Boone,36,STATE SENATOR,7,EARL RAY TOMBLIN,DEMOCRATIC,132
Boone,38,STATE SENATOR,7,EARL RAY TOMBLIN,DEMOCRATIC,81
Boone,40,STATE SENATOR,7,EARL RAY TOMBLIN,DEMOCRATIC,97
Boone,41,STATE SENATOR,7,EARL RAY TOMBLIN,DEMOCRATIC,129
Boone,45,STATE SENATOR,7,EARL RAY TOMBLIN,DEMOCRATIC,276
Boone,46,STATE SENATOR,7,EARL RAY TOMBLIN,DEMOCRATIC,197
Boone,47,STATE SENATOR,7,EARL RAY TOMBLIN,DEMOCRATIC,69
Boone,48,STATE SENATOR,7,EARL RAY TOMBLIN,DEMOCRATIC,76
Boone,49,STATE SENATOR,7,EARL RAY TOMBLIN,DEMOCRATIC,87
Boone,50,STATE SENATOR,7,EARL RAY TOMBLIN,DEMOCRATIC,83
Boone,51,STATE SENATOR,7,EARL RAY TOMBLIN,DEMOCRATIC,107
Boone,52,STATE SENATOR,7,EARL RAY TOMBLIN,DEMOCRATIC,127
Boone,53,STATE SENATOR,7,EARL RAY TOMBLIN,DEMOCRATIC,120
Boone,Total,STATE SENATOR,7,EARL RAY TOMBLIN,DEMOCRATIC,6195
Boone,12,MEMBER OF HOUSE OF DELEGATES,18,LARRY W. BARKER,DEMOCRATIC,427
Boone,13,MEMBER OF HOUSE OF DELEGATES,18,LARRY W. BARKER,DEMOCRATIC,310
Boone,14,MEMBER OF HOUSE OF DELEGATES,18,LARRY W. BARKER,DEMOCRATIC,337
Boone,15,MEMBER OF HOUSE OF DELEGATES,18,LARRY W. BARKER,DEMOCRATIC,456
Boone,16,MEMBER OF HOUSE OF DELEGATES,18,LARRY W. BARKER,DEMOCRATIC,83
Boone,19,MEMBER OF HOUSE OF DELEGATES,18,LARRY W. BARKER,DEMOCRATIC,267
Boone,22,MEMBER OF HOUSE OF DELEGATES,18,LARRY W. BARKER,DEMOCRATIC,270
Boone,23,MEMBER OF HOUSE OF DELEGATES,18,LARRY W. BARKER,DEMOCRATIC,243
Boone,25,MEMBER OF HOUSE OF DELEGATES,18,LARRY W. BARKER,DEMOCRATIC,287
Boone,30,MEMBER OF HOUSE OF DELEGATES,18,LARRY W. BARKER,DEMOCRATIC,341
Boone,31,MEMBER OF HOUSE OF DELEGATES,18,LARRY W. BARKER,DEMOCRATIC,211
Boone,32,MEMBER OF HOUSE OF DELEGATES,18,LARRY W. BARKER,DEMOCRATIC,164
Boone,33,MEMBER OF HOUSE OF DELEGATES,18,LARRY W. BARKER,DEMOCRATIC,201
Boone,35,MEMBER OF HOUSE OF DELEGATES,18,LARRY W. BARKER,DEMOCRATIC,77
Boone,36,MEMBER OF HOUSE OF DELEGATES,18,LARRY W. BARKER,DEMOCRATIC,155
Boone,38,MEMBER OF HOUSE OF DELEGATES,18,LARRY W. BARKER,DEMOCRATIC,105
Boone,40,MEMBER OF HOUSE OF DELEGATES,18,LARRY W. BARKER,DEMOCRATIC,107
Boone,41,MEMBER OF HOUSE OF DELEGATES,18,LARRY W. BARKER,DEMOCRATIC,154
Boone,45,MEMBER OF HOUSE OF DELEGATES,18,LARRY W. BARKER,DEMOCRATIC,299
Boone,46,MEMBER OF HOUSE OF DELEGATES,18,LARRY W. BARKER,DEMOCRATIC,224
Boone,48,MEMBER OF HOUSE OF DELEGATES,18,LARRY W. BARKER,DEMOCRATIC,87
Boone,49,MEMBER OF HOUSE OF DELEGATES,18,LARRY W. BARKER,DEMOCRATIC,98
Boone,50,MEMBER OF HOUSE OF DELEGATES,18,LARRY W. BARKER,DEMOCRATIC,99
Boone,52,MEMBER OF HOUSE OF DELEGATES,18,LARRY W. BARKER,DEMOCRATIC,134
Boone,53,MEMBER OF HOUSE OF DELEGATES,18,LARRY W. BARKER,DEMOCRATIC,146
Boone,Total,MEMBER OF HOUSE OF DELEGATES,18,LARRY W. BARKER,DEMOCRATIC,5282
Boone,1,MEMBER OF HOUSE OF DELEGATES,19,GREG BUTCHER,DEMOCRATIC,126
Boone,2,MEMBER OF HOUSE OF DELEGATES,19,GREG BUTCHER,DEMOCRATIC,213
Boone,3,MEMBER OF HOUSE OF DELEGATES,19,GREG BUTCHER,DEMOCRATIC,163
Boone,4,MEMBER OF HOUSE OF DELEGATES,19,GREG BUTCHER,DEMOCRATIC,129
Boone,5,MEMBER OF HOUSE OF DELEGATES,19,GREG BUTCHER,DEMOCRATIC,108
Boone,7,MEMBER OF HOUSE OF DELEGATES,19,GREG BUTCHER,DEMOCRATIC,234
Boone,9,MEMBER OF HOUSE OF DELEGATES,19,GREG BUTCHER,DEMOCRATIC,149
Boone,11,MEMBER OF HOUSE OF DELEGATES,19,GREG BUTCHER,DEMOCRATIC,71
Boone,17,MEMBER OF HOUSE OF DELEGATES,19,GREG BUTCHER,DEMOCRATIC,141
Boone,18,MEMBER OF HOUSE OF DELEGATES,19,GREG BUTCHER,DEMOCRATIC,61
Boone,47,MEMBER OF HOUSE OF DELEGATES,19,GREG BUTCHER,DEMOCRATIC,63
Boone,51,MEMBER OF HOUSE OF DELEGATES,19,GREG BUTCHER,DEMOCRATIC,93
Boone,Total,MEMBER OF HOUSE OF DELEGATES,19,GREG BUTCHER,DEMOCRATIC,1551
Boone,1,MEMBER OF HOUSE OF DELEGATES,19,JOSH STOWERS,DEMOCRATIC,126
Boone,2,MEMBER OF HOUSE OF DELEGATES,19,JOSH STOWERS,DEMOCRATIC,183
Boone,3,MEMBER OF HOUSE OF DELEGATES,19,JOSH STOWERS,DEMOCRATIC,130
Boone,4,MEMBER OF HOUSE OF DELEGATES,19,JOSH STOWERS,DEMOCRATIC,94
Boone,5,MEMBER OF HOUSE OF DELEGATES,19,JOSH STOWERS,DEMOCRATIC,92
Boone,7,MEMBER OF HOUSE OF DELEGATES,19,JOSH STOWERS,DEMOCRATIC,216
Boone,9,MEMBER OF HOUSE OF DELEGATES,19,JOSH STOWERS,DEMOCRATIC,131
Boone,11,MEMBER OF HOUSE OF DELEGATES,19,JOSH STOWERS,DEMOCRATIC,70
Boone,17,MEMBER OF HOUSE OF DELEGATES,19,JOSH STOWERS,DEMOCRATIC,147
Boone,18,MEMBER OF HOUSE OF DELEGATES,19,JOSH STOWERS,DEMOCRATIC,74
Boone,47,MEMBER OF HOUSE OF DELEGATES,19,JOSH STOWERS,DEMOCRATIC,60
Boone,51,MEMBER OF HOUSE OF DELEGATES,19,JOSH STOWERS,DEMOCRATIC,96
Boone,Total,MEMBER OF HOUSE OF DELEGATES,19,JOSH STOWERS,DEMOCRATIC,1419
Boone,1,MEMBER OF HOUSE OF DELEGATES,19,RALPH RODIGHIERO,DEMOCRATIC,124
Boone,2,MEMBER OF HOUSE OF DELEGATES,19,RALPH RODIGHIERO,DEMOCRATIC,173
Boone,3,MEMBER OF HOUSE OF DELEGATES,19,RALPH RODIGHIERO,DEMOCRATIC,149
Boone,4,MEMBER OF HOUSE OF DELEGATES,19,RALPH RODIGHIERO,DEMOCRATIC,91
Boone,5,MEMBER OF HOUSE OF DELEGATES,19,RALPH RODIGHIERO,DEMOCRATIC,93
Boone,7,MEMBER OF HOUSE OF DELEGATES,19,RALPH RODIGHIERO,DEMOCRATIC,234
Boone,9,MEMBER OF HOUSE OF DELEGATES,19,RALPH RODIGHIERO,DEMOCRATIC,132
Boone,11,MEMBER OF HOUSE OF DELEGATES,19,RALPH RODIGHIERO,DEMOCRATIC,64
Boone,17,MEMBER OF HOUSE OF DELEGATES,19,RALPH RODIGHIERO,DEMOCRATIC,123
Boone,18,MEMBER OF HOUSE OF DELEGATES,19,RALPH RODIGHIERO,DEMOCRATIC,47
Boone,47,MEMBER OF HOUSE OF DELEGATES,19,RALPH RODIGHIERO,DEMOCRATIC,52
Boone,51,MEMBER OF HOUSE OF DELEGATES,19,RALPH RODIGHIERO,DEMOCRATIC,78
Boone,Total,MEMBER OF HOUSE OF DELEGATES,19,RALPH RODIGHIERO,DEMOCRATIC,1360
Boone,1,MEMBER OF HOUSE OF DELEGATES,19,JEFF ELDRIDGE,DEMOCRATIC,132
Boone,2,MEMBER OF HOUSE OF DELEGATES,19,JEFF ELDRIDGE,DEMOCRATIC,186
Boone,3,MEMBER OF HOUSE OF DELEGATES,19,JEFF ELDRIDGE,DEMOCRATIC,163
Boone,4,MEMBER OF HOUSE OF DELEGATES,19,JEFF ELDRIDGE,DEMOCRATIC,101
Boone,5,MEMBER OF HOUSE OF DELEGATES,19,JEFF ELDRIDGE,DEMOCRATIC,97
Boone,7,MEMBER OF HOUSE OF DELEGATES,19,JEFF ELDRIDGE,DEMOCRATIC,229
Boone,9,MEMBER OF HOUSE OF DELEGATES,19,JEFF ELDRIDGE,DEMOCRATIC,128
Boone,11,MEMBER OF HOUSE OF DELEGATES,19,JEFF ELDRIDGE,DEMOCRATIC,76
Boone,17,MEMBER OF HOUSE OF DELEGATES,19,JEFF ELDRIDGE,DEMOCRATIC,138
Boone,18,MEMBER OF HOUSE OF DELEGATES,19,JEFF ELDRIDGE,DEMOCRATIC,67
Boone,47,MEMBER OF HOUSE OF DELEGATES,19,JEFF ELDRIDGE,DEMOCRATIC,58
Boone,51,MEMBER OF HOUSE OF DELEGATES,19,JEFF ELDRIDGE,DEMOCRATIC,87
Boone,Total,MEMBER OF HOUSE OF DELEGATES,19,JEFF ELDRIDGE,DEMOCRATIC,1462