County,Prec,Dist,City,Reg,Cast,Obama
Monongalia,0001 Prec 40,Registered Voters,,Registered,,256
Monongalia,0001 Prec 40,Ballots Cast,,Ballots,,102
Monongalia,0001 Prec 40,U.S. Senate,,Jay Wolfe,REP,28
Monongalia,0001 Prec 40,U.S. Senate,,Jay Rockefeller ,DEM,73
Monongalia,0001 Prec 40,U.S. House,1,Alan Mollohan,DEM,86
Monongalia,0001 Prec 40,U.S. House,1,Write-ins,,1
Monongalia,0001 Prec 40,State Senate,2,Write-ins,,1
Monongalia,0001 Prec 40,State Senate,2,Larry Edgell,DEM,70
Monongalia,0001 Prec 40,House of Delegates,5,Dave Pethtel,DEM,80
Monongalia,0001 Prec 40,House of Delegates,5,Denzil Sloan,CON,5
Monongalia,0001 Prec 40,House of Delegates,,Write-ins,,1
Monongalia,0002 Prec 42,Registered Voters,,Registered,,405
Monongalia,0002 Prec 42,Ballots Cast,,Ballots,,165
Monongalia,0002 Prec 42,U.S. Senate,,Jay Wolfe,REP,57
Monongalia,0002 Prec 42,U.S. Senate,,Jay Rockefeller ,DEM,106
Monongalia,0002 Prec 42,U.S. House,1,Alan Mollohan,DEM,144
Monongalia,0002 Prec 42,U.S. House,2,Write-ins,,1
Monongalia,0002 Prec 42,State Senate,2,Edgell,DEM,119
Monongalia,0002 Prec 42,State Senate,2,Write-ins,,4
Monongalia,0002 Prec 42,House of Delegates,5,Dave Pethtel,DEM,148
Monongalia,0002 Prec 42,House of Delegates,5,Denzil Sloan,CON,6
Monongalia,0003 Prec 93,Registered Voters,,Registered,,6
Monongalia,0003 Prec 93,Ballots Cast,,Ballots,,4
Monongalia,0003 Prec 93,U.S. Senate,,Jay Wolfe,REP,2
Monongalia,0003 Prec 93,U.S. Senate,,Jay Rockefeller,DEM,2
Monongalia,0003 Prec 93,U.S. House,1,Alan Mollohan,DEM,2
Monongalia,0003 Prec 93,State Senate,2,Edgell,DEM,4
Monongalia,0003 Prec 93,House of Delegates,43,Chuck Mullet,REP,1
Monongalia,0003 Prec 93,House of Delegates,43,Donna Renner,REP,1
Monongalia,0003 Prec 93,House of Delegates,43,James Manchin,DEM,3
Monongalia,0003 Prec 93,House of Delegates,43,Mike Caputo,DEM,3
Monongalia,0004 Prec 41,Registered Voters,,Registered,,177
Monongalia,0004 Prec 41,Ballots Cast,,Ballots,,67
Monongalia,0004 Prec 41,U.S. Senate,,Jay Wolfe,REP,29
Monongalia,0004 Prec 41,U.S. Senate,,Jay Rockefeller,DEM,37
Monongalia,0004 Prec 41,U.S. House,1,Alan Mollohan,DEM,54
Monongalia,0004 Prec 41,U.S. House,1,Write-ins,,2
Monongalia,0004 Prec 41,State Senate,2,Edgell,DEM,47
Monongalia,0004 Prec 41,State Senate,2,Write-ins,,2
Monongalia,0004 Prec 41,House of Delegates,44,Frich,REP,34
Monongalia,0004 Prec 41,House of Delegates,44,O'Neill,REP,25
Monongalia,0004 Prec 41,House of Delegates,44,Conley,REP,21
Monongalia,0004 Prec 41,House of Delegates,44,Claypole,DEM,36
Monongalia,0004 Prec 41,House of Delegates,44,Fleischauer,DEM,29
Monongalia,0004 Prec 41,House of Delegates,44,Houston,DEM,28
Monongalia,0004 Prec 41,House of Delegates,44,Beach,DEM,49
Monongalia,0005 Prec 44,Registered Voters,,Registered,,631
Monongalia,0005 Prec 44,Ballots Cast,,Ballots,,228
Monongalia,0005 Prec 44,U.S. Senate,,Jay Wolfe,REP,62
Monongalia,0005 Prec 44,U.S. Senate,,Jay Rockefeller,DEM,160
Monongalia,0005 Prec 44,U.S. House,1,Alan Mollohan,DEM,186
Monongalia,0005 Prec 44,U.S. House,1,Write-ins,,1
Monongalia,0005 Prec 44,State Senate,2,Edgell,DEM,169
Monongalia,0005 Prec 44,State Senate,2,Write-ins,,2
Monongalia,0005 Prec 44,House of Delegates,44,Frich,REP,106
Monongalia,0005 Prec 44,House of Delegates,44,O'Neill,REP,71
Monongalia,0005 Prec 44,House of Delegates,44,Conley,REP,41
Monongalia,0005 Prec 44,House of Delegates,44,Claypole,DEM,144
Monongalia,0005 Prec 44,House of Delegates,44,Fleischauer,DEM,122
Monongalia,0005 Prec 44,House of Delegates,44,Houston,DEM,131
Monongalia,0005 Prec 44,House of Delegates,44,Beach,DEM,142
Monongalia,0006 Prec 47,Registered Voters,,Registered,,512
Monongalia,0006 Prec 47,Ballots Cast,,Ballots,,188
Monongalia,0006 Prec 47,U.S. Senate,,Jay Wolfe,REP,59
Monongalia,0006 Prec 47,U.S. Senate,,Jay Rockefeller,DEM,123
Monongalia,0006 Prec 47,U.S. House,1,Alan Mollohan,DEM,159
Monongalia,0006 Prec 47,U.S. House,1,Write-ins,,1
Monongalia,0006 Prec 47,State Senate,2,Edgell,DEM,142
Monongalia,0006 Prec 47,State Senate,2,Write-ins,,1
Monongalia,0006 Prec 47,House of Delegates,44,Frich,REP,67
Monongalia,0006 Prec 47,House of Delegates,44,O'Neill,REP,64
Monongalia,0006 Prec 47,House of Delegates,44,Conley,REP,32
Monongalia,0006 Prec 47,House of Delegates,44,Claypole,DEM,122
Monongalia,0006 Prec 47,House of Delegates,44,Fleischauer,DEM,117
Monongalia,0006 Prec 47,House of Delegates,44,Houston,DEM,122
Monongalia,0006 Prec 47,House of Delegates,44,Beach,DEM,125
Monongalia,0007 Prec 51,Registered Voters,,Registered,,320
Monongalia,0007 Prec 51,Ballots Cast,,Ballots,,117
Monongalia,0007 Prec 51,U.S. Senate,,Jay Wolfe,REP,33
Monongalia,0007 Prec 51,U.S. Senate,,Jay Rockefeller,DEM,79
Monongalia,0007 Prec 51,U.S. Senate,,Write-ins,,1
Monongalia,0007 Prec 51,U.S. House,1,Alan Mollohan,DEM,92
Monongalia,0007 Prec 51,U.S. House,1,Write-ins,,1
Monongalia,0007 Prec 51,State Senate,2,Edgell,DEM,78
Monongalia,0007 Prec 51,State Senate,2,Write-ins,,1
Monongalia,0007 Prec 51,House of Delegates,44,Frich,REP,41
Monongalia,0007 Prec 51,House of Delegates,44,O'Neill,REP,38
Monongalia,0007 Prec 51,House of Delegates,44,Conley,REP,27
Monongalia,0007 Prec 51,House of Delegates,44,Claypole,DEM,64
Monongalia,0007 Prec 51,House of Delegates,44,Fleischauer,DEM,64
Monongalia,0007 Prec 51,House of Delegates,44,Houston,DEM,61
Monongalia,0007 Prec 51,House of Delegates,44,Beach,DEM,91
Monongalia,0008 Prec 52,Registered Voters,,Registered,,429
Monongalia,0008 Prec 52,Ballots Cast,,Ballots,,178
Monongalia,0008 Prec 52,U.S. Senate,,Jay Wolfe,REP,60
Monongalia,0008 Prec 52,U.S. Senate,,Jay Rockefeller,DEM,116
Monongalia,0008 Prec 52,U.S. House,1,Alan Mollohan,DEM,150
Monongalia,0008 Prec 52,U.S. House,1,Write-ins,,1
Monongalia,0008 Prec 52,State Senate,2,Edgell,DEM,136
Monongalia,0008 Prec 52,House of Delegates,44,Frich,REP,70
Monongalia,0008 Prec 52,House of Delegates,44,O'Neill,REP,44
Monongalia,0008 Prec 52,House of Delegates,44,Conley,REP,29
Monongalia,0008 Prec 52,House of Delegates,44,Claypole,DEM,96
Monongalia,0008 Prec 52,House of Delegates,44,Fleischauer,DEM,93
Monongalia,0008 Prec 52,House of Delegates,44,Houston,DEM,93
Monongalia,0008 Prec 52,House of Delegates,44,Beach,DEM,143
Monongalia,0008 Prec 52,House of Delegates,44,Write-ins,,1
Monongalia,0009 Prec 53,Registered Voters,,Registered,,340
Monongalia,0009 Prec 53,Ballots Cast,,Ballots,,106
Monongalia,0009 Prec 53,U.S. Senate,,Jay Wolfe,REP,35
Monongalia,0009 Prec 53,U.S. Senate,,Jay Rockefeller,DEM,68
Monongalia,0009 Prec 53,U.S. Senate,,Write-ins,,2
Monongalia,0009 Prec 53,U.S. House,1,Alan Mollohan,DEM,81
Monongalia,0009 Prec 53,U.S. House,1,Write-ins,,4
Monongalia,0009 Prec 53,State Senate,2,Edgell,DEM,60
Monongalia,0009 Prec 53,State Senate,2,Write-ins,,4
Monongalia,0009 Prec 53,House of Delegates,44,Frich,REP,49
Monongalia,0009 Prec 53,House of Delegates,44,O'Neill,REP,36
Monongalia,0009 Prec 53,House of Delegates,44,Conley,REP,25
Monongalia,0009 Prec 53,House of Delegates,44,Claypole,DEM,62
Monongalia,0009 Prec 53,House of Delegates,44,Fleischauer,DEM,54
Monongalia,0009 Prec 53,House of Delegates,44,Houston,DEM,52
Monongalia,0009 Prec 53,House of Delegates,44,Beach,DEM,76
Monongalia,0009 Prec 53,House of Delegates,44,Write-ins,,3
Monongalia,0010 Prec 54,Registered Voters,,Registered,,422
Monongalia,0010 Prec 54,Ballots Cast,,Ballots,,147
Monongalia,0010 Prec 54,U.S. Senate,,Jay Wolfe,REP,60
Monongalia,0010 Prec 54,U.S. Senate,,Jay Rockefeller,DEM,84
Monongalia,0010 Prec 54,U.S. House,1,Alan Mollohan,DEM,109
Monongalia,0010 Prec 54,State Senate,2,Edgell,DEM,96
Monongalia,0010 Prec 54,State Senate,2,Write-ins,,1
Monongalia,0010 Prec 54,House of Delegates,44,Frich,REP,68
Monongalia,0010 Prec 54,House of Delegates,44,O'Neill,REP,57
Monongalia,0010 Prec 54,House of Delegates,44,Conley,REP,43
Monongalia,0010 Prec 54,House of Delegates,44,Claypole,DEM,78
Monongalia,0010 Prec 54,House of Delegates,44,Fleischauer,DEM,66
Monongalia,0010 Prec 54,House of Delegates,44,Houston,DEM,65
Monongalia,0010 Prec 54,House of Delegates,44,Beach,DEM,104
Monongalia,0011 Prec 55,Registered Voters,,Registered,,426
Monongalia,0011 Prec 55,Ballots Cast,,Ballots,,169
Monongalia,0011 Prec 55,U.S. Senate,,Jay Wolfe,REP,64
Monongalia,0011 Prec 55,U.S. Senate,,Jay Rockefeller,DEM,96
Monongalia,0011 Prec 55,U.S. House,1,Alan Mollohan,DEM,110
Monongalia,0011 Prec 55,U.S. House,1,Write-ins,,2
Monongalia,0011 Prec 55,State Senate,2,Edgell,DEM,92
Monongalia,0011 Prec 55,State Senate,2,Write-ins,,6
Monongalia,0011 Prec 55,House of Delegates,44,Frich,REP,88
Monongalia,0011 Prec 55,House of Delegates,44,O'Neill,REP,58
Monongalia,0011 Prec 55,House of Delegates,44,Conley,REP,35
Monongalia,0011 Prec 55,House of Delegates,44,Claypole,DEM,90
Monongalia,0011 Prec 55,House of Delegates,44,Fleischauer,DEM,83
Monongalia,0011 Prec 55,House of Delegates,44,Houston,DEM,82
Monongalia,0011 Prec 55,House of Delegates,44,Beach,DEM,110
Monongalia,0011 Prec 55,House of Delegates,44,Write-ins,,1
Monongalia,0012 Prec 58,Registered Voters,,Registered,,185
Monongalia,0012 Prec 58,Ballots Cast,,Ballots,,78
Monongalia,0012 Prec 58,U.S. Senate,,Jay Wolfe,REP,32
Monongalia,0012 Prec 58,U.S. Senate,,Jay Rockefeller,DEM,44
Monongalia,0012 Prec 58,U.S. House,1,Alan Mollohan,DEM,53
Monongalia,0012 Prec 58,U.S. House,1,Write-ins,,1
Monongalia,0012 Prec 58,State Senate,2,Edgell,DEM,45
Monongalia,0012 Prec 58,State Senate,2,Write-ins,,
Monongalia,0012 Prec 58,House of Delegates,44,Frich,REP,39
Monongalia,0012 Prec 58,House of Delegates,44,O'Neill,REP,35
Monongalia,0012 Prec 58,House of Delegates,44,Conley,REP,17
Monongalia,0012 Prec 58,House of Delegates,44,Claypole,DEM,49
Monongalia,0012 Prec 58,House of Delegates,44,Fleischauer,DEM,42
Monongalia,0012 Prec 58,House of Delegates,44,Houston,DEM,43
Monongalia,0012 Prec 58,House of Delegates,44,Beach,DEM,51
Monongalia,0013 Prec 64,Registered Voters,,Registered,,357
Monongalia,0013 Prec 64,Ballots Cast,,Ballots,,119
Monongalia,0013 Prec 64,U.S. Senate,,Jay Wolfe,REP,33
Monongalia,0013 Prec 64,U.S. Senate,,Jay Rockefeller,DEM,85
Monongalia,0013 Prec 64,U.S. House,1,Alan Mollohan,DEM,102
Monongalia,0013 Prec 64,U.S. House,1,Write-ins,,1
Monongalia,0013 Prec 64,State Senate,13,Toni Tampoya,REP,12
Monongalia,0013 Prec 64,State Senate,13,Mike Oliviero,DEM,105
Monongalia,0013 Prec 64,House of Delegates,43,Chuck Mullet,REP,38
Monongalia,0013 Prec 64,House of Delegates,43,Susan Mayers,REP,26
Monongalia,0013 Prec 64,House of Delegates,43,Russ Snyder,REP,20
Monongalia,0013 Prec 64,House of Delegates,43,Donna Renner,DEM,65
Monongalia,0013 Prec 64,House of Delegates,43,James Manchin,DEM,76
Monongalia,0013 Prec 64,House of Delegates,43,Mike Caputo,DEM,82
Monongalia,0014 Prec 67,Registered Voters,,Registered,,581
Monongalia,0014 Prec 67,Ballots Cast,,Ballots,,233
Monongalia,0014 Prec 67,U.S. Senate,,Jay Wolfe,REP,74
Monongalia,0014 Prec 67,U.S. Senate,,Jay Rockefeller,DEM,154
Monongalia,0014 Prec 67,U.S. Senate,,Write-ins,,1
Monongalia,0014 Prec 67,U.S. House,1,Alan Mollohan,DEM,189
Monongalia,0014 Prec 67,U.S. House,1,Write-ins,,4
Monongalia,0014 Prec 67,State Senate,13,Toni Tampoya,REP,44
Monongalia,0014 Prec 67,State Senate,13,Mike Oliviero,DEM,182
Monongalia,0014 Prec 67,State Senate,13,Write-ins,,1
Monongalia,0014 Prec 67,House of Delegates,43,Chuck Mullet,REP,70
Monongalia,0014 Prec 67,House of Delegates,43,Susan Mayers,REP,56
Monongalia,0014 Prec 67,House of Delegates,43,Russ Snyder,REP,46
Monongalia,0014 Prec 67,House of Delegates,43,Donna Renner,DEM,130
Monongalia,0014 Prec 67,House of Delegates,43,James Manchin,DEM,136
Monongalia,0014 Prec 67,House of Delegates,43,Mike Caputo,DEM,172
Monongalia,0015 Prec 01 MORGAN,Registered Voters,,Registered,,770
Monongalia,0015 Prec 01 MORGAN,Ballots Cast,,Ballots,,317
Monongalia,0015 Prec 01 MORGAN,U.S. Senate,,Jay Wolfe,REP,101
Monongalia,0015 Prec 01 MORGAN,U.S. Senate,,Jay Rockefeller,DEM,212
Monongalia,0015 Prec 01 MORGAN,U.S. House,1,Alan Mollohan,DEM,240
Monongalia,0015 Prec 01 MORGAN,U.S. House,1,Write-ins,,2
Monongalia,0015 Prec 01 MORGAN,State Senate,13,Toni Tampoya,REP,54
Monongalia,0015 Prec 01 MORGAN,State Senate,13,Mike Oliviero,DEM,254
Monongalia,0015 Prec 01 MORGAN,House of Delegates,44,Frich,REP,157
Monongalia,0015 Prec 01 MORGAN,House of Delegates,44,O'Neill,REP,130
Monongalia,0015 Prec 01 MORGAN,House of Delegates,44,Conley,REP,71
Monongalia,0015 Prec 01 MORGAN,House of Delegates,44,Claypole,DEM,161
Monongalia,0015 Prec 01 MORGAN,House of Delegates,44,Fleischauer,DEM,175
Monongalia,0015 Prec 01 MORGAN,House of Delegates,44,Houston,DEM,200
Monongalia,0015 Prec 01 MORGAN,House of Delegates,44,Beach,DEM,195
Monongalia,0016 Prec 02 MORGAN,Registered Voters,,Registered,,689
Monongalia,0016 Prec 02 MORGAN,Ballots Cast,,Ballots,,291
Monongalia,0016 Prec 02 MORGAN,U.S. Senate,,Jay Wolfe,REP,75
Monongalia,0016 Prec 02 MORGAN,U.S. Senate,,Jay Rockefeller,DEM,208
Monongalia,0016 Prec 02 MORGAN,U.S. Senate,,Write-ins,,1
Monongalia,0016 Prec 02 MORGAN,U.S. House,1,Alan Mollohan,DEM,207
Monongalia,0016 Prec 02 MORGAN,U.S. House,1,Write-ins,,4
Monongalia,0016 Prec 02 MORGAN,State Senate,13,Toni Tampoya,REP,47
Monongalia,0016 Prec 02 MORGAN,State Senate,13,Mike Oliviero,DEM,226
Monongalia,0016 Prec 02 MORGAN,State Senate,13,Write-ins,,2
Monongalia,0016 Prec 02 MORGAN,House of Delegates,44,Frich,REP,122
Monongalia,0016 Prec 02 MORGAN,House of Delegates,44,O'Neill,REP,102
Monongalia,0016 Prec 02 MORGAN,House of Delegates,44,Conley,REP,72
Monongalia,0016 Prec 02 MORGAN,House of Delegates,44,Claypole,DEM,139
Monongalia,0016 Prec 02 MORGAN,House of Delegates,44,Fleischauer,DEM,161
Monongalia,0016 Prec 02 MORGAN,House of Delegates,44,Houston,DEM,171
Monongalia,0016 Prec 02 MORGAN,House of Delegates,44,Beach,DEM,166
Monongalia,0017 Prec 03 MORGAN,Registered Voters,,Registered,,586
Monongalia,0017 Prec 03 MORGAN,Ballots Cast,,Ballots,,266
Monongalia,0017 Prec 03 MORGAN,U.S. Senate,,Jay Wolfe,REP,76
Monongalia,0017 Prec 03 MORGAN,U.S. Senate,,Jay Rockefeller,DEM,181
Monongalia,0017 Prec 03 MORGAN,U.S. Senate,,Write-ins,,1
Monongalia,0017 Prec 03 MORGAN,U.S. House,1,Alan Mollohan,DEM,185
Monongalia,0017 Prec 03 MORGAN,U.S. House,1,Write-ins,,8
Monongalia,0017 Prec 03 MORGAN,State Senate,13,Toni Tampoya,REP,48
Monongalia,0017 Prec 03 MORGAN,State Senate,13,Mike Oliviero,DEM,198
Monongalia,0017 Prec 03 MORGAN,State Senate,13,Write-ins,,3
Monongalia,0017 Prec 03 MORGAN,House of Delegates,44,Frich,REP,116
Monongalia,0017 Prec 03 MORGAN,House of Delegates,44,O'Neill,REP,90
Monongalia,0017 Prec 03 MORGAN,House of Delegates,44,Conley,REP,62
Monongalia,0017 Prec 03 MORGAN,House of Delegates,44,Claypole,DEM,122
Monongalia,0017 Prec 03 MORGAN,House of Delegates,44,Fleischauer,DEM,159
Monongalia,0017 Prec 03 MORGAN,House of Delegates,44,Houston,DEM,153
Monongalia,0017 Prec 03 MORGAN,House of Delegates,44,Beach,DEM,154
Monongalia,0017 Prec 03 MORGAN,House of Delegates,44,Write-ins,,2
Monongalia,0018 Prec 04 MORGAN,Registered Voters,,Registered,,670
Monongalia,0018 Prec 04 MORGAN,Ballots Cast,,Ballots,,336
Monongalia,0018 Prec 04 MORGAN,U.S. Senate,,Jay Wolfe,REP,82
Monongalia,0018 Prec 04 MORGAN,U.S. Senate,,Jay Rockefeller,DEM,245
Monongalia,0018 Prec 04 MORGAN,U.S. House,1,Alan Mollohan,DEM,253
Monongalia,0018 Prec 04 MORGAN,U.S. House,1,Write-ins,,6
Monongalia,0018 Prec 04 MORGAN,State Senate,13,Toni Tampoya,REP,47
Monongalia,0018 Prec 04 MORGAN,State Senate,13,Mike Oliviero,DEM,268
Monongalia,0018 Prec 04 MORGAN,State Senate,13,Write-ins,,1
Monongalia,0018 Prec 04 MORGAN,House of Delegates,44,Frich,REP,158
Monongalia,0018 Prec 04 MORGAN,House of Delegates,44,O'Neill,REP,108
Monongalia,0018 Prec 04 MORGAN,House of Delegates,44,Conley,REP,54
Monongalia,0018 Prec 04 MORGAN,House of Delegates,44,Claypole,DEM,159
Monongalia,0018 Prec 04 MORGAN,House of Delegates,44,Fleischauer,DEM,206
Monongalia,0018 Prec 04 MORGAN,House of Delegates,44,Houston,DEM,225
Monongalia,0018 Prec 04 MORGAN,House of Delegates,44,Beach,DEM,187
Monongalia,0019 Prec 05 MORGAN,Registered Voters,,Registered,,539
Monongalia,0019 Prec 05 MORGAN,Ballots Cast,,Ballots,,254
Monongalia,0019 Prec 05 MORGAN,U.S. Senate,,Jay Wolfe,REP,48
Monongalia,0019 Prec 05 MORGAN,U.S. Senate,,Jay Rockefeller,DEM,196
Monongalia,0019 Prec 05 MORGAN,U.S. Senate,,Write-ins,,1
Monongalia,0019 Prec 05 MORGAN,U.S. House,1,Alan Mollohan,DEM,193
Monongalia,0019 Prec 05 MORGAN,U.S. House,1,Write-ins,,5
Monongalia,0019 Prec 05 MORGAN,State Senate,13,Toni Tampoya,REP,30
Monongalia,0019 Prec 05 MORGAN,State Senate,13,Mike Oliviero,DEM,203
Monongalia,0019 Prec 05 MORGAN,State Senate,13,Write-ins,,3
Monongalia,0019 Prec 05 MORGAN,House of Delegates,44,Frich,REP,111
Monongalia,0019 Prec 05 MORGAN,House of Delegates,44,O'Neill,REP,75
Monongalia,0019 Prec 05 MORGAN,House of Delegates,44,Conley,REP,36
Monongalia,0019 Prec 05 MORGAN,House of Delegates,44,Claypole,DEM,106
Monongalia,0019 Prec 05 MORGAN,House of Delegates,44,Fleischauer,DEM,171
Monongalia,0019 Prec 05 MORGAN,House of Delegates,44,Houston,DEM,167
Monongalia,0019 Prec 05 MORGAN,House of Delegates,44,Beach,DEM,145
Monongalia,0019 Prec 05 MORGAN,House of Delegates,44,Write-ins,,5
Monongalia,0020 Prec 06 MORGAN,Registered Voters,,Registered,,338
Monongalia,0020 Prec 06 MORGAN,Ballots Cast,,Ballots,,87
Monongalia,0020 Prec 06 MORGAN,U.S. Senate,,Jay Wolfe,REP,16
Monongalia,0020 Prec 06 MORGAN,U.S. Senate,,Jay Rockefeller,DEM,68
Monongalia,0020 Prec 06 MORGAN,U.S. House,1,Alan Mollohan,DEM,68
Monongalia,0020 Prec 06 MORGAN,U.S. House,1,Write-ins,,2
Monongalia,0020 Prec 06 MORGAN,State Senate,13,Toni Tampoya,REP,11
Monongalia,0020 Prec 06 MORGAN,State Senate,13,Mike Oliviero,DEM,68
Monongalia,0020 Prec 06 MORGAN,House of Delegates,44,Frich,REP,30
Monongalia,0020 Prec 06 MORGAN,House of Delegates,44,O'Neill,REP,23
Monongalia,0020 Prec 06 MORGAN,House of Delegates,44,Conley,REP,14
Monongalia,0020 Prec 06 MORGAN,House of Delegates,44,Claypole,DEM,39
Monongalia,0020 Prec 06 MORGAN,House of Delegates,44,Fleischauer,DEM,58
Monongalia,0020 Prec 06 MORGAN,House of Delegates,44,Houston,DEM,53
Monongalia,0020 Prec 06 MORGAN,House of Delegates,44,Beach,DEM,49
Monongalia,0020 Prec 06 MORGAN,House of Delegates,44,Write-ins,,2
Monongalia,0021 Prec 07 MORGAN,Registered Voters,,Registered,,430
Monongalia,0021 Prec 07 MORGAN,Ballots Cast,,Ballots,,103
Monongalia,0021 Prec 07 MORGAN,U.S. Senate,,Jay Wolfe,REP,24
Monongalia,0021 Prec 07 MORGAN,U.S. Senate,,Jay Rockefeller,DEM,78
Monongalia,0021 Prec 07 MORGAN,U.S. House,1,Alan Mollohan,DEM,79
Monongalia,0021 Prec 07 MORGAN,U.S. House,1,Write-ins,,3
Monongalia,0021 Prec 07 MORGAN,State Senate,13,Toni Tampoya,REP,14
Monongalia,0021 Prec 07 MORGAN,State Senate,13,Mike Oliviero,DEM,83
Monongalia,0021 Prec 07 MORGAN,House of Delegates,44,Frich,REP,37
Monongalia,0021 Prec 07 MORGAN,House of Delegates,44,O'Neill,REP,28
Monongalia,0021 Prec 07 MORGAN,House of Delegates,44,Conley,REP,18
Monongalia,0021 Prec 07 MORGAN,House of Delegates,44,Claypole,DEM,64
Monongalia,0021 Prec 07 MORGAN,House of Delegates,44,Fleischauer,DEM,72
Monongalia,0021 Prec 07 MORGAN,House of Delegates,44,Houston,DEM,64
Monongalia,0021 Prec 07 MORGAN,House of Delegates,44,Beach,DEM,64
Monongalia,0021 Prec 07 MORGAN,House of Delegates,44,Write-ins,,1
Monongalia,0022 Prec 08 MORGAN,Registered Voters,,Registered,,789
Monongalia,0022 Prec 08 MORGAN,Ballots Cast,,Ballots,,332
Monongalia,0022 Prec 08 MORGAN,U.S. Senate,,Jay Wolfe,REP,89
Monongalia,0022 Prec 08 MORGAN,U.S. Senate,,Jay Rockefeller,DEM,237
Monongalia,0022 Prec 08 MORGAN,U.S. House,1,Alan Mollohan,DEM,251
Monongalia,0022 Prec 08 MORGAN,U.S. House,1,Write-ins,,3
Monongalia,0022 Prec 08 MORGAN,State Senate,13,Toni Tampoya,REP,52
Monongalia,0022 Prec 08 MORGAN,State Senate,13,Mike Oliviero,DEM,267
Monongalia,0022 Prec 08 MORGAN,State Senate,13,Write-ins,,1
Monongalia,0022 Prec 08 MORGAN,House of Delegates,44,Cindy Frich,REP,134
Monongalia,0022 Prec 08 MORGAN,House of Delegates,44,Tom O'Neill,REP,122
Monongalia,0022 Prec 08 MORGAN,House of Delegates,44,Phil Conley,REP,57
Monongalia,0022 Prec 08 MORGAN,House of Delegates,44,Gene Claypole,DEM,149
Monongalia,0022 Prec 08 MORGAN,House of Delegates,44,Barbara Fleischauer,DEM,208
Monongalia,0022 Prec 08 MORGAN,House of Delegates,44,Nancy Houston,DEM,220
Monongalia,0022 Prec 08 MORGAN,House of Delegates,44,Bob Beach,DEM,194
Monongalia,0023 Prec 09 MORGAN,Registered Voters,,Registered,,294
Monongalia,0023 Prec 09 MORGAN,Ballots Cast,,Ballots,,105
Monongalia,0023 Prec 09 MORGAN,U.S. Senate,,Jay Wolfe,REP,33
Monongalia,0023 Prec 09 MORGAN,U.S. Senate,,Jay Rockefeller,DEM,70
Monongalia,0023 Prec 09 MORGAN,U.S. House,1,Alan Mollohan,DEM,84
Monongalia,0023 Prec 09 MORGAN,U.S. House,1,Write-ins,,2
Monongalia,0023 Prec 09 MORGAN,State Senate,13,Toni Tampoya,REP,20
Monongalia,0023 Prec 09 MORGAN,State Senate,13,Mike Oliviero,DEM,79
Monongalia,0023 Prec 09 MORGAN,House of Delegates,44,Cindy Frich,REP,50
Monongalia,0023 Prec 09 MORGAN,House of Delegates,44,Tom O'Neill,REP,32
Monongalia,0023 Prec 09 MORGAN,House of Delegates,44,Phil Conley,REP,15
Monongalia,0023 Prec 09 MORGAN,House of Delegates,44,Gene Claypole,DEM,54
Monongalia,0023 Prec 09 MORGAN,House of Delegates,44,Barbara Fleischauer,DEM,62
Monongalia,0023 Prec 09 MORGAN,House of Delegates,44,Nancy Houston,DEM,63
Monongalia,0023 Prec 09 MORGAN,House of Delegates,44,Bob Beach,DEM,68
Monongalia,0023 Prec 09 MORGAN,House of Delegates,44,Write-ins,,2
Monongalia,0024 Prec 10 MORGAN,Registered Voters,,Registered,,434
Monongalia,0024 Prec 10 MORGAN,Ballots Cast,,Ballots,,31
Monongalia,0024 Prec 10 MORGAN,U.S. Senate,,Jay Wolfe,REP,7
Monongalia,0024 Prec 10 MORGAN,U.S. Senate,,Jay Rockefeller,DEM,24
Monongalia,0024 Prec 10 MORGAN,U.S. House,1,Alan Mollohan,DEM,25
Monongalia,0024 Prec 10 MORGAN,State Senate,13,Toni Tampoya,REP,9
Monongalia,0024 Prec 10 MORGAN,State Senate,13,Mike Oliviero,DEM,21
Monongalia,0024 Prec 10 MORGAN,House of Delegates,44,Cindy Frich,REP,10
Monongalia,0024 Prec 10 MORGAN,House of Delegates,44,Tom O'Neill,REP,8
Monongalia,0024 Prec 10 MORGAN,House of Delegates,44,Phil Conley,REP,8
Monongalia,0024 Prec 10 MORGAN,House of Delegates,44,Gene Claypole,DEM,14
Monongalia,0024 Prec 10 MORGAN,House of Delegates,44,Barbara Fleischauer,DEM,19
Monongalia,0024 Prec 10 MORGAN,House of Delegates,44,Nancy Houston,DEM,15
Monongalia,0024 Prec 10 MORGAN,House of Delegates,44,Bob Beach,DEM,19
Monongalia,0025 Prec 12 MORGAN,Registered Voters,,Registered,,710
Monongalia,0025 Prec 12 MORGAN,Ballots Cast,,Ballots,,63
Monongalia,0025 Prec 12 MORGAN,U.S. Senate,,Jay Wolfe,REP,20
Monongalia,0025 Prec 12 MORGAN,U.S. Senate,,Jay Rockefeller,DEM,43
Monongalia,0025 Prec 12 MORGAN,U.S. House,1,Alan Mollohan,DEM,47
Monongalia,0025 Prec 12 MORGAN,U.S. House,1,Write-ins,,1
Monongalia,0025 Prec 12 MORGAN,State Senate,13,Toni Tampoya,REP,15
Monongalia,0025 Prec 12 MORGAN,State Senate,13,Mike Oliviero,DEM,45
Monongalia,0025 Prec 12 MORGAN,House of Delegates,44,Cindy Frich,REP,35
Monongalia,0025 Prec 12 MORGAN,House of Delegates,44,Tom O'Neill,REP,33
Monongalia,0025 Prec 12 MORGAN,House of Delegates,44,Phil Conley,REP,16
Monongalia,0025 Prec 12 MORGAN,House of Delegates,44,Gene Claypole,DEM,29
Monongalia,0025 Prec 12 MORGAN,House of Delegates,44,Barbara Fleischauer,DEM,31
Monongalia,0025 Prec 12 MORGAN,House of Delegates,44,Nancy Houston,DEM,38
Monongalia,0025 Prec 12 MORGAN,House of Delegates,44,Bob Beach,DEM,31
Monongalia,0026 Prec 13 MORGAN,Registered Voters,,Registered,,748
Monongalia,0026 Prec 13 MORGAN,Ballots Cast,,Ballots,,121
Monongalia,0026 Prec 13 MORGAN,U.S. Senate,,Jay Wolfe,REP,34
Monongalia,0026 Prec 13 MORGAN,U.S. Senate,,Jay Rockefeller,DEM,84
Monongalia,0026 Prec 13 MORGAN,U.S. House,1,Alan Mollohan,DEM,92
Monongalia,0026 Prec 13 MORGAN,U.S. House,1,Write-ins,,2
Monongalia,0026 Prec 13 MORGAN,State Senate,13,Toni Tampoya,REP,22
Monongalia,0026 Prec 13 MORGAN,State Senate,13,Mike Oliviero,DEM,94
Monongalia,0026 Prec 13 MORGAN,House of Delegates,44,Cindy Frich,REP,46
Monongalia,0026 Prec 13 MORGAN,House of Delegates,44,Tom O'Neill,REP,45
Monongalia,0026 Prec 13 MORGAN,House of Delegates,44,Phil Conley,REP,26
Monongalia,0026 Prec 13 MORGAN,House of Delegates,44,Gene Claypole,DEM,62
Monongalia,0026 Prec 13 MORGAN,House of Delegates,44,Barbara Fleischauer,DEM,76
Monongalia,0026 Prec 13 MORGAN,House of Delegates,44,Nancy Houston,DEM,70
Monongalia,0026 Prec 13 MORGAN,House of Delegates,44,Bob Beach,DEM,65
Monongalia,0026 Prec 13 MORGAN,House of Delegates,44,Write-ins,,2
Monongalia,0027 Prec 14 MORGAN,Registered Voters,,Registered,,500
Monongalia,0027 Prec 14 MORGAN,Ballots Cast,,Ballots,,131
Monongalia,0027 Prec 14 MORGAN,U.S. Senate,,Jay Wolfe,REP,23
Monongalia,0027 Prec 14 MORGAN,U.S. Senate,,Jay Rockefeller,DEM,105
Monongalia,0027 Prec 14 MORGAN,U.S. House,1,Alan Mollohan,DEM,103
Monongalia,0027 Prec 14 MORGAN,U.S. House,1,Write-ins,,3
Monongalia,0027 Prec 14 MORGAN,State Senate,13,Toni Tampoya,REP,15
Monongalia,0027 Prec 14 MORGAN,State Senate,13,Mike Oliviero,DEM,106
Monongalia,0027 Prec 14 MORGAN,State Senate,13,Write-ins,,3
Monongalia,0027 Prec 14 MORGAN,House of Delegates,44,Cindy Frich,REP,48
Monongalia,0027 Prec 14 MORGAN,House of Delegates,44,Tom O'Neill,REP,46
Monongalia,0027 Prec 14 MORGAN,House of Delegates,44,Phil Conley,REP,20
Monongalia,0027 Prec 14 MORGAN,House of Delegates,44,Gene Claypole,DEM,68
Monongalia,0027 Prec 14 MORGAN,House of Delegates,44,Barbara Fleischauer,DEM,88
Monongalia,0027 Prec 14 MORGAN,House of Delegates,44,Nancy Houston,DEM,78
Monongalia,0027 Prec 14 MORGAN,House of Delegates,44,Bob Beach,DEM,78
Monongalia,0027 Prec 14 MORGAN,House of Delegates,44,Write-ins,,3
Monongalia,0028 Prec 15 MORGAN,Registered Voters,,Registered,,245
Monongalia,0028 Prec 15 MORGAN,Ballots Cast,,Ballots,,78
Monongalia,0028 Prec 15 MORGAN,U.S. Senate,,Jay Wolfe,REP,20
Monongalia,0028 Prec 15 MORGAN,U.S. Senate,,Jay Rockefeller,DEM,54
Monongalia,0028 Prec 15 MORGAN,U.S. House,1,Alan Mollohan,DEM,59
Monongalia,0028 Prec 15 MORGAN,State Senate,13,Toni Tampoya,REP,16
Monongalia,0028 Prec 15 MORGAN,State Senate,13,Mike Oliviero,DEM,58
Monongalia,0028 Prec 15 MORGAN,House of Delegates,44,Cindy Frich,REP,29
Monongalia,0028 Prec 15 MORGAN,House of Delegates,44,Tom O'Neill,REP,30
Monongalia,0028 Prec 15 MORGAN,House of Delegates,44,Phil Conley,REP,18
Monongalia,0028 Prec 15 MORGAN,House of Delegates,44,Gene Claypole,DEM,34
Monongalia,0028 Prec 15 MORGAN,House of Delegates,44,Barbara Fleischauer,DEM,44
Monongalia,0028 Prec 15 MORGAN,House of Delegates,44,Nancy Houston,DEM,43
Monongalia,0028 Prec 15 MORGAN,House of Delegates,44,Bob Beach,DEM,49
Monongalia,0029 Prec 16 MORGAN,Registered Voters,,Registered,,502
Monongalia,0029 Prec 16 MORGAN,Ballots Cast,,Ballots,,191
Monongalia,0029 Prec 16 MORGAN,U.S. Senate,,Jay Wolfe,REP,58
Monongalia,0029 Prec 16 MORGAN,U.S. Senate,,Jay Rockefeller,DEM,128
Monongalia,0029 Prec 16 MORGAN,U.S. House,1,Alan Mollohan,DEM,147
Monongalia,0029 Prec 16 MORGAN,U.S. House,1,Write-ins,,3
Monongalia,0029 Prec 16 MORGAN,State Senate,13,Toni Tampoya,REP,42
Monongalia,0029 Prec 16 MORGAN,State Senate,13,Mike Oliviero,DEM,141
Monongalia,0029 Prec 16 MORGAN,House of Delegates,44,Cindy Frich,REP,93
Monongalia,0029 Prec 16 MORGAN,House of Delegates,44,Tom O'Neill,REP,69
Monongalia,0029 Prec 16 MORGAN,House of Delegates,44,Phil Conley,REP,41
Monongalia,0029 Prec 16 MORGAN,House of Delegates,44,Gene Claypole,DEM,93
Monongalia,0029 Prec 16 MORGAN,House of Delegates,44,Barbara Fleischauer,DEM,126
Monongalia,0029 Prec 16 MORGAN,House of Delegates,44,Nancy Houston,DEM,117
Monongalia,0029 Prec 16 MORGAN,House of Delegates,44,Bob Beach,DEM,108
Monongalia,0029 Prec 16 MORGAN,House of Delegates,44,Write-ins,,1
Monongalia,0030 Prec 17 MORGAN,Registered Voters,,Registered,,630
Monongalia,0030 Prec 17 MORGAN,Ballots Cast,,Ballots,,136
Monongalia,0030 Prec 17 MORGAN,U.S. Senate,,Jay Wolfe,REP,33
Monongalia,0030 Prec 17 MORGAN,U.S. Senate,,Jay Rockefeller,DEM,101
Monongalia,0030 Prec 17 MORGAN,U.S. House,1,Alan Mollohan,DEM,112
Monongalia,0030 Prec 17 MORGAN,U.S. House,1,Write-ins,,2
Monongalia,0030 Prec 17 MORGAN,State Senate,13,Toni Tampoya,REP,22
Monongalia,0030 Prec 17 MORGAN,State Senate,13,Mike Oliviero,DEM,108
Monongalia,0030 Prec 17 MORGAN,House of Delegates,44,Cindy Frich,REP,59
Monongalia,0030 Prec 17 MORGAN,House of Delegates,44,Tom O'Neill,REP,48
Monongalia,0030 Prec 17 MORGAN,House of Delegates,44,Phil Conley,REP,23
Monongalia,0030 Prec 17 MORGAN,House of Delegates,44,Gene Claypole,DEM,77
Monongalia,0030 Prec 17 MORGAN,House of Delegates,44,Barbara Fleischauer,DEM,91
Monongalia,0030 Prec 17 MORGAN,House of Delegates,44,Nancy Houston,DEM,89
Monongalia,0030 Prec 17 MORGAN,House of Delegates,44,Bob Beach,DEM,85
Monongalia,0030 Prec 17 MORGAN,House of Delegates,44,Write-ins,,2
Monongalia,0031 Prec 18 MORGAN,Registered Voters,,Registered,,756
Monongalia,0031 Prec 18 MORGAN,Ballots Cast,,Ballots,,33
Monongalia,0031 Prec 18 MORGAN,U.S. Senate,,Jay Wolfe,REP,13
Monongalia,0031 Prec 18 MORGAN,U.S. Senate,,Jay Rockefeller,DEM,17
Monongalia,0031 Prec 18 MORGAN,U.S. Senate,,Write-ins,,1
Monongalia,0031 Prec 18 MORGAN,U.S. House,1,Alan Mollohan,DEM,25
Monongalia,0031 Prec 18 MORGAN,U.S. House,1,Write-ins,,1
Monongalia,0031 Prec 18 MORGAN,State Senate,13,Toni Tampoya,REP,10
Monongalia,0031 Prec 18 MORGAN,State Senate,13,Mike Oliviero,DEM,21
Monongalia,0031 Prec 18 MORGAN,House of Delegates,44,Frich,REP,19
Monongalia,0031 Prec 18 MORGAN,House of Delegates,44,O'Neill,REP,12
Monongalia,0031 Prec 18 MORGAN,House of Delegates,44,Conley,REP,7
Monongalia,0031 Prec 18 MORGAN,House of Delegates,44,Claypole,DEM,12
Monongalia,0031 Prec 18 MORGAN,House of Delegates,44,Fleischauer,DEM,13
Monongalia,0031 Prec 18 MORGAN,House of Delegates,44,Houston,DEM,10
Monongalia,0031 Prec 18 MORGAN,House of Delegates,44,Beach,DEM,12
Monongalia,0031 Prec 18 MORGAN,House of Delegates,44,Write-ins,,2
Monongalia,0032 Prec 20 MORGAN,Registered Voters,,Registered,,475
Monongalia,0032 Prec 20 MORGAN,Ballots Cast,,Ballots,,66
Monongalia,0032 Prec 20 MORGAN,U.S. Senate,,Jay Wolfe,REP,20
Monongalia,0032 Prec 20 MORGAN,U.S. Senate,,Jay Rockefeller,DEM,46
Monongalia,0032 Prec 20 MORGAN,U.S. House,1,Alan Mollohan,DEM,48
Monongalia,0032 Prec 20 MORGAN,U.S. House,1,Write-ins,,1
Monongalia,0032 Prec 20 MORGAN,State Senate,13,Toni Tampoya,REP,18
Monongalia,0032 Prec 20 MORGAN,State Senate,13,Mike Oliviero,DEM,47
Monongalia,0032 Prec 20 MORGAN,House of Delegates,44,Frich,REP,38
Monongalia,0032 Prec 20 MORGAN,House of Delegates,44,O'Neill,REP,29
Monongalia,0032 Prec 20 MORGAN,House of Delegates,44,Conley,REP,16
Monongalia,0032 Prec 20 MORGAN,House of Delegates,44,Claypole,DEM,28
Monongalia,0032 Prec 20 MORGAN,House of Delegates,44,Fleischauer,DEM,28
Monongalia,0032 Prec 20 MORGAN,House of Delegates,44,Houston,DEM,31
Monongalia,0032 Prec 20 MORGAN,House of Delegates,44,Beach,DEM,34
Monongalia,0033 Prec 21 MORGAN,Registered Voters,,Registered,,625
Monongalia,0033 Prec 21 MORGAN,Ballots Cast,,Ballots,,115
Monongalia,0033 Prec 21 MORGAN,U.S. Senate,,Jay Wolfe,REP,33
Monongalia,0033 Prec 21 MORGAN,U.S. Senate,,Jay Rockefeller,DEM,78
Monongalia,0033 Prec 21 MORGAN,U.S. House,1,Alan Mollohan,DEM,83
Monongalia,0033 Prec 21 MORGAN,U.S. House,1,Write-ins,,4
Monongalia,0033 Prec 21 MORGAN,State Senate,13,Toni Tampoya,REP,23
Monongalia,0033 Prec 21 MORGAN,State Senate,13,Mike Oliviero,DEM,87
Monongalia,0033 Prec 21 MORGAN,House of Delegates,44,Frich,REP,51
Monongalia,0033 Prec 21 MORGAN,House of Delegates,44,O'Neill,REP,64
Monongalia,0033 Prec 21 MORGAN,House of Delegates,44,Conley,REP,34
Monongalia,0033 Prec 21 MORGAN,House of Delegates,44,Claypole,DEM,28
Monongalia,0033 Prec 21 MORGAN,House of Delegates,44,Fleischauer,DEM,52
Monongalia,0033 Prec 21 MORGAN,House of Delegates,44,Houston,DEM,59
Monongalia,0033 Prec 21 MORGAN,House of Delegates,44,Beach,DEM,60
Monongalia,0033 Prec 21 MORGAN,House of Delegates,44,Write-ins,,2
Monongalia,0034 Prec 22 MORGAN,Registered Voters,,Registered,,373
Monongalia,0034 Prec 22 MORGAN,Ballots Cast,,Ballots,,40
Monongalia,0034 Prec 22 MORGAN,U.S. Senate,,Jay Wolfe,REP,10
Monongalia,0034 Prec 22 MORGAN,U.S. Senate,,Jay Rockefeller,DEM,30
Monongalia,0034 Prec 22 MORGAN,U.S. House,1,Alan Mollohan,DEM,36
Monongalia,0034 Prec 22 MORGAN,U.S. House,1,Write-ins,,
Monongalia,0034 Prec 22 MORGAN,State Senate,13,Toni Tampoya,REP,10
Monongalia,0034 Prec 22 MORGAN,State Senate,13,Mike Oliviero,DEM,29
Monongalia,0034 Prec 22 MORGAN,State Senate,13,Write-ins,,
Monongalia,0034 Prec 22 MORGAN,House of Delegates,44,Frich,REP,16
Monongalia,0034 Prec 22 MORGAN,House of Delegates,44,O'Neill,REP,12
Monongalia,0034 Prec 22 MORGAN,House of Delegates,44,Conley,REP,8
Monongalia,0034 Prec 22 MORGAN,House of Delegates,44,Claypole,DEM,20
Monongalia,0034 Prec 22 MORGAN,House of Delegates,44,Fleischauer,DEM,29
Monongalia,0034 Prec 22 MORGAN,House of Delegates,44,Houston,DEM,24
Monongalia,0034 Prec 22 MORGAN,House of Delegates,44,Beach,DEM,26
Monongalia,0035 Prec 23 MORGAN,Registered Voters,,Registered,,547
Monongalia,0035 Prec 23 MORGAN,Ballots Cast,,Ballots,,271
Monongalia,0035 Prec 23 MORGAN,U.S. Senate,,Jay Wolfe,REP,93
Monongalia,0035 Prec 23 MORGAN,U.S. Senate,,Jay Rockefeller,DEM,169
Monongalia,0035 Prec 23 MORGAN,U.S. Senate,,Write-ins,,0
Monongalia,0035 Prec 23 MORGAN,U.S. House,1,Alan Mollohan,DEM,189
Monongalia,0035 Prec 23 MORGAN,U.S. House,1,Write-ins,,3
Monongalia,0035 Prec 23 MORGAN,State Senate,13,Toni Tampoya,REP,39
Monongalia,0035 Prec 23 MORGAN,State Senate,13,Mike Oliviero,DEM,219
Monongalia,0035 Prec 23 MORGAN,State Senate,13,Write-ins,,1
Monongalia,0035 Prec 23 MORGAN,House of Delegates,44,Frich,REP,139
Monongalia,0035 Prec 23 MORGAN,House of Delegates,44,O'Neill,REP,115
Monongalia,0035 Prec 23 MORGAN,House of Delegates,44,Conley,REP,57
Monongalia,0035 Prec 23 MORGAN,House of Delegates,44,Claypole,DEM,114
Monongalia,0035 Prec 23 MORGAN,House of Delegates,44,Fleischauer,DEM,139
Monongalia,0035 Prec 23 MORGAN,House of Delegates,44,Houston,DEM,164
Monongalia,0035 Prec 23 MORGAN,House of Delegates,44,Beach,DEM,163
Monongalia,0035 Prec 23 MORGAN,House of Delegates,44,Write-ins,,
Monongalia,0036 Prec 24 MORGAN,Registered Voters,,Registered,,619
Monongalia,0036 Prec 24 MORGAN,Ballots Cast,,Ballots,,316
Monongalia,0036 Prec 24 MORGAN,U.S. Senate,,Jay Wolfe,REP,108
Monongalia,0036 Prec 24 MORGAN,U.S. Senate,,Jay Rockefeller,DEM,197
Monongalia,0036 Prec 24 MORGAN,U.S. House,1,Alan Mollohan,DEM,229
Monongalia,0036 Prec 24 MORGAN,U.S. House,1,Write-ins,,3
Monongalia,0036 Prec 24 MORGAN,State Senate,13,Toni Tampoya,REP,61
Monongalia,0036 Prec 24 MORGAN,State Senate,13,Mike Oliviero,DEM,250
Monongalia,0036 Prec 24 MORGAN,House of Delegates,44,Frich,REP,163
Monongalia,0036 Prec 24 MORGAN,House of Delegates,44,O'Neill,REP,142
Monongalia,0036 Prec 24 MORGAN,House of Delegates,44,Conley,REP,79
Monongalia,0036 Prec 24 MORGAN,House of Delegates,44,Claypole,DEM,118
Monongalia,0036 Prec 24 MORGAN,House of Delegates,44,Fleischauer,DEM,154
Monongalia,0036 Prec 24 MORGAN,House of Delegates,44,Houston,DEM,193
Monongalia,0036 Prec 24 MORGAN,House of Delegates,44,Beach,DEM,197
Monongalia,0036 Prec 24 MORGAN,House of Delegates,44,Write-ins,,1
Monongalia,0037 Prec 25,Registered Voters,,Registered,,526
Monongalia,0037 Prec 25,Ballots Cast,,Ballots,,216
Monongalia,0037 Prec 25,U.S. Senate,,Jay Wolfe,REP,55
Monongalia,0037 Prec 25,U.S. Senate,,Jay Rockefeller,DEM,150
Monongalia,0037 Prec 25,U.S. Senate,,Write-ins,,0
Monongalia,0037 Prec 25,U.S. House,1,Alan Mollohan,DEM,176
Monongalia,0037 Prec 25,U.S. House,1,Write-ins,,2
Monongalia,0037 Prec 25,State Senate,13,Toni Tampoya,REP,29
Monongalia,0037 Prec 25,State Senate,13,Mike Oliviero,DEM,180
Monongalia,0037 Prec 25,House of Delegates,44,Frich,REP,88
Monongalia,0037 Prec 25,House of Delegates,44,O'Neill,REP,66
Monongalia,0037 Prec 25,House of Delegates,44,Conley,REP,32
Monongalia,0037 Prec 25,House of Delegates,44,Claypole,DEM,126
Monongalia,0037 Prec 25,House of Delegates,44,Fleischauer,DEM,129
Monongalia,0037 Prec 25,House of Delegates,44,Houston,DEM,136
Monongalia,0037 Prec 25,House of Delegates,44,Beach,DEM,137
Monongalia,0037 Prec 25,House of Delegates,44,Write-ins,,1
Monongalia,0038 Prec 26 MORGAN,Registered Voters,,Registered,,329
Monongalia,0038 Prec 26 MORGAN,Ballots Cast,,Ballots,,168
Monongalia,0038 Prec 26 MORGAN,U.S. Senate,,Jay Wolfe,REP,67
Monongalia,0038 Prec 26 MORGAN,U.S. Senate,,Jay Rockefeller,DEM,95
Monongalia,0038 Prec 26 MORGAN,U.S. House,1,Alan Mollohan,DEM,115
Monongalia,0038 Prec 26 MORGAN,U.S. House,1,Write-ins,,
Monongalia,0038 Prec 26 MORGAN,State Senate,13,Toni Tampoya,REP,35
Monongalia,0038 Prec 26 MORGAN,State Senate,13,Mike Oliviero,DEM,129
Monongalia,0038 Prec 26 MORGAN,State Senate,13,Write-ins,,
Monongalia,0038 Prec 26 MORGAN,House of Delegates,44,Cindy Frich,REP,91
Monongalia,0038 Prec 26 MORGAN,House of Delegates,44,Tom O'Neill,REP,72
Monongalia,0038 Prec 26 MORGAN,House of Delegates,44,Phil Conley,REP,35
Monongalia,0038 Prec 26 MORGAN,House of Delegates,44,Gene Claypole,DEM,69
Monongalia,0038 Prec 26 MORGAN,House of Delegates,44,Barbara Fleischauer,DEM,77
Monongalia,0038 Prec 26 MORGAN,House of Delegates,44,Nancy Houston,DEM,100
Monongalia,0038 Prec 26 MORGAN,House of Delegates,44,Bob Beach,DEM,91
Monongalia,0038 Prec 26 MORGAN,House of Delegates,44,Write-ins,,1
Monongalia,0039 Prec 27 MORGAN,Registered Voters,,Registered,,332
Monongalia,0039 Prec 27 MORGAN,Ballots Cast,,Ballots,,204
Monongalia,0039 Prec 27 MORGAN,U.S. Senate,,Jay Wolfe,REP,77
Monongalia,0039 Prec 27 MORGAN,U.S. Senate,,Jay Rockefeller,DEM,120
Monongalia,0039 Prec 27 MORGAN,U.S. House,1,Alan Mollohan,DEM,146
Monongalia,0039 Prec 27 MORGAN,U.S. House,1,Write-ins,,5
Monongalia,0039 Prec 27 MORGAN,State Senate,13,Toni Tampoya,REP,33
Monongalia,0039 Prec 27 MORGAN,State Senate,13,Mike Oliviero,DEM,165
Monongalia,0039 Prec 27 MORGAN,State Senate,13,Write-ins,,1
Monongalia,0039 Prec 27 MORGAN,House of Delegates,44,Cindy Frich,REP,109
Monongalia,0039 Prec 27 MORGAN,House of Delegates,44,Tom O'Neill,REP,99
Monongalia,0039 Prec 27 MORGAN,House of Delegates,44,Phil Conley,REP,49
Monongalia,0039 Prec 27 MORGAN,House of Delegates,44,Gene Claypole,DEM,77
Monongalia,0039 Prec 27 MORGAN,House of Delegates,44,Barbara Fleischauer,DEM,90
Monongalia,0039 Prec 27 MORGAN,House of Delegates,44,Nancy Houston,DEM,118
Monongalia,0039 Prec 27 MORGAN,House of Delegates,44,Bob Beach,DEM,110
Monongalia,0040 Prec 28 MORGAN,Registered Voters,,Registered,,380
Monongalia,0040 Prec 28 MORGAN,Ballots Cast,,Ballots,,207
Monongalia,0040 Prec 28 MORGAN,U.S. Senate,,Jay Wolfe,REP,73
Monongalia,0040 Prec 28 MORGAN,U.S. Senate,,Jay Rockefeller,DEM,124
Monongalia,0040 Prec 28 MORGAN,U.S. Senate,,Write-ins,,1
Monongalia,0040 Prec 28 MORGAN,U.S. House,1,Alan Mollohan,DEM,157
Monongalia,0040 Prec 28 MORGAN,U.S. House,1,Write-ins,,2
Monongalia,0040 Prec 28 MORGAN,State Senate,13,Toni Tampoya,REP,30
Monongalia,0040 Prec 28 MORGAN,State Senate,13,Mike Oliviero,DEM,169
Monongalia,0040 Prec 28 MORGAN,House of Delegates,44,Cindy Frich,REP,111
Monongalia,0040 Prec 28 MORGAN,House of Delegates,44,Tom O'Neill,REP,96
Monongalia,0040 Prec 28 MORGAN,House of Delegates,44,Phil Conley,REP,40
Monongalia,0040 Prec 28 MORGAN,House of Delegates,44,Gene Claypole,DEM,76
Monongalia,0040 Prec 28 MORGAN,House of Delegates,44,Barbara Fleischauer,DEM,117
Monongalia,0040 Prec 28 MORGAN,House of Delegates,44,Nancy Houston,DEM,128
Monongalia,0040 Prec 28 MORGAN,House of Delegates,44,Bob Beach,DEM,125
Monongalia,0041 Prec 29,Registered Voters,,Registered,,416
Monongalia,0041 Prec 29,Ballots Cast,,Ballots,,169
Monongalia,0041 Prec 29,U.S. Senate,,Jay Wolfe,REP,52
Monongalia,0041 Prec 29,U.S. Senate,,Jay Rockefeller,DEM,110
Monongalia,0041 Prec 29,U.S. House,1,Alan Mollohan,DEM,136
Monongalia,0041 Prec 29,U.S. House,1,Write-ins,,1
Monongalia,0041 Prec 29,State Senate,13,Toni Tampoya,REP,27
Monongalia,0041 Prec 29,State Senate,13,Mike Oliviero,DEM,138
Monongalia,0041 Prec 29,House of Delegates,44,Cindy Frich,REP,77
Monongalia,0041 Prec 29,House of Delegates,44,Tom O'Neill,REP,57
Monongalia,0041 Prec 29,House of Delegates,44,Phil Conley,REP,33
Monongalia,0041 Prec 29,House of Delegates,44,Gene Claypole,DEM,91
Monongalia,0041 Prec 29,House of Delegates,44,Barbara Fleischauer,DEM,89
Monongalia,0041 Prec 29,House of Delegates,44,Nancy Houston,DEM,87
Monongalia,0041 Prec 29,House of Delegates,44,Bob Beach,DEM,105
Monongalia,0042 Prec 30 MORGAN,Registered Voters,,Registered,,276
Monongalia,0042 Prec 30 MORGAN,Ballots Cast,,Ballots,,126
Monongalia,0042 Prec 30 MORGAN,U.S. Senate,,Jay Wolfe,REP,35
Monongalia,0042 Prec 30 MORGAN,U.S. Senate,,Jay Rockefeller,DEM,89
Monongalia,0042 Prec 30 MORGAN,U.S. House,1,Alan Mollohan,DEM,102
Monongalia,0042 Prec 30 MORGAN,U.S. House,1,Write-ins,,2
Monongalia,0042 Prec 30 MORGAN,State Senate,13,Toni Tampoya,REP,12
Monongalia,0042 Prec 30 MORGAN,State Senate,13,Mike Oliviero,DEM,109
Monongalia,0042 Prec 30 MORGAN,State Senate,13,Write-ins,,1
Monongalia,0042 Prec 30 MORGAN,House of Delegates,44,Cindy Frich,REP,52
Monongalia,0042 Prec 30 MORGAN,House of Delegates,44,Tom O'Neill,REP,41
Monongalia,0042 Prec 30 MORGAN,House of Delegates,44,Phil Conley,REP,11
Monongalia,0042 Prec 30 MORGAN,House of Delegates,44,Gene Claypole,DEM,73
Monongalia,0042 Prec 30 MORGAN,House of Delegates,44,Barbara Fleischauer,DEM,74
Monongalia,0042 Prec 30 MORGAN,House of Delegates,44,Nancy Houston,DEM,74
Monongalia,0042 Prec 30 MORGAN,House of Delegates,44,Bob Beach,DEM,89
Monongalia,0042 Prec 30 MORGAN,House of Delegates,44,Write-ins,,1
Monongalia,0043 Prec 31 MORGAN,Registered Voters,,Registered,,839
Monongalia,0043 Prec 31 MORGAN,Ballots Cast,,Ballots,,356
Monongalia,0043 Prec 31 MORGAN,U.S. Senate,,Jay Wolfe,REP,81
Monongalia,0043 Prec 31 MORGAN,U.S. Senate,,Jay Rockefeller,DEM,267
Monongalia,0043 Prec 31 MORGAN,U.S. House,1,Alan Mollohan,DEM,286
Monongalia,0043 Prec 31 MORGAN,U.S. House,1,Write-ins,,2
Monongalia,0043 Prec 31 MORGAN,State Senate,13,Toni Tampoya,REP,51
Monongalia,0043 Prec 31 MORGAN,State Senate,13,Mike Oliviero,DEM,285
Monongalia,0043 Prec 31 MORGAN,State Senate,13,Write-ins,,1
Monongalia,0043 Prec 31 MORGAN,House of Delegates,44,Cindy Frich,REP,136
Monongalia,0043 Prec 31 MORGAN,House of Delegates,44,Tom O'Neill,REP,114
Monongalia,0043 Prec 31 MORGAN,House of Delegates,44,Phil Conley,REP,58
Monongalia,0043 Prec 31 MORGAN,House of Delegates,44,Gene Claypole,DEM,196
Monongalia,0043 Prec 31 MORGAN,House of Delegates,44,Barbara Fleischauer,DEM,221
Monongalia,0043 Prec 31 MORGAN,House of Delegates,44,Nancy Houston,DEM,220
Monongalia,0043 Prec 31 MORGAN,House of Delegates,44,Bob Beach,DEM,219
Monongalia,0044 Prec 32,Registered Voters,,Registered,,551
Monongalia,0044 Prec 32,Ballots Cast,,Ballots,,161
Monongalia,0044 Prec 32,U.S. Senate,,Jay Wolfe,REP,66
Monongalia,0044 Prec 32,U.S. Senate,,Jay Rockefeller,DEM,87
Monongalia,0044 Prec 32,U.S. House,1,Alan Mollohan,DEM,118
Monongalia,0044 Prec 32,State Senate,13,Toni Tampoya,REP,35
Monongalia,0044 Prec 32,State Senate,13,Mike Oliviero,DEM,118
Monongalia,0044 Prec 32,House of Delegates,44,Cindy Frich,REP,76
Monongalia,0044 Prec 32,House of Delegates,44,Tom O'Neill,REP,85
Monongalia,0044 Prec 32,House of Delegates,44,Phil Conley,REP,43
Monongalia,0044 Prec 32,House of Delegates,44,Gene Claypole,DEM,67
Monongalia,0044 Prec 32,House of Delegates,44,Barbara Fleischauer,DEM,71
Monongalia,0044 Prec 32,House of Delegates,44,Nancy Houston,DEM,90
Monongalia,0044 Prec 32,House of Delegates,44,Bob Beach,DEM,96
Monongalia,0045 Prec 35,Registered Voters,,Registered,,599
Monongalia,0045 Prec 35,Ballots Cast,,Ballots,,162
Monongalia,0045 Prec 35,U.S. Senate,,Jay Wolfe,REP,60
Monongalia,0045 Prec 35,U.S. Senate,,Jay Rockefeller,DEM,100
Monongalia,0045 Prec 35,U.S. Senate,,Write-ins,,1
Monongalia,0045 Prec 35,U.S. House,1,Alan Mollohan,DEM,119
Monongalia,0045 Prec 35,U.S. House,1,Write-ins,,4
Monongalia,0045 Prec 35,State Senate,13,Toni Tampoya,REP,37
Monongalia,0045 Prec 35,State Senate,13,Mike Oliviero,DEM,120
Monongalia,0045 Prec 35,House of Delegates,44,Cindy Frich,REP,86
Monongalia,0045 Prec 35,House of Delegates,44,Tom O'Neill,REP,85
Monongalia,0045 Prec 35,House of Delegates,44,Phil Conley,REP,50
Monongalia,0045 Prec 35,House of Delegates,44,Gene Claypole,DEM,68
Monongalia,0045 Prec 35,House of Delegates,44,Barbara Fleischauer,DEM,65
Monongalia,0045 Prec 35,House of Delegates,44,Nancy Houston,DEM,86
Monongalia,0045 Prec 35,House of Delegates,44,Bob Beach,DEM,85
Monongalia,0045 Prec 35,House of Delegates,44,Write-ins,,2
Monongalia,0046 Prec 36,Registered Voters,,Registered,,444
Monongalia,0046 Prec 36,Ballots Cast,,Ballots,,148
Monongalia,0046 Prec 36,U.S. Senate,,Jay Wolfe,REP,46
Monongalia,0046 Prec 36,U.S. Senate,,Jay Rockefeller,DEM,98
Monongalia,0046 Prec 36,U.S. Senate,,Write-ins,,1
Monongalia,0046 Prec 36,U.S. House,1,Alan Mollohan,DEM,105
Monongalia,0046 Prec 36,U.S. House,1,Write-ins,,3
Monongalia,0046 Prec 36,State Senate,13,Toni Tampoya,REP,28
Monongalia,0046 Prec 36,State Senate,13,Mike Oliviero,DEM,117
Monongalia,0046 Prec 36,House of Delegates,44,Cindy Frich,REP,81
Monongalia,0046 Prec 36,House of Delegates,44,Tom O'Neill,REP,71
Monongalia,0046 Prec 36,House of Delegates,44,Phil Conley,REP,48
Monongalia,0046 Prec 36,House of Delegates,44,Gene Claypole,DEM,59
Monongalia,0046 Prec 36,House of Delegates,44,Barbara Fleischauer,DEM,76
Monongalia,0046 Prec 36,House of Delegates,44,Nancy Houston,DEM,82
Monongalia,0046 Prec 36,House of Delegates,44,Bob Beach,DEM,73
Monongalia,0046 Prec 36,House of Delegates,44,Write-ins,,1
Monongalia,0047 Prec 39,Registered Voters,,Registered,,479
Monongalia,0047 Prec 39,Ballots Cast,,Ballots,,177
Monongalia,0047 Prec 39,U.S. Senate,,Jay Wolfe,REP,60
Monongalia,0047 Prec 39,U.S. Senate,,Jay Rockefeller ,DEM,113
Monongalia,0047 Prec 39,U.S. House,1,Alan Mollohan,DEM,135
Monongalia,0047 Prec 39,U.S. House,1,Write-ins,,5
Monongalia,0047 Prec 39,State Senate,13,Toni Tampoya,REP,29
Monongalia,0047 Prec 39,State Senate,13,Mike Oliviero,DEM,139
Monongalia,0047 Prec 39,House of Delegates,44,Cindy Frich,REP,77
Monongalia,0047 Prec 39,House of Delegates,44,Tom O'Neill,REP,78
Monongalia,0047 Prec 39,House of Delegates,44,Phil Conley,REP,51
Monongalia,0047 Prec 39,House of Delegates,44,Gene Claypole,DEM,71
Monongalia,0047 Prec 39,House of Delegates,44,Barbara Fleischauer,DEM,93
Monongalia,0047 Prec 39,House of Delegates,44,Nancy Houston,DEM,111
Monongalia,0047 Prec 39,House of Delegates,44,Bob Beach,DEM,100
Monongalia,0047 Prec 39,House of Delegates,44,Write-ins,,2
Monongalia,0048 Prec 46,Registered Voters,,Registered,,374
Monongalia,0048 Prec 46,Ballots Cast,,Ballots,,107
Monongalia,0048 Prec 46,U.S. Senate,,Jay Wolfe,REP,37
Monongalia,0048 Prec 46,U.S. Senate,,Jay Rockefeller ,DEM,68
Monongalia,0048 Prec 46,U.S. House,1,Alan Mollohan,DEM,76
Monongalia,0048 Prec 46,U.S. House,2,Write-ins,,
Monongalia,0048 Prec 46,State Senate,13,Toni Tampoya,DEM,24
Monongalia,0048 Prec 46,State Senate,13,Mike Oliviero,,78
Monongalia,0048 Prec 46,House of Delegates,44,Cindy Frich,REP,48
Monongalia,0048 Prec 46,House of Delegates,44,Tom O'Neill,REP,42
Monongalia,0048 Prec 46,House of Delegates,44,Phil Conley,REP,29
Monongalia,0048 Prec 46,House of Delegates,44,Gene Claypole,DEM,63
Monongalia,0048 Prec 46,House of Delegates,44,Barbara Fleischauer,DEM,61
Monongalia,0048 Prec 46,House of Delegates,44,Nancy Houston,DEM,64
Monongalia,0048 Prec 46,House of Delegates,44,Bob Beach,DEM,58
Monongalia,0048 Prec 46,House of Delegates,44,Write-ins,,1
Monongalia,0049 Prec 48,Registered Voters,,Registered,,319
Monongalia,0049 Prec 48,Ballots Cast,,Ballots,,90
Monongalia,0049 Prec 48,U.S. Senate,,Jay Wolfe,REP,18
Monongalia,0049 Prec 48,U.S. Senate,,Jay Rockefeller,DEM,72
Monongalia,0049 Prec 48,U.S. House,1,Alan Mollohan,DEM,79
Monongalia,0049 Prec 48,State Senate,13,Toni Tampoya,REP,11
Monongalia,0049 Prec 48,State Senate,13,Mike Oliviero,DEM,78
Monongalia,0049 Prec 48,House of Delegates,44,Cindy Frich,REP,30
Monongalia,0049 Prec 48,House of Delegates,44,Tom O'Neill,REP,21
Monongalia,0049 Prec 48,House of Delegates,44,Phil Conley,REP,13
Monongalia,0049 Prec 48,House of Delegates,44,Gene Claypole,DEM,66
Monongalia,0049 Prec 48,House of Delegates,44,Barbara Fleischauer,DEM,58
Monongalia,0049 Prec 48,House of Delegates,44,Nancy Houston,DEM,61
Monongalia,0049 Prec 48,House of Delegates,44,Bob Beach,DEM,61
Monongalia,0050 Prec 49,Registered Voters,,Registered,,144
Monongalia,0050 Prec 49,Ballots Cast,,Ballots,,61
Monongalia,0050 Prec 49,U.S. Senate,,Jay Wolfe,REP,20
Monongalia,0050 Prec 49,U.S. Senate,,Jay Rockefeller,DEM,39
Monongalia,0050 Prec 49,U.S. House,1,Alan Mollohan,DEM,47
Monongalia,0050 Prec 49,U.S. House,1,Write-ins,,2
Monongalia,0050 Prec 49,State Senate,13,Toni Tampoya,DEM,8
Monongalia,0050 Prec 49,State Senate,13,Mike Oliviero,,51
Monongalia,0050 Prec 49,House of Delegates,44,Frich,REP,32
Monongalia,0050 Prec 49,House of Delegates,44,O'Neill,REP,25
Monongalia,0050 Prec 49,House of Delegates,44,Conley,REP,10
Monongalia,0050 Prec 49,House of Delegates,44,Claypole,DEM,35
Monongalia,0050 Prec 49,House of Delegates,44,Fleischauer,DEM,28
Monongalia,0050 Prec 49,House of Delegates,44,Houston,DEM,31
Monongalia,0050 Prec 49,House of Delegates,44,Beach,DEM,42
Monongalia,0051 Prec 56,Registered Voters,,Registered,,92
Monongalia,0051 Prec 56,Ballots Cast,,Ballots,,37
Monongalia,0051 Prec 56,U.S. Senate,,Jay Wolfe,REP,9
Monongalia,0051 Prec 56,U.S. Senate,,Jay Rockefeller,DEM,28
Monongalia,0051 Prec 56,U.S. House,1,Alan Mollohan,DEM,29
Monongalia,0051 Prec 56,State Senate,13,Toni Tampoya,REP,6
Monongalia,0051 Prec 56,State Senate,13,Mike Oliviero,DEM,30
Monongalia,0051 Prec 56,House of Delegates,44,Frich,REP,15
Monongalia,0051 Prec 56,House of Delegates,44,O'Neill,REP,12
Monongalia,0051 Prec 56,House of Delegates,44,Conley,REP,10
Monongalia,0051 Prec 56,House of Delegates,44,Claypole,DEM,25
Monongalia,0051 Prec 56,House of Delegates,44,Fleischauer,DEM,20
Monongalia,0051 Prec 56,House of Delegates,44,Houston,DEM,21
Monongalia,0051 Prec 56,House of Delegates,44,Beach,DEM,25
Monongalia,0052 Prec 68,Registered Voters,,Registered,,730
Monongalia,0052 Prec 68,Ballots Cast,,Ballots,,266
Monongalia,0052 Prec 68,U.S. Senate,,Jay Wolfe,REP,111
Monongalia,0052 Prec 68,U.S. Senate,,Jay Rockefeller,DEM,147
Monongalia,0052 Prec 68,U.S. House,1,Alan Mollohan,DEM,188
Monongalia,0052 Prec 68,U.S. House,1,Write-ins,,2
Monongalia,0052 Prec 68,State Senate,13,Toni Tampoya,DEM,65
Monongalia,0052 Prec 68,State Senate,13,Mike Oliviero,,193
Monongalia,0052 Prec 68,House of Delegates,44,Frich,REP,145
Monongalia,0052 Prec 68,House of Delegates,44,O'Neill,REP,137
Monongalia,0052 Prec 68,House of Delegates,44,Conley,REP,86
Monongalia,0052 Prec 68,House of Delegates,44,Claypole,DEM,112
Monongalia,0052 Prec 68,House of Delegates,44,Fleischauer,DEM,106
Monongalia,0052 Prec 68,House of Delegates,44,Houston,DEM,128
Monongalia,0052 Prec 68,House of Delegates,44,Beach,DEM,154
Monongalia,0052 Prec 68,House of Delegates,44,Write-ins,,1
Monongalia,0053 Prec 69,Registered Voters,,Registered,,505
Monongalia,0053 Prec 69,Ballots Cast,,Ballots,,196
Monongalia,0053 Prec 69,U.S. Senate,,Jay Wolfe,REP,62
Monongalia,0053 Prec 69,U.S. Senate,,Jay Rockefeller,DEM,133
Monongalia,0053 Prec 69,U.S. Senate,,Write-ins,,
Monongalia,0053 Prec 69,U.S. House,1,Alan Mollohan,DEM,156
Monongalia,0053 Prec 69,U.S. House,1,Write-ins,,3
Monongalia,0053 Prec 69,State Senate,13,Toni Tampoya,REP,40
Monongalia,0053 Prec 69,State Senate,13,Mike Oliviero,DEM,154
Monongalia,0053 Prec 69,House of Delegates,44,Frich,REP,91
Monongalia,0053 Prec 69,House of Delegates,44,O'Neill,REP,87
Monongalia,0053 Prec 69,House of Delegates,44,Conley,REP,44
Monongalia,0053 Prec 69,House of Delegates,44,Claypole,DEM,112
Monongalia,0053 Prec 69,House of Delegates,44,Fleischauer,DEM,91
Monongalia,0053 Prec 69,House of Delegates,44,Houston,DEM,115
Monongalia,0053 Prec 69,House of Delegates,44,Beach,DEM,129
Monongalia,0054 Prec 70,Registered Voters,,Registered,,578
Monongalia,0054 Prec 70,Ballots Cast,,Ballots,,204
Monongalia,0054 Prec 70,U.S. Senate,,Jay Wolfe,REP,61
Monongalia,0054 Prec 70,U.S. Senate,,Jay Rockefeller,DEM,140
Monongalia,0054 Prec 70,U.S. House,1,Alan Mollohan,DEM,163
Monongalia,0054 Prec 70,U.S. House,1,Write-ins,,4
Monongalia,0054 Prec 70,State Senate,13,Toni Tampoya,REP,32
Monongalia,0054 Prec 70,State Senate,13,Mike Oliviero,DEM,168
Monongalia,0054 Prec 70,House of Delegates,44,Frich,REP,101
Monongalia,0054 Prec 70,House of Delegates,44,O'Neill,REP,74
Monongalia,0054 Prec 70,House of Delegates,44,Conley,REP,47
Monongalia,0054 Prec 70,House of Delegates,44,Claypole,DEM,97
Monongalia,0054 Prec 70,House of Delegates,44,Fleischauer,DEM,109
Monongalia,0054 Prec 70,House of Delegates,44,Houston,DEM,117
Monongalia,0054 Prec 70,House of Delegates,44,Beach,DEM,117
Monongalia,0055 Prec 71,Registered Voters,,Registered,,595
Monongalia,0055 Prec 71,Ballots Cast,,Ballots,,236
Monongalia,0055 Prec 71,U.S. Senate,,Jay Wolfe,REP,84
Monongalia,0055 Prec 71,U.S. Senate,,Jay Rockefeller,DEM,147
Monongalia,0055 Prec 71,U.S. Senate,,Write-ins,,
Monongalia,0055 Prec 71,U.S. House,1,Alan Mollohan,DEM,172
Monongalia,0055 Prec 71,U.S. House,1,Write-ins,,4
Monongalia,0055 Prec 71,State Senate,13,Toni Tampoya,DEM,44
Monongalia,0055 Prec 71,State Senate,13,Mike Oliviero,,185
Monongalia,0055 Prec 71,House of Delegates,44,Frich,REP,120
Monongalia,0055 Prec 71,House of Delegates,44,O'Neill,REP,93
Monongalia,0055 Prec 71,House of Delegates,44,Conley,REP,54
Monongalia,0055 Prec 71,House of Delegates,44,Claypole,DEM,115
Monongalia,0055 Prec 71,House of Delegates,44,Fleischauer,DEM,120
Monongalia,0055 Prec 71,House of Delegates,44,Houston,DEM,135
Monongalia,0055 Prec 71,House of Delegates,44,Beach,DEM,133
Monongalia,0055 Prec 71,House of Delegates,44,Write-ins,,4
Monongalia,0056 Prec 72,Registered Voters,,Registered,,405
Monongalia,0056 Prec 72,Ballots Cast,,Ballots,,151
Monongalia,0056 Prec 72,U.S. Senate,,Jay Wolfe,REP,39
Monongalia,0056 Prec 72,U.S. Senate,,Jay Rockefeller,DEM,107
Monongalia,0056 Prec 72,U.S. House,1,Alan Mollohan,DEM,113
Monongalia,0056 Prec 72,U.S. House,1,Write-ins,,3
Monongalia,0056 Prec 72,State Senate,13,Toni Tampoya,REP,26
Monongalia,0056 Prec 72,State Senate,13,Mike Oliviero,DEM,114
Monongalia,0056 Prec 72,House of Delegates,44,Frich,REP,73
Monongalia,0056 Prec 72,House of Delegates,44,O'Neill,REP,47
Monongalia,0056 Prec 72,House of Delegates,44,Conley,REP,22
Monongalia,0056 Prec 72,House of Delegates,44,Claypole,DEM,81
Monongalia,0056 Prec 72,House of Delegates,44,Fleischauer,DEM,88
Monongalia,0056 Prec 72,House of Delegates,44,Houston,DEM,90
Monongalia,0056 Prec 72,House of Delegates,44,Beach,DEM,90
Monongalia,0057 Prec 73,Registered Voters,,Registered,,566
Monongalia,0057 Prec 73,Ballots Cast,,Ballots,,207
Monongalia,0057 Prec 73,U.S. Senate,,Jay Wolfe,REP,58
Monongalia,0057 Prec 73,U.S. Senate,,Jay Rockefeller,DEM,149
Monongalia,0057 Prec 73,U.S. House,1,Alan Mollohan,DEM,168
Monongalia,0057 Prec 73,U.S. House,1,Write-ins,,2
Monongalia,0057 Prec 73,State Senate,13,Toni Tampoya,REP,24
Monongalia,0057 Prec 73,State Senate,13,Mike Oliviero,DEM,175
Monongalia,0057 Prec 73,State Senate,13,Write-ins,,1
Monongalia,0057 Prec 73,House of Delegates,44,Frich,REP,103
Monongalia,0057 Prec 73,House of Delegates,44,O'Neill,REP,69
Monongalia,0057 Prec 73,House of Delegates,44,Conley,REP,33
Monongalia,0057 Prec 73,House of Delegates,44,Claypole,DEM,113
Monongalia,0057 Prec 73,House of Delegates,44,Fleischauer,DEM,117
Monongalia,0057 Prec 73,House of Delegates,44,Houston,DEM,124
Monongalia,0057 Prec 73,House of Delegates,44,Beach,DEM,123
Monongalia,0057 Prec 73,House of Delegates,44,Write-ins,,1
Monongalia,0058 Prec 74,Registered Voters,,Registered,,472
Monongalia,0058 Prec 74,Ballots Cast,,Ballots,,154
Monongalia,0058 Prec 74,U.S. Senate,,Jay Wolfe,REP,40
Monongalia,0058 Prec 74,U.S. Senate,,Jay Rockefeller,DEM,111
Monongalia,0058 Prec 74,U.S. House,1,Alan Mollohan,DEM,121
Monongalia,0058 Prec 74,U.S. House,1,Write-ins,,4
Monongalia,0058 Prec 74,State Senate,13,Toni Tampoya,REP,24
Monongalia,0058 Prec 74,State Senate,13,Mike Oliviero,DEM,124
Monongalia,0058 Prec 74,House of Delegates,44,Frich,REP,61
Monongalia,0058 Prec 74,House of Delegates,44,O'Neill,REP,39
Monongalia,0058 Prec 74,House of Delegates,44,Conley,REP,29
Monongalia,0058 Prec 74,House of Delegates,44,Claypole,DEM,107
Monongalia,0058 Prec 74,House of Delegates,44,Fleischauer,DEM,92
Monongalia,0058 Prec 74,House of Delegates,44,Houston,DEM,88
Monongalia,0058 Prec 74,House of Delegates,44,Beach,DEM,98
Monongalia,0058 Prec 74,House of Delegates,44,Write-ins,,1
Monongalia,0059 Prec 75,Registered Voters,,Registered,,282
Monongalia,0059 Prec 75,Ballots Cast,,Ballots,,128
Monongalia,0059 Prec 75,U.S. Senate,,Jay Wolfe,REP,40
Monongalia,0059 Prec 75,U.S. Senate,,Jay Rockefeller,DEM,87
Monongalia,0059 Prec 75,U.S. House,1,Alan Mollohan,DEM,94
Monongalia,0059 Prec 75,U.S. House,1,Write-ins,,1
Monongalia,0059 Prec 75,State Senate,13,Toni Tampoya,REP,21
Monongalia,0059 Prec 75,State Senate,13,Mike Oliviero,DEM,102
Monongalia,0059 Prec 75,House of Delegates,44,Frich,REP,49
Monongalia,0059 Prec 75,House of Delegates,44,O'Neill,REP,48
Monongalia,0059 Prec 75,House of Delegates,44,Conley,REP,22
Monongalia,0059 Prec 75,House of Delegates,44,Claypole,DEM,68
Monongalia,0059 Prec 75,House of Delegates,44,Fleischauer,DEM,63
Monongalia,0059 Prec 75,House of Delegates,44,Houston,DEM,68
Monongalia,0059 Prec 75,House of Delegates,44,Beach,DEM,77
Monongalia,0060 Prec 76,Registered Voters,,Registered,,222
Monongalia,0060 Prec 76,Ballots Cast,,Ballots,,57
Monongalia,0060 Prec 76,U.S. Senate,,Jay Wolfe,REP,21
Monongalia,0060 Prec 76,U.S. Senate,,Jay Rockefeller,DEM,35
Monongalia,0060 Prec 76,U.S. Senate,,Write-ins,,
Monongalia,0060 Prec 76,U.S. House,1,Alan Mollohan,DEM,43
Monongalia,0060 Prec 76,U.S. House,1,Write-ins,,2
Monongalia,0060 Prec 76,State Senate,13,Toni Tampoya,REP,13
Monongalia,0060 Prec 76,State Senate,13,Mike Oliviero,DEM,41
Monongalia,0060 Prec 76,House of Delegates,44,Frich,REP,27
Monongalia,0060 Prec 76,House of Delegates,44,O'Neill,REP,26
Monongalia,0060 Prec 76,House of Delegates,44,Conley,REP,15
Monongalia,0060 Prec 76,House of Delegates,44,Claypole,DEM,18
Monongalia,0060 Prec 76,House of Delegates,44,Fleischauer,DEM,30
Monongalia,0060 Prec 76,House of Delegates,44,Houston,DEM,28
Monongalia,0060 Prec 76,House of Delegates,44,Beach,DEM,25
Monongalia,0061 Prec 77A,Registered Voters,,Registered,,696
Monongalia,0061 Prec 77A,Ballots Cast,,Ballots,,333
Monongalia,0061 Prec 77A,U.S. Senate,,Jay Wolfe,REP,138
Monongalia,0061 Prec 77A,U.S. Senate,,Jay Rockefeller,DEM,188
Monongalia,0061 Prec 77A,U.S. Senate,,Write-ins,,1
Monongalia,0061 Prec 77A,U.S. House,1,Alan Mollohan,DEM,240
Monongalia,0061 Prec 77A,U.S. House,1,Write-ins,,6
Monongalia,0061 Prec 77A,State Senate,13,Toni Tampoya,REP,79
Monongalia,0061 Prec 77A,State Senate,13,Mike Oliviero,DEM,238
Monongalia,0061 Prec 77A,State Senate,13,Write-ins,,1
Monongalia,0061 Prec 77A,House of Delegates,44,Frich,REP,192
Monongalia,0061 Prec 77A,House of Delegates,44,O'Neill,REP,181
Monongalia,0061 Prec 77A,House of Delegates,44,Conley,REP,89
Monongalia,0061 Prec 77A,House of Delegates,44,Claypole,DEM,128
Monongalia,0061 Prec 77A,House of Delegates,44,Fleischauer,DEM,159
Monongalia,0061 Prec 77A,House of Delegates,44,Houston,DEM,189
Monongalia,0061 Prec 77A,House of Delegates,44,Beach,DEM,173
Monongalia,0061 Prec 77A,House of Delegates,44,Write-ins,,2
Monongalia,0062 Prec 77B,Registered Voters,,Registered,,652
Monongalia,0062 Prec 77B,Ballots Cast,,Ballots,,318
Monongalia,0062 Prec 77B,U.S. Senate,,Jay Wolfe,REP,142
Monongalia,0062 Prec 77B,U.S. Senate,,Jay Rockefeller,DEM,171
Monongalia,0062 Prec 77B,U.S. Senate,,Write-ins,,
Monongalia,0062 Prec 77B,U.S. House,1,Alan Mollohan,DEM,233
Monongalia,0062 Prec 77B,U.S. House,1,Write-ins,,7
Monongalia,0062 Prec 77B,State Senate,13,Toni Tampoya,REP,72
Monongalia,0062 Prec 77B,State Senate,13,Mike Oliviero,DEM,229
Monongalia,0062 Prec 77B,House of Delegates,44,Frich,REP,174
Monongalia,0062 Prec 77B,House of Delegates,44,O'Neill,REP,149
Monongalia,0062 Prec 77B,House of Delegates,44,Conley,REP,75
Monongalia,0062 Prec 77B,House of Delegates,44,Claypole,DEM,105
Monongalia,0062 Prec 77B,House of Delegates,44,Fleischauer,DEM,152
Monongalia,0062 Prec 77B,House of Delegates,44,Houston,DEM,185
Monongalia,0062 Prec 77B,House of Delegates,44,Beach,DEM,172
Monongalia,0062 Prec 77B,House of Delegates,44,Write-ins,,1
Monongalia,0063 Prec 78A,Registered Voters,,Registered,,647
Monongalia,0063 Prec 78A,Ballots Cast,,Ballots,,297
Monongalia,0063 Prec 78A,U.S. Senate,,Jay Wolfe,REP,116
Monongalia,0063 Prec 78A,U.S. Senate,,Jay Rockefeller,DEM,174
Monongalia,0063 Prec 78A,U.S. Senate,,Write-ins,,2
Monongalia,0063 Prec 78A,U.S. House,1,Alan Mollohan,DEM,208
Monongalia,0063 Prec 78A,U.S. House,1,Write-ins,,8
Monongalia,0063 Prec 78A,State Senate,13,Toni Tampoya,REP,66
Monongalia,0063 Prec 78A,State Senate,13,Mike Oliviero,DEM,218
Monongalia,0063 Prec 78A,State Senate,13,Write-ins,,1
Monongalia,0063 Prec 78A,House of Delegates,44,Frich,REP,161
Monongalia,0063 Prec 78A,House of Delegates,44,O'Neill,REP,144
Monongalia,0063 Prec 78A,House of Delegates,44,Conley,REP,87
Monongalia,0063 Prec 78A,House of Delegates,44,Claypole,DEM,99
Monongalia,0063 Prec 78A,House of Delegates,44,Fleischauer,DEM,146
Monongalia,0063 Prec 78A,House of Delegates,44,Houston,DEM,166
Monongalia,0063 Prec 78A,House of Delegates,44,Beach,DEM,166
Monongalia,0063 Prec 78A,House of Delegates,44,Write-ins,,2
Monongalia,0064 Prec 78B,Registered Voters,,Registered,,442
Monongalia,0064 Prec 78B,Ballots Cast,,Ballots,,200
Monongalia,0064 Prec 78B,U.S. Senate,,Jay Wolfe,REP,81
Monongalia,0064 Prec 78B,U.S. Senate,,Jay Rockefeller,DEM,113
Monongalia,0064P,U.S. Senate,,Write-ins,,1
Monongalia,0064 Prec 78B,U.S. House,1,Alan Mollohan,DEM,145
Monongalia,0064 Prec 78B,U.S. House,1,Write-ins,,
Monongalia,0064 Prec 78B,State Senate,13,Toni Tampoya,REP,53
Monongalia,0064 Prec 78B,State Senate,13,Mike Oliviero,DEM,134
Monongalia,0064 Prec 78B,State Senate,13,Write-ins,,
Monongalia,0064 Prec 78B,House of Delegates,44,Frich,REP,120
Monongalia,0064 Prec 78B,House of Delegates,44,O'Neill,REP,91
Monongalia,0064 Prec 78B,House of Delegates,44,Conley,REP,55
Monongalia,0064 Prec 78B,House of Delegates,44,Claypole,DEM,65
Monongalia,0064 Prec 78B,House of Delegates,44,Fleischauer,DEM,79
Monongalia,0064 Prec 78B,House of Delegates,44,Houston,DEM,112
Monongalia,0064 Prec 78B,House of Delegates,44,Beach,DEM,98
Monongalia,0065 Prec 79A,Registered Voters,,Registered,,558
Monongalia,0065 Prec 79A,Ballots Cast,,Ballots,,260
Monongalia,0065 Prec 79A,U.S. Senate,,Jay Wolfe,REP,131
Monongalia,0065 Prec 79A,U.S. Senate,,Jay Rockefeller,DEM,121
Monongalia,0065 Prec 79A,U.S. Senate,,Write-ins,,1
Monongalia,0065 Prec 79A,U.S. House,1,Alan Mollohan,DEM,158
Monongalia,0065 Prec 79A,U.S. House,1,Write-ins,,6
Monongalia,0065 Prec 79A,State Senate,13,Toni Tampoya,REP,79
Monongalia,0065 Prec 79A,State Senate,13,Mike Oliviero,DEM,169
Monongalia,0065 Prec 79A,State Senate,13,Write-ins,,
Monongalia,0065 Prec 79A,House of Delegates,44,Frich,REP,146
Monongalia,0065 Prec 79A,House of Delegates,44,O'Neill,REP,156
Monongalia,0065 Prec 79A,House of Delegates,44,Conley,REP,90
Monongalia,0065 Prec 79A,House of Delegates,44,Claypole,DEM,77
Monongalia,0065 Prec 79A,House of Delegates,44,Fleischauer,DEM,98
Monongalia,0065 Prec 79A,House of Delegates,44,Houston,DEM,139
Monongalia,0065 Prec 79A,House of Delegates,44,Beach,DEM,122
Monongalia,0065 Prec 79A,House of Delegates,44,Write-ins,,
Monongalia,0066 Prec 79B,Registered Voters,,Registered,,683
Monongalia,0066 Prec 79B,Ballots Cast,,Ballots,,315
Monongalia,0066 Prec 79B,U.S. Senate,,Jay Wolfe,REP,145
Monongalia,0066 Prec 79B,U.S. Senate,,Jay Rockefeller,DEM,162
Monongalia,0066 Prec 79B,U.S. House,1,Alan Mollohan,DEM,222
Monongalia,0066 Prec 79B,U.S. House,1,Write-ins,,9
Monongalia,0066 Prec 79B,State Senate,13,Toni Tampoya,REP,78
Monongalia,0066 Prec 79B,State Senate,13,Mike Oliviero,DEM,233
Monongalia,0066 Prec 79B,House of Delegates,44,Frich,REP,194
Monongalia,0066 Prec 79B,House of Delegates,44,O'Neill,REP,189
Monongalia,0066 Prec 79B,House of Delegates,44,Conley,REP,113
Monongalia,0066 Prec 79B,House of Delegates,44,Claypole,DEM,90
Monongalia,0066 Prec 79B,House of Delegates,44,Fleischauer,DEM,121
Monongalia,0066 Prec 79B,House of Delegates,44,Houston,DEM,169
Monongalia,0066 Prec 79B,House of Delegates,44,Beach,DEM,165
Monongalia,0066 Prec 79B,House of Delegates,44,Write-ins,,
Monongalia,0067 Prec 80,Registered Voters,,Registered,,532
Monongalia,0067 Prec 80,Ballots Cast,,Ballots,,266
Monongalia,0067 Prec 80,U.S. Senate,,Jay Wolfe,REP,125
Monongalia,0067 Prec 80,U.S. Senate,,Jay Rockefeller,DEM,137
Monongalia,0067 Prec 80,U.S. Senate,,Write-ins,,1
Monongalia,0067 Prec 80,U.S. House,1,Alan Mollohan,DEM,182
Monongalia,0067 Prec 80,U.S. House,1,Write-ins,,1
Monongalia,0067 Prec 80,State Senate,13,Toni Tampoya,REP,69
Monongalia,0067 Prec 80,State Senate,13,Mike Oliviero,DEM,187
Monongalia,0067 Prec 80,House of Delegates,44,Frich,REP,156
Monongalia,0067 Prec 80,House of Delegates,44,O'Neill,REP,139
Monongalia,0067 Prec 80,House of Delegates,44,Conley,REP,79
Monongalia,0067 Prec 80,House of Delegates,44,Claypole,DEM,91
Monongalia,0067 Prec 80,House of Delegates,44,Fleischauer,DEM,113
Monongalia,0067 Prec 80,House of Delegates,44,Houston,DEM,147
Monongalia,0067 Prec 80,House of Delegates,44,Beach,DEM,145
Monongalia,0067 Prec 80,House of Delegates,44,Write-ins,,
Monongalia,0068 Prec 81,Registered Voters,,Registered,,524
Monongalia,0068 Prec 81,Ballots Cast,,Ballots,,259
Monongalia,0068 Prec 81,U.S. Senate,,Jay Wolfe,REP,91
Monongalia,0068 Prec 81,U.S. Senate,,Jay Rockefeller,DEM,164
Monongalia,0068 Prec 81,U.S. House,1,Alan Mollohan,DEM,179
Monongalia,0068 Prec 81,U.S. House,1,Write-ins,,8
Monongalia,0068 Prec 81,State Senate,13,Toni Tampoya,REP,52
Monongalia,0068 Prec 81,State Senate,13,Mike Oliviero,DEM,202
Monongalia,0068 Prec 81,State Senate,13,Write-ins,,122
Monongalia,0068 Prec 81,House of Delegates,44,Cindy Frich,REP,122
Monongalia,0068 Prec 81,House of Delegates,44,Tom O'Neill,REP,98
Monongalia,0068 Prec 81,House of Delegates,44,Phil Conley,REP,57
Monongalia,0068 Prec 81,House of Delegates,44,Gene Claypole,DEM,122
Monongalia,0068 Prec 81,House of Delegates,44,Barbara Fleischauer,DEM,145
Monongalia,0068 Prec 81,House of Delegates,44,Nancy Houston,DEM,149
Monongalia,0068 Prec 81,House of Delegates,44,Bob Beach,DEM,159
Monongalia,0069 Prec 82,Registered Voters,,Registered,,710
Monongalia,0069 Prec 82,Ballots Cast,,Ballots,,282
Monongalia,0069 Prec 82,U.S. Senate,,Jay Wolfe,REP,123
Monongalia,0069 Prec 82,U.S. Senate,,Jay Rockefeller,DEM,152
Monongalia,0069 Prec 82,U.S. House,1,Alan Mollohan,DEM,193
Monongalia,0069 Prec 82,U.S. House,1,Write-ins,,2
Monongalia,0069 Prec 82,State Senate,13,Toni Tampoya,REP,76
Monongalia,0069 Prec 82,State Senate,13,Mike Oliviero,DEM,194
Monongalia,0069 Prec 82,House of Delegates,44,Cindy Frich,REP,156
Monongalia,0069 Prec 82,House of Delegates,44,Tom O'Neill,REP,137
Monongalia,0069 Prec 82,House of Delegates,44,Phil Conley,REP,81
Monongalia,0069 Prec 82,House of Delegates,44,Gene Claypole,DEM,132
Monongalia,0069 Prec 82,House of Delegates,44,Barbara Fleischauer,DEM,137
Monongalia,0069 Prec 82,House of Delegates,44,Nancy Houston,DEM,144
Monongalia,0069 Prec 82,House of Delegates,44,Bob Beach,DEM,171
Monongalia,0070 Prec 83A,Registered Voters,,Registered,,607
Monongalia,0070 Prec 83A,Ballots Cast,,Ballots,,221
Monongalia,0070 Prec 83A,U.S. Senate,,Jay Wolfe,REP,77
Monongalia,0070 Prec 83A,U.S. Senate,,Jay Rockefeller,DEM,144
Monongalia,0070 Prec 83A,U.S. House,1,Alan Mollohan,DEM,165
Monongalia,0070 Prec 83A,State Senate,13,Toni Tampoya,REP,54
Monongalia,0070 Prec 83A,State Senate,13,Mike Oliviero,DEM,159
Monongalia,0070 Prec 83A,House of Delegates,44,Cindy Frich,REP,115
Monongalia,0070 Prec 83A,House of Delegates,44,Tom O'Neill,REP,109
Monongalia,0070 Prec 83A,House of Delegates,44,Phil Conley,REP,57
Monongalia,0070 Prec 83A,House of Delegates,44,Gene Claypole,DEM,89
Monongalia,0070 Prec 83A,House of Delegates,44,Barbara Fleischauer,DEM,107
Monongalia,0070 Prec 83A,House of Delegates,44,Nancy Houston,DEM,125
Monongalia,0070 Prec 83A,House of Delegates,44,Bob Beach,DEM,124
Monongalia,0070 Prec 83A,House of Delegates,44,Write-ins,,1
Monongalia,0071 Prec 83B,Registered Voters,,Registered,,593
Monongalia,0071 Prec 83B,Ballots Cast,,Ballots,,221
Monongalia,0071 Prec 83B,U.S. Senate,,Jay Wolfe,REP,82
Monongalia,0071 Prec 83B,U.S. Senate,,Jay Rockefeller,DEM,133
Monongalia,0071 Prec 83B,U.S. House,1,Alan Mollohan,DEM,171
Monongalia,0071 Prec 83B,U.S. House,1,Write-ins,,3
Monongalia,0071 Prec 83B,State Senate,13,Toni Tampoya,REP,44
Monongalia,0071 Prec 83B,State Senate,13,Mike Oliviero,DEM,168
Monongalia,0071 Prec 83B,House of Delegates,44,Cindy Frich,REP,121
Monongalia,0071 Prec 83B,House of Delegates,44,Tom O'Neill,REP,111
Monongalia,0071 Prec 83B,House of Delegates,44,Phil Conley,REP,56
Monongalia,0071 Prec 83B,House of Delegates,44,Gene Claypole,DEM,89
Monongalia,0071 Prec 83B,House of Delegates,44,Barbara Fleischauer,DEM,101
Monongalia,0071 Prec 83B,House of Delegates,44,Nancy Houston,DEM,120
Monongalia,0071 Prec 83B,House of Delegates,44,Bob Beach,DEM,120
Monongalia,0071 Prec 83B,House of Delegates,44,Write-ins,,1
Monongalia,0072 Prec 84,Registered Voters,,Registered,,490
Monongalia,0072 Prec 84,Ballots Cast,,Ballots,,165
Monongalia,0072 Prec 84,U.S. Senate,,Jay Wolfe,REP,67
Monongalia,0072 Prec 84,U.S. Senate,,Jay Rockefeller,DEM,97
Monongalia,0072 Prec 84,U.S. House,1,Alan Mollohan,DEM,114
Monongalia,0072 Prec 84,U.S. House,1,Write-ins,,6
Monongalia,0072 Prec 84,State Senate,13,Toni Tampoya,REP,24
Monongalia,0072 Prec 84,State Senate,13,Mike Oliviero,DEM,131
Monongalia,0072 Prec 84,House of Delegates,44,Cindy Frich,REP,94
Monongalia,0072 Prec 84,House of Delegates,44,Tom O'Neill,REP,78
Monongalia,0072 Prec 84,House of Delegates,44,Phil Conley,REP,29
Monongalia,0072 Prec 84,House of Delegates,44,Gene Claypole,DEM,67
Monongalia,0072 Prec 84,House of Delegates,44,Barbara Fleischauer,DEM,78
Monongalia,0072 Prec 84,House of Delegates,44,Nancy Houston,DEM,94
Monongalia,0072 Prec 84,House of Delegates,44,Bob Beach,DEM,101
Monongalia,0072 Prec 84,House of Delegates,44,Write-ins,,1
Monongalia,0073 Prec 86,Registered Voters,,Registered,,845
Monongalia,0073 Prec 86,Ballots Cast,,Ballots,,345
Monongalia,0073 Prec 86,U.S. Senate,,Jay Wolfe,REP,108
Monongalia,0073 Prec 86,U.S. Senate,,Jay Rockefeller,DEM,234
Monongalia,0073 Prec 86,U.S. House,1,Alan Mollohan,DEM,265
Monongalia,0073 Prec 86,U.S. House,1,Write-ins,,1
Monongalia,0073 Prec 86,State Senate,13,Toni Tampoya,REP,63
Monongalia,0073 Prec 86,State Senate,13,Mike Oliviero,DEM,276
Monongalia,0073 Prec 86,House of Delegates,44,Cindy Frich,REP,171
Monongalia,0073 Prec 86,House of Delegates,44,Tom O'Neill,REP,151
Monongalia,0073 Prec 86,House of Delegates,44,Phil Conley,REP,81
Monongalia,0073 Prec 86,House of Delegates,44,Gene Claypole,DEM,160
Monongalia,0073 Prec 86,House of Delegates,44,Barbara Fleischauer,DEM,183
Monongalia,0073 Prec 86,House of Delegates,44,Nancy Houston,DEM,226
Monongalia,0073 Prec 86,House of Delegates,44,Bob Beach,DEM,209
Monongalia,0074 Prec 87A,Registered Voters,,Registered,,513
Monongalia,0074 Prec 87A,Ballots Cast,,Ballots,,16
Monongalia,0074 Prec 87A,U.S. Senate,,Jay Wolfe,REP,9
Monongalia,0074 Prec 87A,U.S. Senate,,Jay Rockefeller,DEM,7
Monongalia,0074 Prec 87A,U.S. House,1,Alan Mollohan,DEM,13
Monongalia,0074 Prec 87A,State Senate,13,Toni Tampoya,REP,3
Monongalia,0074 Prec 87A,State Senate,13,Mike Oliviero,DEM,13
Monongalia,0074 Prec 87A,House of Delegates,44,Cindy Frich,REP,9
Monongalia,0074 Prec 87A,House of Delegates,44,Tom O'Neill,REP,10
Monongalia,0074 Prec 87A,House of Delegates,44,Phil Conley,REP,7
Monongalia,0074 Prec 87A,House of Delegates,44,Gene Claypole,DEM,4
Monongalia,0074 Prec 87A,House of Delegates,44,Barbara Fleischauer,DEM,5
Monongalia,0074 Prec 87A,House of Delegates,44,Nancy Houston,DEM,10
Monongalia,0074 Prec 87A,House of Delegates,44,Bob Beach,DEM,8
Monongalia,0075 Prec 87B,Registered Voters,,Registered,,436
Monongalia,0075 Prec 87B,Ballots Cast,,Ballots,,146
Monongalia,0075 Prec 87B,U.S. Senate,,Jay Wolfe,REP,47
Monongalia,0075 Prec 87B,U.S. Senate,,Jay Rockefeller,DEM,95
Monongalia,0075 Prec 87B,U.S. House,1,Alan Mollohan,DEM,106
Monongalia,0075 Prec 87B,U.S. House,1,Write-ins,,2
Monongalia,0075 Prec 87B,State Senate,13,Toni Tampoya,REP,27
Monongalia,0075 Prec 87B,State Senate,13,Mike Oliviero,DEM,113
Monongalia,0075 Prec 87B,House of Delegates,44,Cindy Frich,REP,66
Monongalia,0075 Prec 87B,House of Delegates,44,Tom O'Neill,REP,74
Monongalia,0075 Prec 87B,House of Delegates,44,Phil Conley,REP,33
Monongalia,0075 Prec 87B,House of Delegates,44,Gene Claypole,DEM,57
Monongalia,0075 Prec 87B,House of Delegates,44,Barbara Fleischauer,DEM,64
Monongalia,0075 Prec 87B,House of Delegates,44,Nancy Houston,DEM,80
Monongalia,0075 Prec 87B,House of Delegates,44,Bob Beach,DEM,71
Monongalia,0075 Prec 87B,House of Delegates,44,Write-ins,,1
Monongalia,0076 Prec 88,Registered Voters,,Registered,,865
Monongalia,0076 Prec 88,Ballots Cast,,Ballots,,293
Monongalia,0076 Prec 88,U.S. Senate,,Jay Wolfe,REP,100
Monongalia,0076 Prec 88,U.S. Senate,,Jay Rockefeller,DEM,185
Monongalia,0076 Prec 88,U.S. House,1,Alan Mollohan,DEM,205
Monongalia,0076 Prec 88,U.S. House,1,Write-ins,,7
Monongalia,0076 Prec 88,State Senate,13,Toni Tampoya,REP,66
Monongalia,0076 Prec 88,State Senate,13,Mike Oliviero,DEM,217
Monongalia,0076 Prec 88,House of Delegates,44,Cindy Frich,REP,141
Monongalia,0076 Prec 88,House of Delegates,44,Tom O'Neill,REP,125
Monongalia,0076 Prec 88,House of Delegates,44,Phil Conley,REP,64
Monongalia,0076 Prec 88,House of Delegates,44,Gene Claypole,DEM,125
Monongalia,0076 Prec 88,House of Delegates,44,Barbara Fleischauer,DEM,143
Monongalia,0076 Prec 88,House of Delegates,44,Nancy Houston,DEM,161
Monongalia,0076 Prec 88,House of Delegates,44,Bob Beach,DEM,175
Monongalia,0076 Prec 88,House of Delegates,44,Write-ins,,3
Monongalia,0077 Prec 90,Registered Voters,,Registered,,362
Monongalia,0077 Prec 90,Ballots Cast,,Ballots,,185
Monongalia,0077 Prec 90,U.S. Senate,,Jay Wolfe,REP,62
Monongalia,0077 Prec 90,U.S. Senate,,Jay Rockefeller,DEM,118
Monongalia,0077 Prec 90,U.S. Senate,,Write-ins,,2
Monongalia,0077 Prec 90,U.S. House,1,Alan Mollohan,DEM,129
Monongalia,0077 Prec 90,U.S. House,1,Write-ins,,4
Monongalia,0077 Prec 90,State Senate,13,Toni Tampoya,REP,26
Monongalia,0077 Prec 90,State Senate,13,Mike Oliviero,DEM,156
Monongalia,0077 Prec 90,House of Delegates,44,Frich,REP,102
Monongalia,0077 Prec 90,House of Delegates,44,O'Neill,REP,86
Monongalia,0077 Prec 90,House of Delegates,44,Conley,REP,43
Monongalia,0077 Prec 90,House of Delegates,44,Claypole,DEM,58
Monongalia,0077 Prec 90,House of Delegates,44,Fleischauer,DEM,118
Monongalia,0077 Prec 90,House of Delegates,44,Houston,DEM,114
Monongalia,0077 Prec 90,House of Delegates,44,Beach,DEM,98
Monongalia,0077 Prec 90,House of Delegates,44,Write-ins,,1
Monongalia,0078 Prec 91,Registered Voters,,Registered,,1013
Monongalia,0078 Prec 91,Ballots Cast,,Ballots,,363
Monongalia,0078 Prec 91,U.S. Senate,,Jay Wolfe,REP,142
Monongalia,0078 Prec 91,U.S. Senate,,Jay Rockefeller,DEM,212
Monongalia,0078 Prec 91,U.S. House,1,Alan Mollohan,DEM,271
Monongalia,0078 Prec 91,U.S. House,1,Write-ins,,8
Monongalia,0078 Prec 91,State Senate,13,Toni Tampoya,REP,69
Monongalia,0078 Prec 91,State Senate,13,Mike Oliviero,DEM,276
Monongalia,0078 Prec 91,State Senate,13,Write-ins,,1
Monongalia,0078 Prec 91,House of Delegates,44,Frich,REP,189
Monongalia,0078 Prec 91,House of Delegates,44,O'Neill,REP,183
Monongalia,0078 Prec 91,House of Delegates,44,Conley,REP,91
Monongalia,0078 Prec 91,House of Delegates,44,Claypole,DEM,131
Monongalia,0078 Prec 91,House of Delegates,44,Fleischauer,DEM,183
Monongalia,0078 Prec 91,House of Delegates,44,Houston,DEM,243
Monongalia,0078 Prec 91,House of Delegates,44,Beach,DEM,206
Monongalia,0078 Prec 91,House of Delegates,44,Write-ins,,4
Monongalia,0079 Prec 92,Registered Voters,,Registered,,546
Monongalia,0079 Prec 92,Ballots Cast,,Ballots,,250
Monongalia,0079 Prec 92,U.S. Senate,,Jay Wolfe,REP,69
Monongalia,0079 Prec 92,U.S. Senate,,Jay Rockefeller,DEM,171
Monongalia,0079 Prec 92,U.S. Senate,,Write-ins,,2
Monongalia,0079 Prec 92,U.S. House,1,Alan Mollohan,DEM,188
Monongalia,0079 Prec 92,U.S. House,1,Write-ins,,4
Monongalia,0079 Prec 92,State Senate,13,Toni Tampoya,REP,41
Monongalia,0079 Prec 92,State Senate,13,Mike Oliviero,DEM,201
Monongalia,0079 Prec 92,State Senate,13,Write-ins,,1
Monongalia,0079 Prec 92,House of Delegates,44,Frich,REP,102
Monongalia,0079 Prec 92,House of Delegates,44,O'Neill,REP,75
Monongalia,0079 Prec 92,House of Delegates,44,Conley,REP,39
Monongalia,0079 Prec 92,House of Delegates,44,Claypole,DEM,140
Monongalia,0079 Prec 92,House of Delegates,44,Fleischauer,DEM,147
Monongalia,0079 Prec 92,House of Delegates,44,Houston,DEM,147
Monongalia,0079 Prec 92,House of Delegates,44,Beach,DEM,140
Monongalia,0079 Prec 92,House of Delegates,44,Write-ins,,3
Monongalia,0080 Prec 62A,Registered Voters,,Registered,,496
Monongalia,0080 Prec 62A,Ballots Cast,,Ballots,,202
Monongalia,0080 Prec 62A,U.S. Senate,,Jay Wolfe,REP,95
Monongalia,0080 Prec 62A,U.S. Senate,,Jay Rockefeller,DEM,103
Monongalia,0080 Prec 62A,U.S. Senate,,Write-ins,,1
Monongalia,0080 Prec 62A,U.S. House,1,Alan Mollohan,DEM,143
Monongalia,0080 Prec 62A,U.S. House,1,Write-ins,,2
Monongalia,0080 Prec 62A,State Senate,14,Sarah Minear,REP,119
Monongalia,0080 Prec 62A,State Senate,14,James Baughman,DEM,73
Monongalia,0080 Prec 62A,House of Delegates,42,Paul Elder,REP,93
Monongalia,0080 Prec 62A,House of Delegates,42,Coleman,DEM,94
Monongalia,0081 Prec 62B,Registered Voters,,Registered,,460
Monongalia,0081 Prec 62B,Ballots Cast,,Ballots,,183
Monongalia,0081 Prec 62B,U.S. Senate,,Jay Wolfe,REP,77
Monongalia,0081 Prec 62B,U.S. Senate,,Jay Rockefeller,DEM,103
Monongalia,0081 Prec 62B,U.S. Senate,,Write-ins,,
Monongalia,0081 Prec 62B,U.S. House,1,Alan Mollohan,DEM,141
Monongalia,0081 Prec 62B,U.S. House,1,Write-ins,,3
Monongalia,0081 Prec 62B,State Senate,14,Sarah Minear,REP,111
Monongalia,0081 Prec 62B,State Senate,14,James Baughman,DEM,68
Monongalia,0081 Prec 62B,House of Delegates,42,Paul Elder,REP,80
Monongalia,0081 Prec 62B,House of Delegates,42,Coleman,DEM,95
Monongalia,0081 Prec 62B,House of Delegates,42,Write-ins,,1
Monongalia,0082 Prec 59,Registered Voters,,Registered,,731
Monongalia,0082 Prec 59,Ballots Cast,,Ballots,,343
Monongalia,0082 Prec 59,U.S. Senate,,Jay Wolfe,REP,145
Monongalia,0082 Prec 59,U.S. Senate,,Jay Rockefeller,DEM,194
Monongalia,0082 Prec 59,U.S. Senate,,Write-ins,,1
Monongalia,0082 Prec 59,U.S. House,1,Alan Mollohan,DEM,247
Monongalia,0082 Prec 59,U.S. House,1,Write-ins,,4
Monongalia,0082 Prec 59,State Senate,14,Sarah Minear,REP,197
Monongalia,0082 Prec 59,State Senate,14,James Baughman,DEM,135
Monongalia,0082 Prec 59,House of Delegates,43,Chuck Mullet,REP,166
Monongalia,0082 Prec 59,House of Delegates,43,Susan Mayers,REP,138
Monongalia,0082 Prec 59,House of Delegates,43,Russ Snyder,REP,97
Monongalia,0082 Prec 59,House of Delegates,43,Donna Renner,DEM,150
Monongalia,0082 Prec 59,House of Delegates,43,James Manchin,DEM,156
Monongalia,0082 Prec 59,House of Delegates,43,Mike Caputo,DEM,181
Monongalia,0082 Prec 59,House of Delegates,44,Write-ins,,1
Monongalia,0083 Prec 33,Registered Voters,,Registered,,856
Monongalia,0083 Prec 33,Ballots Cast,,Ballots,,300
Monongalia,0083 Prec 33,U.S. Senate,,Jay Wolfe,REP,108
Monongalia,0083 Prec 33,U.S. Senate,,Jay Rockefeller,DEM,186
Monongalia,0083 Prec 33,U.S. Senate,,Write-ins,,
Monongalia,0083 Prec 33,U.S. House,1,Alan Mollohan,DEM,238
Monongalia,0083 Prec 33,U.S. House,1,Write-ins,,7
Monongalia,0083 Prec 33,State Senate,14,Sarah Minear,REP,167
Monongalia,0083 Prec 33,State Senate,14,James Baughman,DEM,103
Monongalia,0083 Prec 33,State Senate,14,Write-ins,,1
Monongalia,0083 Prec 33,House of Delegates,44,Frich,REP,160
Monongalia,0083 Prec 33,House of Delegates,44,O'Neill,REP,135
Monongalia,0083 Prec 33,House of Delegates,44,Conley,REP,76
Monongalia,0083 Prec 33,House of Delegates,44,Claypole,DEM,122
Monongalia,0083 Prec 33,House of Delegates,44,Fleischauer,DEM,148
Monongalia,0083 Prec 33,House of Delegates,44,Houston,DEM,176
Monongalia,0083 Prec 33,House of Delegates,44,Beach,DEM,171
Monongalia,0083 Prec 33,House of Delegates,44,Write-ins,,1
Monongalia,0084 Prec 34,Registered Voters,,Registered,,637
Monongalia,0084 Prec 34,Ballots Cast,,Ballots,,249
Monongalia,0084 Prec 34,U.S. Senate,,Jay Wolfe,REP,102
Monongalia,0084 Prec 34,U.S. Senate,,Jay Rockefeller,DEM,144
Monongalia,0084 Prec 34,U.S. House,1,Alan Mollohan,DEM,184
Monongalia,0084 Prec 34,U.S. House,1,Write-ins,,4
Monongalia,0084 Prec 34,State Senate,14,Sarah Minear,REP,125
Monongalia,0084 Prec 34,State Senate,14,James Baughman,DEM,105
Monongalia,0084 Prec 34,State Senate,14,Write-ins,,2
Monongalia,0084 Prec 34,House of Delegates,44,Cindy Frich,REP,130
Monongalia,0084 Prec 34,House of Delegates,44,Tom O'Neill,REP,108
Monongalia,0084 Prec 34,House of Delegates,44,Phil Conley,REP,68
Monongalia,0084 Prec 34,House of Delegates,44,Gene Claypole,DEM,129
Monongalia,0084 Prec 34,House of Delegates,44,Barbara Fleischauer,DEM,128
Monongalia,0084 Prec 34,House of Delegates,44,Nancy Houston,DEM,138
Monongalia,0084 Prec 34,House of Delegates,44,Bob Beach,DEM,143
Monongalia,0084 Prec 34,House of Delegates,44,Write-ins,,1
Monongalia,0085 Prec 37,Registered Voters,,Registered,,566
Monongalia,0085 Prec 37,Ballots Cast,,Ballots,,211
Monongalia,0085 Prec 37,U.S. Senate,,Jay Wolfe,REP,95
Monongalia,0085 Prec 37,U.S. Senate,,Jay Rockefeller,DEM,112
Monongalia,0085 Prec 37,U.S. Senate,,Write-ins,,1
Monongalia,0085 Prec 37,U.S. House,1,Alan Mollohan,DEM,154
Monongalia,0085 Prec 37,U.S. House,1,Write-ins,,5
Monongalia,0085 Prec 37,State Senate,14,Sarah Minear,REP,116
Monongalia,0085 Prec 37,State Senate,14,James Baughman,DEM,80
Monongalia,0085 Prec 37,State Senate,14,Write-ins,,1
Monongalia,0085 Prec 37,House of Delegates,44,Cindy Frich,REP,116
Monongalia,0085 Prec 37,House of Delegates,44,Tom O'Neill,REP,105
Monongalia,0085 Prec 37,House of Delegates,44,Phil Conley,REP,62
Monongalia,0085 Prec 37,House of Delegates,44,Gene Claypole,DEM,92
Monongalia,0085 Prec 37,House of Delegates,44,Barbara Fleischauer,DEM,107
Monongalia,0085 Prec 37,House of Delegates,44,Nancy Houston,DEM,113
Monongalia,0085 Prec 37,House of Delegates,44,Bob Beach,DEM,122
Monongalia,0085 Prec 37,House of Delegates,44,Write-ins,,2
Monongalia,0086 Prec 38A,Registered Voters,,Registered,,735
Monongalia,0086 Prec 38A,Ballots Cast,,Ballots,,349
Monongalia,0086 Prec 38A,U.S. Senate,,Jay Wolfe,REP,159
Monongalia,0086 Prec 38A,U.S. Senate,,Jay Rockefeller,DEM,183
Monongalia,0086 Prec 38A,U.S. Senate,,Write-ins,,1
Monongalia,0086 Prec 38A,U.S. House,1,Alan Mollohan,DEM,249
Monongalia,0086 Prec 38A,U.S. House,1,Write-ins,,5
Monongalia,0086 Prec 38A,State Senate,14,Toni Tampoya,REP,199
Monongalia,0086 Prec 38A,State Senate,14,Mike Oliviero,DEM,120
Monongalia,0086 Prec 38A,State Senate,14,Write-ins,,2
Monongalia,0086 Prec 38A,House of Delegates,44,Cindy Frich,REP,188
Monongalia,0086 Prec 38A,House of Delegates,44,Tom O'Neill,REP,172
Monongalia,0086 Prec 38A,House of Delegates,44,Phil Conley,REP,99
Monongalia,0086 Prec 38A,House of Delegates,44,Gene Claypole,DEM,166
Monongalia,0086 Prec 38A,House of Delegates,44,Barbara Fleischauer,DEM,155
Monongalia,0086 Prec 38A,House of Delegates,44,Nancy Houston,DEM,188
Monongalia,0086 Prec 38A,House of Delegates,44,Bob Beach,DEM,188
Monongalia,0087 Prec 38B,Registered Voters,,Registered,,641
Monongalia,0087 Prec 38B,Ballots Cast,,Ballots,,299
Monongalia,0087 Prec 38B,U.S. Senate,,Jay Wolfe,REP,107
Monongalia,0087 Prec 38B,U.S. Senate,,Jay Rockefeller,DEM,184
Monongalia,0087 Prec 38B,U.S. House,1,Alan Mollohan,DEM,221
Monongalia,0087 Prec 38B,U.S. House,1,Write-ins,,1
Monongalia,0087 Prec 38B,State Senate,14,Sarah Minear,REP,151
Monongalia,0087 Prec 38B,State Senate,14,James Baughman,DEM,124
Monongalia,0087 Prec 38B,House of Delegates,44,Cindy Frich,REP,155
Monongalia,0087 Prec 38B,House of Delegates,44,Tom O'Neill,REP,131
Monongalia,0087 Prec 38B,House of Delegates,44,Phil Conley,REP,59
Monongalia,0087 Prec 38B,House of Delegates,44,Gene Claypole,DEM,148
Monongalia,0087 Prec 38B,House of Delegates,44,Barbara Fleischauer,DEM,154
Monongalia,0087 Prec 38B,House of Delegates,44,Nancy Houston,DEM,182
Monongalia,0087 Prec 38B,House of Delegates,44,Bob Beach,DEM,187
Monongalia,0088 Prec 60,Registered Voters,,Registered,,517
Monongalia,0088 Prec 60,Ballots Cast,,Ballots,,208
Monongalia,0088 Prec 60,U.S. Senate,,Jay Wolfe,REP,74
Monongalia,0088 Prec 60,U.S. Senate,,Jay Rockefeller,DEM,130
Monongalia,0088 Prec 60,U.S. House,1,Alan Mollohan,DEM,159
Monongalia,0088 Prec 60,U.S. House,1,Write-ins,,5
Monongalia,0088 Prec 60,State Senate,14,Sarah Minear,REP,114
Monongalia,0088 Prec 60,State Senate,14,James Baughman,DEM,80
Monongalia,0088 Prec 60,State Senate,14,Write-ins,,1
Monongalia,0088 Prec 60,House of Delegates,44,Cindy Frich,REP,112
Monongalia,0088 Prec 60,House of Delegates,44,Tom O'Neill,REP,90
Monongalia,0088 Prec 60,House of Delegates,44,Phil Conley,REP,52
Monongalia,0088 Prec 60,House of Delegates,44,Gene Claypole,DEM,94
Monongalia,0088 Prec 60,House of Delegates,44,Barbara Fleischauer,DEM,102
Monongalia,0088 Prec 60,House of Delegates,44,Nancy Houston,DEM,124
Monongalia,0088 Prec 60,House of Delegates,44,Bob Beach,DEM,134
Monongalia,0088 Prec 60,House of Delegates,44,Write-ins,,2
Monongalia,0089 Prec 61A,Registered Voters,,Registered,,576
Monongalia,0089 Prec 61A,Ballots Cast,,Ballots,,274
Monongalia,0089 Prec 61A,U.S. Senate,,Jay Wolfe,REP,118
Monongalia,0089 Prec 61A,U.S. Senate,,Jay Rockefeller,DEM,150
Monongalia,0089 Prec 61A,U.S. House,1,Alan Mollohan,DEM,197
Monongalia,0089 Prec 61A,U.S. House,1,Write-ins,,9
Monongalia,0089 Prec 61A,State Senate,14,Sarah Minear,REP,159
Monongalia,0089 Prec 61A,State Senate,14,James Baughman,DEM,101
Monongalia,0089 Prec 61A,House of Delegates,44,Cindy Frich,REP,151
Monongalia,0089 Prec 61A,House of Delegates,44,Tom O'Neill,REP,130
Monongalia,0089 Prec 61A,House of Delegates,44,Phil Conley,REP,81
Monongalia,0089 Prec 61A,House of Delegates,44,Gene Claypole,DEM,107
Monongalia,0089 Prec 61A,House of Delegates,44,Barbara Fleischauer,DEM,125
Monongalia,0089 Prec 61A,House of Delegates,44,Nancy Houston,DEM,146
Monongalia,0089 Prec 61A,House of Delegates,44,Bob Beach,DEM,160
Monongalia,0089 Prec 61A,House of Delegates,44,Write-ins,,1
Monongalia,0090 Prec 61B,Registered Voters,,Registered,,505
Monongalia,0090 Prec 61B,Ballots Cast,,Ballots,,224
Monongalia,0090 Prec 61B,U.S. Senate,,Jay Wolfe,REP,86
Monongalia,0090 Prec 61B,U.S. Senate,,Jay Rockefeller,DEM,132
Monongalia,0090 Prec 61B,U.S. House,1,Alan Mollohan,DEM,165
Monongalia,0090 Prec 61B,U.S. House,1,Write-ins,,4
Monongalia,0090 Prec 61B,State Senate,14,Sarah Minear,REP,122
Monongalia,0090 Prec 61B,State Senate,14,James Baughman,DEM,86
Monongalia,0090 Prec 61B,House of Delegates,44,Cindy Frich,REP,124
Monongalia,0090 Prec 61B,House of Delegates,44,Tom O'Neill,REP,99
Monongalia,0090 Prec 61B,House of Delegates,44,Phil Conley,REP,61
Monongalia,0090 Prec 61B,House of Delegates,44,Gene Claypole,DEM,105
Monongalia,0090 Prec 61B,House of Delegates,44,Barbara Fleischauer,DEM,113
Monongalia,0090 Prec 61B,House of Delegates,44,Nancy Houston,DEM,123
Monongalia,0090 Prec 61B,House of Delegates,44,Bob Beach,DEM,124
Monongalia,0090 Prec 61B,House of Delegates,44,Write-ins,,2
Monongalia,0091 Prec 63,Registered Voters,,Registered,,386
Monongalia,0091 Prec 63,Ballots Cast,,Ballots,,139
Monongalia,0091 Prec 63,U.S. Senate,,Jay Wolfe,REP,54
Monongalia,0091 Prec 63,U.S. Senate,,Jay Rockefeller,DEM,82
Monongalia,0091 Prec 63,U.S. House,1,Alan Mollohan,DEM,107
Monongalia,0091 Prec 63,State Senate,14,Sarah Minear,REP,71
Monongalia,0091 Prec 63,State Senate,14,James Baughman,DEM,57
Monongalia,0091 Prec 63,House of Delegates,44,Cindy Frich,REP,70
Monongalia,0091 Prec 63,House of Delegates,44,Tom O'Neill,REP,64
Monongalia,0091 Prec 63,House of Delegates,44,Phil Conley,REP,43
Monongalia,0091 Prec 63,House of Delegates,44,Gene Claypole,DEM,55
Monongalia,0091 Prec 63,House of Delegates,44,Barbara Fleischauer,DEM,63
Monongalia,0091 Prec 63,House of Delegates,44,Nancy Houston,DEM,70
Monongalia,0091 Prec 63,House of Delegates,44,Bob Beach,DEM,80
Monongalia,0091 Prec 63,House of Delegates,44,Write-ins,,1
Monongalia,0092 Prec 85,Registered Voters,,Registered,,145
Monongalia,0092 Prec 85,Ballots Cast,,Ballots,,77
Monongalia,0092 Prec 85,U.S. Senate,,Jay Wolfe,REP,33
Monongalia,0092 Prec 85,U.S. Senate,,Jay Rockefeller,DEM,43
Monongalia,0092 Prec 85,U.S. House,1,Alan Mollohan,DEM,56
Monongalia,0092 Prec 85,State Senate,14,Sarah Minear,REP,42
Monongalia,0092 Prec 85,State Senate,14,James Baughman,DEM,24
Monongalia,0092 Prec 85,House of Delegates,44,Cindy Frich,REP,36
Monongalia,0092 Prec 85,House of Delegates,44,Tom O'Neill,REP,38
Monongalia,0092 Prec 85,House of Delegates,44,Phil Conley,REP,18
Monongalia,0092 Prec 85,House of Delegates,44,Gene Claypole,DEM,32
Monongalia,0092 Prec 85,House of Delegates,44,Barbara Fleischauer,DEM,41
Monongalia,0092 Prec 85,House of Delegates,44,Nancy Houston,DEM,40
Monongalia,0092 Prec 85,House of Delegates,44,Bob Beach,DEM,51
Monongalia,,Registered Voters,,Registered,,46851
Monongalia,,Ballots Cast,,Ballots,,17131
Monongalia,,U.S. Senate,,Jay Wolfe,REP,5952
Monongalia,,U.S. Senate,,Jay Rockefeller,DEM,10787
Monongalia,,U.S. Senate,,Write-ins,,27
Monongalia,,U.S. House,1,Alan Mollohan,DEM,12792
Monongalia,,U.S. House,1,Write-ins,,220
Monongalia,,State Senate,2,Larry Edgell,DEM,1044
Monongalia,,State Senate,2,Write-ins,,17
Monongalia,,State Senate,13,Mike Oliviero,DEM,9703
Monongalia,,State Senate,13,Toni Tampoya,REP,2369
Monongalia,,State Senate,13,Write-ins,,25
Monongalia,,State Senate,14,Sarah Minear,REP,1683
Monongalia,,State Senate,14,James Baughman,DEM,1137
Monongalia,,State Senate,14,Write-ins,,7
Monongalia,,House of Delegates,44,Cindy Frich,REP,7782
Monongalia,,House of Delegates,44,Tom O'Neill,REP,6652
Monongalia,,House of Delegates,44,Phil Conley,REP,3685
Monongalia,,House of Delegates,44,Gene Claypole,DEM,7192
Monongalia,,House of Delegates,44,Barbara Fleischauer,DEM,8210
Monongalia,,House of Delegates,44,Nancy Houston,DEM,9128
Monongalia,,House of Delegates,44,Bob Beach,DEM,9261
Monongalia,,House of Delegates,44,Write-ins,,76
Monongalia,,House of Delegates,5,Dave Pethtel,DEM,225
Monongalia,,House of Delegates,5,Denzil Sloan,CON,11
Monongalia,,House of Delegates,5,Write-ins,,1
Monongalia,,House of Delegates,42,Tom Coleman,DEM,188
Monongalia,,House of Delegates,42,Paul Elder,REP,171
Monongalia,,House of Delegates,42,Write-ins,,1
Monongalia,,House of Delegates,43,Mike Caputo,DEM,434
Monongalia,,House of Delegates,43,James Manchin,DEM,369
Monongalia,,House of Delegates,43,Donna Renner,DEM,343
Monongalia,,House of Delegates,43,Chuck Mullet,REP,272
Monongalia,,House of Delegates,43,Susan Mayers,REP,217
Monongalia,,House of Delegates,43,Russ Snyder,REP,160
Monongalia,,House of Delegates,43,Write-ins,,1